/*
Navicat MySQL Data Transfer

Source Server         : 127.0.0.1
Source Server Version : 50556
Source Host           : localhost:3306
Source Database       : shrekdata

Target Server Type    : MYSQL
Target Server Version : 50556
File Encoding         : 65001

Date: 2019-06-20 10:13:57
*/

SET FOREIGN_KEY_CHECKS=0;

-- ----------------------------
-- Table structure for act_evt_log
-- ----------------------------
DROP TABLE IF EXISTS `act_evt_log`;
CREATE TABLE `act_evt_log` (
  `LOG_NR_` bigint(20) NOT NULL AUTO_INCREMENT,
  `TYPE_` varchar(64) COLLATE utf8_bin DEFAULT NULL,
  `PROC_DEF_ID_` varchar(64) COLLATE utf8_bin DEFAULT NULL,
  `PROC_INST_ID_` varchar(64) COLLATE utf8_bin DEFAULT NULL,
  `EXECUTION_ID_` varchar(64) COLLATE utf8_bin DEFAULT NULL,
  `TASK_ID_` varchar(64) COLLATE utf8_bin DEFAULT NULL,
  `TIME_STAMP_` timestamp NOT NULL DEFAULT CURRENT_TIMESTAMP ON UPDATE CURRENT_TIMESTAMP,
  `USER_ID_` varchar(255) COLLATE utf8_bin DEFAULT NULL,
  `DATA_` longblob,
  `LOCK_OWNER_` varchar(255) COLLATE utf8_bin DEFAULT NULL,
  `LOCK_TIME_` timestamp NULL DEFAULT NULL,
  `IS_PROCESSED_` tinyint(4) DEFAULT '0',
  PRIMARY KEY (`LOG_NR_`)
) ENGINE=InnoDB DEFAULT CHARSET=utf8 COLLATE=utf8_bin;

-- ----------------------------
-- Records of act_evt_log
-- ----------------------------

-- ----------------------------
-- Table structure for act_ge_bytearray
-- ----------------------------
DROP TABLE IF EXISTS `act_ge_bytearray`;
CREATE TABLE `act_ge_bytearray` (
  `ID_` varchar(64) COLLATE utf8_bin NOT NULL DEFAULT '',
  `REV_` int(11) DEFAULT NULL,
  `NAME_` varchar(255) COLLATE utf8_bin DEFAULT NULL,
  `DEPLOYMENT_ID_` varchar(64) COLLATE utf8_bin DEFAULT NULL,
  `BYTES_` longblob,
  `GENERATED_` tinyint(4) DEFAULT NULL,
  PRIMARY KEY (`ID_`),
  KEY `ACT_FK_BYTEARR_DEPL` (`DEPLOYMENT_ID_`),
  CONSTRAINT `ACT_FK_BYTEARR_DEPL` FOREIGN KEY (`DEPLOYMENT_ID_`) REFERENCES `act_re_deployment` (`ID_`)
) ENGINE=InnoDB DEFAULT CHARSET=utf8 COLLATE=utf8_bin;

-- ----------------------------
-- Records of act_ge_bytearray
-- ----------------------------
INSERT INTO `act_ge_bytearray` VALUES ('12502', '1', 'LeaveBill.bpmn20.xml', '12501', 0x3C3F786D6C2076657273696F6E3D22312E302220656E636F64696E673D225554462D38223F3E0A3C646566696E6974696F6E7320786D6C6E733D22687474703A2F2F7777772E6F6D672E6F72672F737065632F42504D4E2F32303130303532342F4D4F44454C2220786D6C6E733A7873693D22687474703A2F2F7777772E77332E6F72672F323030312F584D4C536368656D612D696E7374616E63652220786D6C6E733A7873643D22687474703A2F2F7777772E77332E6F72672F323030312F584D4C536368656D612220786D6C6E733A61637469766974693D22687474703A2F2F61637469766974692E6F72672F62706D6E2220786D6C6E733A62706D6E64693D22687474703A2F2F7777772E6F6D672E6F72672F737065632F42504D4E2F32303130303532342F44492220786D6C6E733A6F6D6764633D22687474703A2F2F7777772E6F6D672E6F72672F737065632F44442F32303130303532342F44432220786D6C6E733A6F6D6764693D22687474703A2F2F7777772E6F6D672E6F72672F737065632F44442F32303130303532342F44492220747970654C616E67756167653D22687474703A2F2F7777772E77332E6F72672F323030312F584D4C536368656D61222065787072657373696F6E4C616E67756167653D22687474703A2F2F7777772E77332E6F72672F313939392F585061746822207461726765744E616D6573706163653D22687474703A2F2F7777772E61637469766974692E6F72672F70726F63657373646566223E0A20203C70726F636573732069643D224C6561766542696C6C22206E616D653D224C6561766542696C6C2220697345786563757461626C653D2274727565223E0A202020203C646F63756D656E746174696F6E3EE5AE9AE4B989E8AFB7E58187E79A84E6B581E7A88B3C2F646F63756D656E746174696F6E3E0A202020203C73746172744576656E742069643D227369642D46373341344241362D303346442D343738352D393538452D32314232363745443238314622206E616D653D22E5BC80E5A78B223E3C2F73746172744576656E743E0A202020203C757365725461736B2069643D227369642D36323445384636412D393936312D344337342D383633362D34414546393146424542363922206E616D653D22E8AFB7E58187E794B3E8AFB7223E0A2020202020203C657874656E73696F6E456C656D656E74733E0A20202020202020203C61637469766974693A7461736B4C697374656E6572206576656E743D226372656174652220636C6173733D22636F6D2E736872656B2E6578616D706C652E6C697374656E65722E4C6561766550726F636573735461736B4C697374656E6572223E3C2F61637469766974693A7461736B4C697374656E65723E0A2020202020203C2F657874656E73696F6E456C656D656E74733E0A202020203C2F757365725461736B3E0A202020203C73657175656E6365466C6F772069643D227369642D32344137424134442D443337382D344345372D423037332D4633453939344441373934342220736F757263655265663D227369642D46373341344241362D303346442D343738352D393538452D32314232363745443238314622207461726765745265663D227369642D36323445384636412D393936312D344337342D383633362D344145463931464245423639223E3C2F73657175656E6365466C6F773E0A202020203C757365725461736B2069643D227369642D45394639344243452D323241452D343537462D394138322D37393134354236374143363422206E616D653D22E983A8E997A8E9A286E5AFBCE794B3E8AFB7223E3C2F757365725461736B3E0A202020203C73657175656E6365466C6F772069643D227369642D31443244453735372D363631422D343142382D414331442D4231414239344431313243392220736F757263655265663D227369642D36323445384636412D393936312D344337342D383633362D34414546393146424542363922207461726765745265663D227369642D45394639344243452D323241452D343537462D394138322D373931343542363741433634223E3C2F73657175656E6365466C6F773E0A202020203C757365725461736B2069643D227369642D36373533373245342D363046312D344336442D394436362D33323445374438424642343222206E616D653D22E58886E7AEA1E9A286E5AFBCE794B3E8AFB7223E3C2F757365725461736B3E0A202020203C73657175656E6365466C6F772069643D227369642D45453841344531462D424245452D343631382D383432442D4230323841324335334134352220736F757263655265663D227369642D45394639344243452D323241452D343537462D394138322D37393134354236374143363422207461726765745265663D227369642D36373533373245342D363046312D344336442D394436362D333234453744384246423432223E3C2F73657175656E6365466C6F773E0A202020203C757365725461736B2069643D227369642D38433444443937352D373732442D343739432D413030332D35363436443842334439314322206E616D653D22E4BABAE4BA8BE5A487E6A188223E3C2F757365725461736B3E0A202020203C73657175656E6365466C6F772069643D227369642D37363430333936322D383830422D344631322D413238312D4633463845324241374138322220736F757263655265663D227369642D36373533373245342D363046312D344336442D394436362D33323445374438424642343222207461726765745265663D227369642D38433444443937352D373732442D343739432D413030332D353634364438423344393143223E3C2F73657175656E6365466C6F773E0A202020203C656E644576656E742069643D227369642D30334442363436342D383738422D344137332D424130412D33463941363536454634363222206E616D653D22E7BB93E69D9F223E3C2F656E644576656E743E0A202020203C73657175656E6365466C6F772069643D227369642D35433432304342362D383831342D343339422D394645312D3245463333374434373839312220736F757263655265663D227369642D38433444443937352D373732442D343739432D413030332D35363436443842334439314322207461726765745265663D227369642D30334442363436342D383738422D344137332D424130412D334639413635364546343632223E3C2F73657175656E6365466C6F773E0A20203C2F70726F636573733E0A20203C62706D6E64693A42504D4E4469616772616D2069643D2242504D4E4469616772616D5F4C6561766542696C6C223E0A202020203C62706D6E64693A42504D4E506C616E652062706D6E456C656D656E743D224C6561766542696C6C222069643D2242504D4E506C616E655F4C6561766542696C6C223E0A2020202020203C62706D6E64693A42504D4E53686170652062706D6E456C656D656E743D227369642D46373341344241362D303346442D343738352D393538452D323142323637454432383146222069643D2242504D4E53686170655F7369642D46373341344241362D303346442D343738352D393538452D323142323637454432383146223E0A20202020202020203C6F6D6764633A426F756E6473206865696768743D2233302E30222077696474683D2233302E302220783D2237352E302220793D2239302E30223E3C2F6F6D6764633A426F756E64733E0A2020202020203C2F62706D6E64693A42504D4E53686170653E0A2020202020203C62706D6E64693A42504D4E53686170652062706D6E456C656D656E743D227369642D36323445384636412D393936312D344337342D383633362D344145463931464245423639222069643D2242504D4E53686170655F7369642D36323445384636412D393936312D344337342D383633362D344145463931464245423639223E0A20202020202020203C6F6D6764633A426F756E6473206865696768743D2238302E30222077696474683D223130302E302220783D223136352E302220793D2236302E30223E3C2F6F6D6764633A426F756E64733E0A2020202020203C2F62706D6E64693A42504D4E53686170653E0A2020202020203C62706D6E64693A42504D4E53686170652062706D6E456C656D656E743D227369642D45394639344243452D323241452D343537462D394138322D373931343542363741433634222069643D2242504D4E53686170655F7369642D45394639344243452D323241452D343537462D394138322D373931343542363741433634223E0A20202020202020203C6F6D6764633A426F756E6473206865696768743D2238302E30222077696474683D223130302E302220783D223331352E302220793D2236352E30223E3C2F6F6D6764633A426F756E64733E0A2020202020203C2F62706D6E64693A42504D4E53686170653E0A2020202020203C62706D6E64693A42504D4E53686170652062706D6E456C656D656E743D227369642D36373533373245342D363046312D344336442D394436362D333234453744384246423432222069643D2242504D4E53686170655F7369642D36373533373245342D363046312D344336442D394436362D333234453744384246423432223E0A20202020202020203C6F6D6764633A426F756E6473206865696768743D2238302E30222077696474683D223130302E302220783D223436302E302220793D2236352E30223E3C2F6F6D6764633A426F756E64733E0A2020202020203C2F62706D6E64693A42504D4E53686170653E0A2020202020203C62706D6E64693A42504D4E53686170652062706D6E456C656D656E743D227369642D38433444443937352D373732442D343739432D413030332D353634364438423344393143222069643D2242504D4E53686170655F7369642D38433444443937352D373732442D343739432D413030332D353634364438423344393143223E0A20202020202020203C6F6D6764633A426F756E6473206865696768743D2238302E30222077696474683D223130302E302220783D223630352E302220793D2236352E30223E3C2F6F6D6764633A426F756E64733E0A2020202020203C2F62706D6E64693A42504D4E53686170653E0A2020202020203C62706D6E64693A42504D4E53686170652062706D6E456C656D656E743D227369642D30334442363436342D383738422D344137332D424130412D334639413635364546343632222069643D2242504D4E53686170655F7369642D30334442363436342D383738422D344137332D424130412D334639413635364546343632223E0A20202020202020203C6F6D6764633A426F756E6473206865696768743D2232382E30222077696474683D2232382E302220783D223735302E302220793D2239312E30223E3C2F6F6D6764633A426F756E64733E0A2020202020203C2F62706D6E64693A42504D4E53686170653E0A2020202020203C62706D6E64693A42504D4E456467652062706D6E456C656D656E743D227369642D35433432304342362D383831342D343339422D394645312D324546333337443437383931222069643D2242504D4E456467655F7369642D35433432304342362D383831342D343339422D394645312D324546333337443437383931223E0A20202020202020203C6F6D6764693A776179706F696E7420783D223730352E302220793D223130352E30223E3C2F6F6D6764693A776179706F696E743E0A20202020202020203C6F6D6764693A776179706F696E7420783D223735302E302220793D223130352E30223E3C2F6F6D6764693A776179706F696E743E0A2020202020203C2F62706D6E64693A42504D4E456467653E0A2020202020203C62706D6E64693A42504D4E456467652062706D6E456C656D656E743D227369642D32344137424134442D443337382D344345372D423037332D463345393934444137393434222069643D2242504D4E456467655F7369642D32344137424134442D443337382D344345372D423037332D463345393934444137393434223E0A20202020202020203C6F6D6764693A776179706F696E7420783D223130352E302220793D223130352E30223E3C2F6F6D6764693A776179706F696E743E0A20202020202020203C6F6D6764693A776179706F696E7420783D223133352E302220793D223130352E30223E3C2F6F6D6764693A776179706F696E743E0A20202020202020203C6F6D6764693A776179706F696E7420783D223133352E302220793D223130302E30223E3C2F6F6D6764693A776179706F696E743E0A20202020202020203C6F6D6764693A776179706F696E7420783D223136352E302220793D223130302E30223E3C2F6F6D6764693A776179706F696E743E0A2020202020203C2F62706D6E64693A42504D4E456467653E0A2020202020203C62706D6E64693A42504D4E456467652062706D6E456C656D656E743D227369642D31443244453735372D363631422D343142382D414331442D423141423934443131324339222069643D2242504D4E456467655F7369642D31443244453735372D363631422D343142382D414331442D423141423934443131324339223E0A20202020202020203C6F6D6764693A776179706F696E7420783D223236352E302220793D223130302E30223E3C2F6F6D6764693A776179706F696E743E0A20202020202020203C6F6D6764693A776179706F696E7420783D223239302E302220793D223130302E30223E3C2F6F6D6764693A776179706F696E743E0A20202020202020203C6F6D6764693A776179706F696E7420783D223239302E302220793D223130352E30223E3C2F6F6D6764693A776179706F696E743E0A20202020202020203C6F6D6764693A776179706F696E7420783D223331352E302220793D223130352E30223E3C2F6F6D6764693A776179706F696E743E0A2020202020203C2F62706D6E64693A42504D4E456467653E0A2020202020203C62706D6E64693A42504D4E456467652062706D6E456C656D656E743D227369642D45453841344531462D424245452D343631382D383432442D423032384132433533413435222069643D2242504D4E456467655F7369642D45453841344531462D424245452D343631382D383432442D423032384132433533413435223E0A20202020202020203C6F6D6764693A776179706F696E7420783D223431352E302220793D223130352E30223E3C2F6F6D6764693A776179706F696E743E0A20202020202020203C6F6D6764693A776179706F696E7420783D223436302E302220793D223130352E30223E3C2F6F6D6764693A776179706F696E743E0A2020202020203C2F62706D6E64693A42504D4E456467653E0A2020202020203C62706D6E64693A42504D4E456467652062706D6E456C656D656E743D227369642D37363430333936322D383830422D344631322D413238312D463346384532424137413832222069643D2242504D4E456467655F7369642D37363430333936322D383830422D344631322D413238312D463346384532424137413832223E0A20202020202020203C6F6D6764693A776179706F696E7420783D223536302E302220793D223130352E30223E3C2F6F6D6764693A776179706F696E743E0A20202020202020203C6F6D6764693A776179706F696E7420783D223630352E302220793D223130352E30223E3C2F6F6D6764693A776179706F696E743E0A2020202020203C2F62706D6E64693A42504D4E456467653E0A202020203C2F62706D6E64693A42504D4E506C616E653E0A20203C2F62706D6E64693A42504D4E4469616772616D3E0A3C2F646566696E6974696F6E733E, '0');
INSERT INTO `act_ge_bytearray` VALUES ('12503', '1', 'LeaveBill.LeaveBill.png', '12501', 0x89504E470D0A1A0A0000000D49484452000003140000009B0806000000FB8DDD0100000E034944415478DAEDDDED6F95E51D07F0BEF0857FC45E906CC9FC13F6622FFC034CB61792627B94A692561D201649C89494A0C4A231246CC9624262305DBA8418641D13E883E5D1660C029D84081BA2505ACB5845A4875AE4DE75351C72EC03B6A7E7A9F7F97C925F909E02E69C2FBFFBFA71DFD77DD7D501000000000000000000000000000000000000000000000000000000000000000000000000000000000000000000000000000000000000000000000000000000000000000000000000000000000000000000000000000000000000000000000000000000000000000000000000000000000000000000000000000000000000000000000000000000000000000000000000000000000000000000000000000000000000000000000000000000000000000000000000000000A99324C963972F5FDE3B3838F8435F5F5FD2D3D3A3CA5CBDBDBDC9D1A347FF1B2A239100002C2B71983876EC58323636964C4E4EAA0AD58D1B379223478EDC0AC3C5D3520900C0B211CF4C1826AA66A898ECE9E9B9209500002C1BF132278BF9EAA930504C49250000CB46BC86DF42BEAA068A442A010048DD40F1DD3723C9E553EF27E77BB74D57FCEFF835438081622E36FBDBEC2F43322443CA4D47C040F1B06E8F0F279F1DDA929C3BB0E94715BF165F3308182866B2D9DF667F19922119526E3A02068A8775F5FC5F670D13B9BA76BE5BC33450CC62B3BFCDFE32244332A4DC74040C140FEBC2273BE61D28E26B9AA58162269BFD6DF69721199221E5A62360A078589FF56C9D77A088AF6994068A4272A5E44A8664488664083050182834DC251DC86DF6972B199221199221A006167EB1C1CE3750C4D7344A0DB7905CD9EC2F57322443322443408D2CFC2E9DF8E3BC03457C4DA3D4700BC995CDFE7225433224433204D4C8C2EFE6F050F2D9E1F6D9FF8213BE165FD32835DC427265B3BF5CC9900CC9900C0135B2F08BF5C53F3F98D56CE3D734490DB7D05CD99B235732244332244340AD0C1477EF26974EFE69F6E54EE16BF1358D52C37520972B1992211952060A3050CCBB61EDE2893FCCDB70E36B36AE69B8851CC86DF6972B19922119922120CD0BBFBB7793914BFDC9BF0EFE7EDE669BABF83DF17B9DADD070177320B7D95FAE64488664488680942EFC7EEAAC84B3151A6E310EE436FBCB950CC9900CC91090D285DF42CE4A3CEA6C85C6A9E1DAEC2F5732244332A40C1450C30345A1C344AE344E0DD7667FB9922119922165A0801A1E2894865BEA5CD9EC2F5732244332244380814269B88BCF95CDFE7225433224433204182894865B48AE6CF6972B199221199221C040A134DC827365B3BF5CC9900CC9900C01060AA5E1169C2B9BFDE54A8664488664083050280D57AEE44A86644886948102D070355CB9922B195232A46408D070355CB95216834A86644886000D571928945CC9900CC9900C41052449F2F8D0D050EB9E3D7B8E747474DC5ABF7EFD54535353B26AD5AA2493C9DC7FF1C517275F7BEDB5CB3B76ECE80CF54BEF9886ABE1CA955CC99092212543C5D2D8D8F8B3FAFAFAB561EDB937D4A550B7E33A345436D417E1B57DE1C757E3F7597556E120F1E1871F7EF0C61B6F4C6DD8B02179EFBDF792C1C1C164787838C966B349147F1C1B1B4B4E9F3E9D84812379F9E597EFBFF2CA2B575A5A5AD67807355C0D57AEE44A86940C29192AD433CF3CF3DB503DA1261F0C100BA94FC2F767AC3EAB40181C9ADF7CF3CDBB9B366D9A1E16EEDDBB972CD4D9B36793CD9B37DF6B6D6DBDB072E5CA5F7837355C0D57AEE44A86940C29195AA83014AC0843C1C1450C1173D531EBD0CA9D95786CFFFEFDFD2FBCF042D2DDDDBDA84162A683070F26CDCDCD13CE5668B81AAE5CC9950C29195232B410F5F5F5AB1A1A1AFE973F1C343636266FBDF556D2DFDF9F7CF5D557C9B7DF7E3BBDD6BC73E7CEF49533274E9C4876EEDC993CFBECB333878ADBCE56546098181818F8C7BA75EB928B172F26C570E5CA95240C27136BD6ACF99D8142A3D370E54AAE6448C99092A1470C134F8501E05EFE20D1D9D9397D79FD428C8F8F4F7F7FFC75F98345F83D5D8A5F2EF1CC441C2616FAA12D54FCFD5A5A5A5239213EB8AEEFD71AAE86EB40AE2C06950C29195ADA9989FC61A2ADAD6DFA6C4421E2AF8B97EDCF182A9CA928B5B867225EE654AC3313739DA978EEB9E7C6C387F9449ADEB7BC90F684BF08BFD270355C0772B9922125434A8616BD9E5A917F99537B7BFBC3CB9A0A152F87DABE7DFBCCCB9F52B50EADB64B9D1EDFB66DDB64DC33514A070E1C98686C6CFC348D03455E7D3CD7190B0D57C37520972B195232A464686E6198E8CD3F33B1D461227FA89871A6E298957F89ECDBB7EFCFF1CDFEFEFBEF93527BE9A59746D374CA69BE3B0BCCBC144AC3D5701DC8E54A86940C29199A2DDE1A367FCF44A197393DEAF2A7FC3D152E7D2AD1D989F89C89786BD8723877EEDC649ACE522CE096651FC74BA1345C0DD7815CAE6448C99092A139078A9EDCBA296EA82E85AEAE2E67294A293E013B6EC45ECAED6117ABB9B979345E2B57A50340494AC3ADAE2AD7E7BE94E66AB3BF03F9520FD0322443322443D59EA1F864EBDC46EC7816E1E6CD9B25597BC6BB3FCDB8A5EC0A534011EDD9B3E7C8EEDDBB9372DAB973E7D9F878F44A0D14651A504EC55B9F3DF9E4938F69B8B5D9709792359BFDE5AA58BD498664488664A89A3314BEBE36F77D6FBFFD76A9D79FF9EBB457EB289E8E8E8E5B838383651D284E9E3C79257C90DD291D287E3448546BC38D57BBCD55E57ADD40B1E85CD9ECEF402E433224432A75190A5FDB9B7B7D6060A0A4EBCFF8F0BBBCFF97EE3A8A67FDFAF553232323651D28464747C7C20779356503C5A77153D1CC41A29A078A477DADD4AF1B280A3BF365B3BF03B90CC9900CA9346528FCFC52EEEBC5DE8C3D537CA276DEFFC7D53A8AA7A9A929C966B3651D28E29F173EC86C4A068A39CF4818280C14A518286CF67720972119922195A60C859AC8FDBC58B78A7DD42D64F3FEEC6C1DC5FDB02BA1529BA38B3D502C9481A236070A9BFD6DF6AFF6922119922119AA962AF7FAD3145044AB57AFBE5FEE3314131313A3B536191A286A6FA028D13062B3BF7F199421199221959A0CC5A7573B439102EBD6AD9B2CF71E8AEBD7AF7F5E6BD7AE19280C144B6CC255B1D9BFAEC29BF9EBAAFC6600557E209721194A4586DC74245D19B2872225B66CD972A9DC77793A74E8D0DF6B6D77BD81C240516013AEAACDFE95CE4DB5E7AE4A0FE4322443A9CA90E35BBA32E42E4F29F1CE3BEFEC2EF77328DADBDB0FD4DAFD7FFD0B8E7FC1596413AECACDFE1683CBEA402E433294CA0C1928D29521CFA14889D75F7FFDE76BD7AEFDA18C4FCACE363434FCA7D69E50E81A53D798A621571683E9CB950CC99033F0068A4A8A4FCA0E6BC2A9723C293B93C9DCF7A4EC126A6B6BFBF7E9D3A7CB75B95367F8108FD5DA7B6CA03050580C5A0CCA900CC990814286668BCFA5C82DF43B3B3B4BB2FEECEAEACA3F3B5173EBD0B278FEF9E7576EDCB871AA0C6729C61B1A1ACE84E0640C144AC3B518B418942119922103850CC5FD15B9C57E3C4B51ECCDD9F1F70BEBCFFB790FD6ABB97568D9B4B6B60E75777797749A88FB35E254F853D7631A2894866B3168312843322443068ADA39BE85F5E127B9057F5B5B5BD16E211B6F15BB71E3C67BF967276A711D5ACE0F72457373F3C4C58B174B324C0C0D0DED0F7FC648980A9FA8C5F7D74061A048CB62B0CE2D3F2D06654886AA7CA0A873D39165B90E0D7523B7F06F6F6F5FF250118789EDDBB7E7EF9BB85DABEBD0B2CA64328DADADAD77C6C6C68A3A4C5CBB76ED784343C397B57C8AC94061A0902BB9922125434A86E6575F5FBF2AB7413B77A6A2D0CB9FE2AF9B7166C2A54EE5D4D8D8D8DCD2D272BB58672AE29989384C84906CAEE5F755C3D570E54AAE6448C99092A19F3C53D1943F54C43D1571A376BC4BD342EFE6143760E7EF998855EBEBD08A4D88994CE6D6471F7DF4DD12366A8FBFFBEEBBEFC7CB9C62386AFD3DD570355CB9922B195232A4646861EBD050E3F903411C2CE2732AE2C3EFE2D987DCE550F1B2A6F804ECF8D0BA5DBB7625AB57AFFE61C6D3B96F5B875676425C11A6BBBED6D6D6D13367CE4C2CE63913870F1FEE0A03C9A9B8F1C5B56A1AAE862B577225434A86940C2D761D9A7F3BD902CB3AB48A3ED0A7E360D1D4D434D6D1D171FEF8F1E35F864970249BCD4E4F0F131313A3D7AF5FFFBCB7B7F76F5BB76EFD384C9097E30718A741BBE8355C0D57AEE44A86940C29195ACA3AF4C16031B59841C23AB44AC52719860F7443F880F686FA2254F6C187167FBC1AAA3B3EC6DC9307355C0D57AEE44A86940C2919B20E050D57C3952B6531A86448866408D070958142C9950CC9900CC91060E1A7345CB9922B1992211952060A3050280D57AEE44A86940C291902345C0D57AE94C5A0922119922140C3D570E54A590CFAEC6448866408D070958142C9950CC9900C290305182894862B57722543322443CAF10DD070355CB9922B195232A46408D070355CB95216834A86644886000D571928945CC9900CC9900C01167E4AC3952BB9922119922165A0000385D270E54AAE6448C990922140C3D570E54A590C2A1992211902345C0D57AE94C5A0922119922140C355060A2557322443322443060A48ADBEBE3E8DAE7A2A1B1AEE9481423990CB900CC9900C01CBC6D1A34747C6C6C634BB2AA8E1E1E1BF84867BC140A11CC86548866448868065A3BFBFFF37030303DF7CFDF5D7131A5EE5CE4CC461A2B7B7F7CB504F1B289403B90CC9900CC910B0AC8445EC53E12FFAA978B94DFC0BAFCA5EF17DBF909661C281DC815C866448869481020007720772195232A40C14005486CDFE36FBCB900CC9904AE34D470028139BFD6DF6972119922195C69B8E00502636FBDBEC2F433224432A8D371D01A08C6CF6B7D95F8664488664286D371D010000000000000000000000000000000000000000000000000000808AFB3F0406977761C11A770000000049454E44AE426082, '1');
INSERT INTO `act_ge_bytearray` VALUES ('2', '3', 'source', null, 0x7B227265736F757263654964223A2231222C2270726F70657274696573223A7B2270726F636573735F6964223A2270726F63657373222C226E616D65223A22222C22646F63756D656E746174696F6E223A22222C2270726F636573735F617574686F72223A22222C2270726F636573735F76657273696F6E223A22222C2270726F636573735F6E616D657370616365223A22687474703A2F2F7777772E61637469766974692E6F72672F70726F63657373646566222C22657865637574696F6E6C697374656E657273223A22222C226576656E746C697374656E657273223A22222C227369676E616C646566696E6974696F6E73223A22222C226D657373616765646566696E6974696F6E73223A22227D2C227374656E63696C223A7B226964223A2242504D4E4469616772616D227D2C226368696C64536861706573223A5B7B227265736F757263654964223A227369642D46363339303730352D393335372D343845422D384431362D443935373539383232413436222C2270726F70657274696573223A7B226F766572726964656964223A22222C226E616D65223A22222C22646F63756D656E746174696F6E223A22222C22657865637574696F6E6C697374656E657273223A22222C22696E69746961746F72223A22222C22666F726D6B6579646566696E6974696F6E223A22222C22666F726D70726F70657274696573223A22227D2C227374656E63696C223A7B226964223A2253746172744E6F6E654576656E74227D2C226368696C64536861706573223A5B5D2C226F7574676F696E67223A5B7B227265736F757263654964223A227369642D37344636373031302D384339452D343538462D414446332D454346374532424334363037227D5D2C22626F756E6473223A7B226C6F7765725269676874223A7B2278223A3133322E33353837373534383230393132332C2279223A37362E30323331343130383535323836397D2C2275707065724C656674223A7B2278223A3130322E33353837373534383230393132332C2279223A34362E30323331343130383535323836397D7D2C22646F636B657273223A5B5D7D2C7B227265736F757263654964223A227369642D30333337304639372D443936372D343045412D394443382D333644313037324132424634222C2270726F70657274696573223A7B226F766572726964656964223A22222C226E616D65223A22E6B58BE8AF95222C22646F63756D656E746174696F6E223A22222C226173796E6368726F6E6F7573646566696E6974696F6E223A2266616C7365222C226578636C7573697665646566696E6974696F6E223A2266616C7365222C22657865637574696F6E6C697374656E657273223A22222C226D756C7469696E7374616E63655F74797065223A224E6F6E65222C226D756C7469696E7374616E63655F63617264696E616C697479223A22222C226D756C7469696E7374616E63655F636F6C6C656374696F6E223A22222C226D756C7469696E7374616E63655F7661726961626C65223A22222C226D756C7469696E7374616E63655F636F6E646974696F6E223A22222C226973666F72636F6D70656E736174696F6E223A2266616C7365222C22757365727461736B61737369676E6D656E74223A22222C22666F726D6B6579646566696E6974696F6E223A22222C2264756564617465646566696E6974696F6E223A22222C227072696F72697479646566696E6974696F6E223A22222C22666F726D70726F70657274696573223A22222C227461736B6C697374656E657273223A22227D2C227374656E63696C223A7B226964223A22557365725461736B227D2C226368696C64536861706573223A5B5D2C226F7574676F696E67223A5B7B227265736F757263654964223A227369642D31374642433144322D373941462D344341392D393937342D433737334642364630303043227D5D2C22626F756E6473223A7B226C6F7765725269676874223A7B2278223A3237372E33353837373534383230393132332C2279223A3130312E30323331343130383535323836397D2C2275707065724C656674223A7B2278223A3137372E33353837373534383230393132332C2279223A32312E3032333134313038353532383639327D7D2C22646F636B657273223A5B5D7D2C7B227265736F757263654964223A227369642D37344636373031302D384339452D343538462D414446332D454346374532424334363037222C2270726F70657274696573223A7B226F766572726964656964223A22222C226E616D65223A22222C22646F63756D656E746174696F6E223A22222C22636F6E646974696F6E73657175656E6365666C6F77223A22222C22657865637574696F6E6C697374656E657273223A22222C2264656661756C74666C6F77223A2266616C7365227D2C227374656E63696C223A7B226964223A2253657175656E6365466C6F77227D2C226368696C64536861706573223A5B5D2C226F7574676F696E67223A5B7B227265736F757263654964223A227369642D30333337304639372D443936372D343045412D394443382D333644313037324132424634227D5D2C22626F756E6473223A7B226C6F7765725269676874223A7B2278223A3137362E35313530323534383230393132332C2279223A36312E30323331343130383535323836397D2C2275707065724C656674223A7B2278223A3133322E39363831353034383230393132332C2279223A36312E30323331343130383535323836397D7D2C22646F636B657273223A5B7B2278223A31352C2279223A31357D2C7B2278223A35302C2279223A34307D5D2C22746172676574223A7B227265736F757263654964223A227369642D30333337304639372D443936372D343045412D394443382D333644313037324132424634227D7D2C7B227265736F757263654964223A227369642D45454236443630362D433137312D343134352D393038302D304543433342324643414434222C2270726F70657274696573223A7B226F766572726964656964223A22222C226E616D65223A22E6B58BE8AF9532333233222C22646F63756D656E746174696F6E223A22222C226173796E6368726F6E6F7573646566696E6974696F6E223A2266616C7365222C226578636C7573697665646566696E6974696F6E223A2266616C7365222C22657865637574696F6E6C697374656E657273223A22222C226D756C7469696E7374616E63655F74797065223A224E6F6E65222C226D756C7469696E7374616E63655F63617264696E616C697479223A22222C226D756C7469696E7374616E63655F636F6C6C656374696F6E223A22222C226D756C7469696E7374616E63655F7661726961626C65223A22222C226D756C7469696E7374616E63655F636F6E646974696F6E223A22222C226973666F72636F6D70656E736174696F6E223A2266616C7365222C22757365727461736B61737369676E6D656E74223A22222C22666F726D6B6579646566696E6974696F6E223A22222C2264756564617465646566696E6974696F6E223A22222C227072696F72697479646566696E6974696F6E223A22222C22666F726D70726F70657274696573223A22222C227461736B6C697374656E657273223A22227D2C227374656E63696C223A7B226964223A22557365725461736B227D2C226368696C64536861706573223A5B5D2C226F7574676F696E67223A5B7B227265736F757263654964223A227369642D42303335454436452D393532462D343935342D384635312D414632443245303431463837227D5D2C22626F756E6473223A7B226C6F7765725269676874223A7B2278223A3431352C2279223A39357D2C2275707065724C656674223A7B2278223A3331352C2279223A31357D7D2C22646F636B657273223A5B5D7D2C7B227265736F757263654964223A227369642D31374642433144322D373941462D344341392D393937342D433737334642364630303043222C2270726F70657274696573223A7B226F766572726964656964223A22222C226E616D65223A22222C22646F63756D656E746174696F6E223A22222C22636F6E646974696F6E73657175656E6365666C6F77223A22222C22657865637574696F6E6C697374656E657273223A22222C2264656661756C74666C6F77223A2266616C7365227D2C227374656E63696C223A7B226964223A2253657175656E6365466C6F77227D2C226368696C64536861706573223A5B5D2C226F7574676F696E67223A5B7B227265736F757263654964223A227369642D45454236443630362D433137312D343134352D393038302D304543433342324643414434227D5D2C22626F756E6473223A7B226C6F7765725269676874223A7B2278223A3331342E353336313431303232343135382C2279223A35382E38313438353638373834373635367D2C2275707065724C656674223A7B2278223A3237372E38323236333434353936373534342C2279223A35372E32303832383432303730353231337D7D2C22646F636B657273223A5B7B2278223A35302C2279223A34307D2C7B2278223A35302C2279223A34307D5D2C22746172676574223A7B227265736F757263654964223A227369642D45454236443630362D433137312D343134352D393038302D304543433342324643414434227D7D2C7B227265736F757263654964223A227369642D33304431304335452D394242462D343341332D423143392D373945383831433436303734222C2270726F70657274696573223A7B226F766572726964656964223A22222C226E616D65223A22222C22646F63756D656E746174696F6E223A22222C22657865637574696F6E6C697374656E657273223A22227D2C227374656E63696C223A7B226964223A22456E644E6F6E654576656E74227D2C226368696C64536861706573223A5B5D2C226F7574676F696E67223A5B5D2C22626F756E6473223A7B226C6F7765725269676874223A7B2278223A3439352E33353837373534383230393132332C2279223A37352E30323331343130383535323836397D2C2275707065724C656674223A7B2278223A3436372E33353837373534383230393132332C2279223A34372E30323331343130383535323836397D7D2C22646F636B657273223A5B5D7D2C7B227265736F757263654964223A227369642D42303335454436452D393532462D343935342D384635312D414632443245303431463837222C2270726F70657274696573223A7B226F766572726964656964223A22222C226E616D65223A22222C22646F63756D656E746174696F6E223A22222C22636F6E646974696F6E73657175656E6365666C6F77223A22222C22657865637574696F6E6C697374656E657273223A22222C2264656661756C74666C6F77223A2266616C7365227D2C227374656E63696C223A7B226964223A2253657175656E6365466C6F77227D2C226368696C64536861706573223A5B5D2C226F7574676F696E67223A5B7B227265736F757263654964223A227369642D33304431304335452D394242462D343341332D423143392D373945383831433436303734227D5D2C22626F756E6473223A7B226C6F7765725269676874223A7B2278223A3436362E35343731313039343631303638342C2279223A36312E30323331343130383535323836397D2C2275707065724C656674223A7B2278223A3431352E393932373233323035303631322C2279223A35357D7D2C22646F636B657273223A5B7B2278223A35302C2279223A34307D2C7B2278223A3434312E313739333837373431303435362C2279223A35357D2C7B2278223A3434312E313739333837373431303435362C2279223A36312E30323331343130383535323836397D2C7B2278223A31342C2279223A31347D5D2C22746172676574223A7B227265736F757263654964223A227369642D33304431304335452D394242462D343341332D423143392D373945383831433436303734227D7D5D2C22626F756E6473223A7B226C6F7765725269676874223A7B2278223A313230302C2279223A313035307D2C2275707065724C656674223A7B2278223A302C2279223A307D7D2C227374656E63696C736574223A7B2275726C223A227374656E63696C736574732F62706D6E322E302F62706D6E322E302E6A736F6E222C226E616D657370616365223A22687474703A2F2F62336D6E2E6F72672F7374656E63696C7365742F62706D6E322E3023227D2C227373657874656E73696F6E73223A5B5D7D, null);
INSERT INTO `act_ge_bytearray` VALUES ('22507', '1', 'LeaveBill.bpmn20.xml', '22506', 0x3C3F786D6C2076657273696F6E3D22312E302220656E636F64696E673D225554462D38223F3E0A3C646566696E6974696F6E7320786D6C6E733D22687474703A2F2F7777772E6F6D672E6F72672F737065632F42504D4E2F32303130303532342F4D4F44454C2220786D6C6E733A7873693D22687474703A2F2F7777772E77332E6F72672F323030312F584D4C536368656D612D696E7374616E63652220786D6C6E733A7873643D22687474703A2F2F7777772E77332E6F72672F323030312F584D4C536368656D612220786D6C6E733A61637469766974693D22687474703A2F2F61637469766974692E6F72672F62706D6E2220786D6C6E733A62706D6E64693D22687474703A2F2F7777772E6F6D672E6F72672F737065632F42504D4E2F32303130303532342F44492220786D6C6E733A6F6D6764633D22687474703A2F2F7777772E6F6D672E6F72672F737065632F44442F32303130303532342F44432220786D6C6E733A6F6D6764693D22687474703A2F2F7777772E6F6D672E6F72672F737065632F44442F32303130303532342F44492220747970654C616E67756167653D22687474703A2F2F7777772E77332E6F72672F323030312F584D4C536368656D61222065787072657373696F6E4C616E67756167653D22687474703A2F2F7777772E77332E6F72672F313939392F585061746822207461726765744E616D6573706163653D22687474703A2F2F7777772E61637469766974692E6F72672F70726F63657373646566223E0A20203C70726F636573732069643D224C6561766542696C6C22206E616D653D224C6561766542696C6C2220697345786563757461626C653D2274727565223E0A202020203C646F63756D656E746174696F6E3EE5AE9AE4B989E8AFB7E58187E79A84E6B581E7A88B3C2F646F63756D656E746174696F6E3E0A202020203C73746172744576656E742069643D227369642D46373341344241362D303346442D343738352D393538452D32314232363745443238314622206E616D653D22E5BC80E5A78B223E3C2F73746172744576656E743E0A202020203C757365725461736B2069643D227369642D36323445384636412D393936312D344337342D383633362D34414546393146424542363922206E616D653D22E8AFB7E58187E794B3E8AFB7223E0A2020202020203C657874656E73696F6E456C656D656E74733E0A20202020202020203C61637469766974693A7461736B4C697374656E6572206576656E743D226372656174652220636C6173733D22636F6D2E736872656B2E6578616D706C652E6C697374656E65722E4C6561766550726F636573735461736B4C697374656E6572223E3C2F61637469766974693A7461736B4C697374656E65723E0A2020202020203C2F657874656E73696F6E456C656D656E74733E0A202020203C2F757365725461736B3E0A202020203C73657175656E6365466C6F772069643D227369642D32344137424134442D443337382D344345372D423037332D4633453939344441373934342220736F757263655265663D227369642D46373341344241362D303346442D343738352D393538452D32314232363745443238314622207461726765745265663D227369642D36323445384636412D393936312D344337342D383633362D344145463931464245423639223E3C2F73657175656E6365466C6F773E0A202020203C757365725461736B2069643D227369642D45394639344243452D323241452D343537462D394138322D37393134354236374143363422206E616D653D22E983A8E997A8E9A286E5AFBCE794B3E8AFB7223E0A2020202020203C657874656E73696F6E456C656D656E74733E0A20202020202020203C61637469766974693A7461736B4C697374656E6572206576656E743D226372656174652220636C6173733D22636F6D2E736872656B2E6578616D706C652E6C697374656E65722E4C6561766550726F636573735461736B4C697374656E6572223E3C2F61637469766974693A7461736B4C697374656E65723E0A2020202020203C2F657874656E73696F6E456C656D656E74733E0A202020203C2F757365725461736B3E0A202020203C73657175656E6365466C6F772069643D227369642D31443244453735372D363631422D343142382D414331442D4231414239344431313243392220736F757263655265663D227369642D36323445384636412D393936312D344337342D383633362D34414546393146424542363922207461726765745265663D227369642D45394639344243452D323241452D343537462D394138322D373931343542363741433634223E3C2F73657175656E6365466C6F773E0A202020203C757365725461736B2069643D227369642D36373533373245342D363046312D344336442D394436362D33323445374438424642343222206E616D653D22E58886E7AEA1E9A286E5AFBCE794B3E8AFB7223E0A2020202020203C657874656E73696F6E456C656D656E74733E0A20202020202020203C61637469766974693A7461736B4C697374656E6572206576656E743D226372656174652220636C6173733D22636F6D2E736872656B2E6578616D706C652E6C697374656E65722E4C6561766550726F636573735461736B4C697374656E6572223E3C2F61637469766974693A7461736B4C697374656E65723E0A2020202020203C2F657874656E73696F6E456C656D656E74733E0A202020203C2F757365725461736B3E0A202020203C73657175656E6365466C6F772069643D227369642D45453841344531462D424245452D343631382D383432442D4230323841324335334134352220736F757263655265663D227369642D45394639344243452D323241452D343537462D394138322D37393134354236374143363422207461726765745265663D227369642D36373533373245342D363046312D344336442D394436362D333234453744384246423432223E3C2F73657175656E6365466C6F773E0A202020203C757365725461736B2069643D227369642D38433444443937352D373732442D343739432D413030332D35363436443842334439314322206E616D653D22E4BABAE4BA8BE5A487E6A188223E0A2020202020203C657874656E73696F6E456C656D656E74733E0A20202020202020203C61637469766974693A7461736B4C697374656E6572206576656E743D226372656174652220636C6173733D22636F6D2E736872656B2E6578616D706C652E6C697374656E65722E4C6561766550726F636573735461736B4C697374656E6572223E3C2F61637469766974693A7461736B4C697374656E65723E0A2020202020203C2F657874656E73696F6E456C656D656E74733E0A202020203C2F757365725461736B3E0A202020203C73657175656E6365466C6F772069643D227369642D37363430333936322D383830422D344631322D413238312D4633463845324241374138322220736F757263655265663D227369642D36373533373245342D363046312D344336442D394436362D33323445374438424642343222207461726765745265663D227369642D38433444443937352D373732442D343739432D413030332D353634364438423344393143223E3C2F73657175656E6365466C6F773E0A202020203C656E644576656E742069643D227369642D30334442363436342D383738422D344137332D424130412D33463941363536454634363222206E616D653D22E7BB93E69D9F223E3C2F656E644576656E743E0A202020203C73657175656E6365466C6F772069643D227369642D35433432304342362D383831342D343339422D394645312D3245463333374434373839312220736F757263655265663D227369642D38433444443937352D373732442D343739432D413030332D35363436443842334439314322207461726765745265663D227369642D30334442363436342D383738422D344137332D424130412D334639413635364546343632223E3C2F73657175656E6365466C6F773E0A20203C2F70726F636573733E0A20203C62706D6E64693A42504D4E4469616772616D2069643D2242504D4E4469616772616D5F4C6561766542696C6C223E0A202020203C62706D6E64693A42504D4E506C616E652062706D6E456C656D656E743D224C6561766542696C6C222069643D2242504D4E506C616E655F4C6561766542696C6C223E0A2020202020203C62706D6E64693A42504D4E53686170652062706D6E456C656D656E743D227369642D46373341344241362D303346442D343738352D393538452D323142323637454432383146222069643D2242504D4E53686170655F7369642D46373341344241362D303346442D343738352D393538452D323142323637454432383146223E0A20202020202020203C6F6D6764633A426F756E6473206865696768743D2233302E30222077696474683D2233302E302220783D2237352E302220793D2239302E30223E3C2F6F6D6764633A426F756E64733E0A2020202020203C2F62706D6E64693A42504D4E53686170653E0A2020202020203C62706D6E64693A42504D4E53686170652062706D6E456C656D656E743D227369642D36323445384636412D393936312D344337342D383633362D344145463931464245423639222069643D2242504D4E53686170655F7369642D36323445384636412D393936312D344337342D383633362D344145463931464245423639223E0A20202020202020203C6F6D6764633A426F756E6473206865696768743D2238302E30222077696474683D223130302E302220783D223136352E302220793D2236302E30223E3C2F6F6D6764633A426F756E64733E0A2020202020203C2F62706D6E64693A42504D4E53686170653E0A2020202020203C62706D6E64693A42504D4E53686170652062706D6E456C656D656E743D227369642D45394639344243452D323241452D343537462D394138322D373931343542363741433634222069643D2242504D4E53686170655F7369642D45394639344243452D323241452D343537462D394138322D373931343542363741433634223E0A20202020202020203C6F6D6764633A426F756E6473206865696768743D2238302E30222077696474683D223130302E302220783D223331352E302220793D2236352E30223E3C2F6F6D6764633A426F756E64733E0A2020202020203C2F62706D6E64693A42504D4E53686170653E0A2020202020203C62706D6E64693A42504D4E53686170652062706D6E456C656D656E743D227369642D36373533373245342D363046312D344336442D394436362D333234453744384246423432222069643D2242504D4E53686170655F7369642D36373533373245342D363046312D344336442D394436362D333234453744384246423432223E0A20202020202020203C6F6D6764633A426F756E6473206865696768743D2238302E30222077696474683D223130302E302220783D223436302E302220793D2236352E30223E3C2F6F6D6764633A426F756E64733E0A2020202020203C2F62706D6E64693A42504D4E53686170653E0A2020202020203C62706D6E64693A42504D4E53686170652062706D6E456C656D656E743D227369642D38433444443937352D373732442D343739432D413030332D353634364438423344393143222069643D2242504D4E53686170655F7369642D38433444443937352D373732442D343739432D413030332D353634364438423344393143223E0A20202020202020203C6F6D6764633A426F756E6473206865696768743D2238302E30222077696474683D223130302E302220783D223630352E302220793D2236352E30223E3C2F6F6D6764633A426F756E64733E0A2020202020203C2F62706D6E64693A42504D4E53686170653E0A2020202020203C62706D6E64693A42504D4E53686170652062706D6E456C656D656E743D227369642D30334442363436342D383738422D344137332D424130412D334639413635364546343632222069643D2242504D4E53686170655F7369642D30334442363436342D383738422D344137332D424130412D334639413635364546343632223E0A20202020202020203C6F6D6764633A426F756E6473206865696768743D2232382E30222077696474683D2232382E302220783D223735302E302220793D2239312E30223E3C2F6F6D6764633A426F756E64733E0A2020202020203C2F62706D6E64693A42504D4E53686170653E0A2020202020203C62706D6E64693A42504D4E456467652062706D6E456C656D656E743D227369642D35433432304342362D383831342D343339422D394645312D324546333337443437383931222069643D2242504D4E456467655F7369642D35433432304342362D383831342D343339422D394645312D324546333337443437383931223E0A20202020202020203C6F6D6764693A776179706F696E7420783D223730352E302220793D223130352E30223E3C2F6F6D6764693A776179706F696E743E0A20202020202020203C6F6D6764693A776179706F696E7420783D223735302E302220793D223130352E30223E3C2F6F6D6764693A776179706F696E743E0A2020202020203C2F62706D6E64693A42504D4E456467653E0A2020202020203C62706D6E64693A42504D4E456467652062706D6E456C656D656E743D227369642D32344137424134442D443337382D344345372D423037332D463345393934444137393434222069643D2242504D4E456467655F7369642D32344137424134442D443337382D344345372D423037332D463345393934444137393434223E0A20202020202020203C6F6D6764693A776179706F696E7420783D223130352E302220793D223130352E30223E3C2F6F6D6764693A776179706F696E743E0A20202020202020203C6F6D6764693A776179706F696E7420783D223133352E302220793D223130352E30223E3C2F6F6D6764693A776179706F696E743E0A20202020202020203C6F6D6764693A776179706F696E7420783D223133352E302220793D223130302E30223E3C2F6F6D6764693A776179706F696E743E0A20202020202020203C6F6D6764693A776179706F696E7420783D223136352E302220793D223130302E30223E3C2F6F6D6764693A776179706F696E743E0A2020202020203C2F62706D6E64693A42504D4E456467653E0A2020202020203C62706D6E64693A42504D4E456467652062706D6E456C656D656E743D227369642D31443244453735372D363631422D343142382D414331442D423141423934443131324339222069643D2242504D4E456467655F7369642D31443244453735372D363631422D343142382D414331442D423141423934443131324339223E0A20202020202020203C6F6D6764693A776179706F696E7420783D223236352E302220793D223130302E30223E3C2F6F6D6764693A776179706F696E743E0A20202020202020203C6F6D6764693A776179706F696E7420783D223239302E302220793D223130302E30223E3C2F6F6D6764693A776179706F696E743E0A20202020202020203C6F6D6764693A776179706F696E7420783D223239302E302220793D223130352E30223E3C2F6F6D6764693A776179706F696E743E0A20202020202020203C6F6D6764693A776179706F696E7420783D223331352E302220793D223130352E30223E3C2F6F6D6764693A776179706F696E743E0A2020202020203C2F62706D6E64693A42504D4E456467653E0A2020202020203C62706D6E64693A42504D4E456467652062706D6E456C656D656E743D227369642D45453841344531462D424245452D343631382D383432442D423032384132433533413435222069643D2242504D4E456467655F7369642D45453841344531462D424245452D343631382D383432442D423032384132433533413435223E0A20202020202020203C6F6D6764693A776179706F696E7420783D223431352E302220793D223130352E30223E3C2F6F6D6764693A776179706F696E743E0A20202020202020203C6F6D6764693A776179706F696E7420783D223436302E302220793D223130352E30223E3C2F6F6D6764693A776179706F696E743E0A2020202020203C2F62706D6E64693A42504D4E456467653E0A2020202020203C62706D6E64693A42504D4E456467652062706D6E456C656D656E743D227369642D37363430333936322D383830422D344631322D413238312D463346384532424137413832222069643D2242504D4E456467655F7369642D37363430333936322D383830422D344631322D413238312D463346384532424137413832223E0A20202020202020203C6F6D6764693A776179706F696E7420783D223536302E302220793D223130352E30223E3C2F6F6D6764693A776179706F696E743E0A20202020202020203C6F6D6764693A776179706F696E7420783D223630352E302220793D223130352E30223E3C2F6F6D6764693A776179706F696E743E0A2020202020203C2F62706D6E64693A42504D4E456467653E0A202020203C2F62706D6E64693A42504D4E506C616E653E0A20203C2F62706D6E64693A42504D4E4469616772616D3E0A3C2F646566696E6974696F6E733E, '0');
INSERT INTO `act_ge_bytearray` VALUES ('22508', '1', 'LeaveBill.LeaveBill.png', '22506', 0x89504E470D0A1A0A0000000D49484452000003140000009B0806000000FB8DDD0100000E034944415478DAEDDDED6F95E51D07F0BEF0857FC45E906CC9FC13F6622FFC034CB61792627B94A692561D201649C89494A0C4A231246CC9624262305DBA8418641D13E883E5D1660C029D84081BA2505ACB5845A4875AE4DE75351C72EC03B6A7E7A9F7F97C925F909E02E69C2FBFFBFA71DFD77DD7D501000000000000000000000000000000000000000000000000000000000000000000000000000000000000000000000000000000000000000000000000000000000000000000000000000000000000000000000000000000000000000000000000000000000000000000000000000000000000000000000000000000000000000000000000000000000000000000000000000000000000000000000000000000000000000000000000000000000000000000000000000000A99324C963972F5FDE3B3838F8435F5F5FD2D3D3A3CA5CBDBDBDC9D1A347FF1B2A239100002C2B71983876EC58323636964C4E4EAA0AD58D1B379223478EDC0AC3C5D3520900C0B211CF4C1826AA66A898ECE9E9B9209500002C1BF132278BF9EAA930504C49250000CB46BC86DF42BEAA068A442A010048DD40F1DD3723C9E553EF27E77BB74D57FCEFF835438081622E36FBDBEC2F43322443CA4D47C040F1B06E8F0F279F1DDA929C3BB0E94715BF165F3308182866B2D9DF667F19922119526E3A02068A8775F5FC5F670D13B9BA76BE5BC33450CC62B3BFCDFE32244332A4DC74040C140FEBC2273BE61D28E26B9AA58162269BFD6DF69721199221E5A62360A078589FF56C9D77A088AF6994068A4272A5E44A8664488664083050182834DC251DC86DF6972B199221199221A006167EB1C1CE3750C4D7344A0DB7905CD9EC2F57322443322443408D2CFC2E9DF8E3BC03457C4DA3D4700BC995CDFE7225433224433204D4C8C2EFE6F050F2D9E1F6D9FF8213BE165FD32835DC427265B3BF5CC9900CC9900C0135B2F08BF5C53F3F98D56CE3D734490DB7D05CD99B235732244332244340AD0C1477EF26974EFE69F6E54EE16BF1358D52C37520972B1992211952060A3050CCBB61EDE2893FCCDB70E36B36AE69B8851CC86DF6972B19922119922120CD0BBFBB7793914BFDC9BF0EFE7EDE669BABF83DF17B9DADD070177320B7D95FAE64488664488680942EFC7EEAAC84B3151A6E310EE436FBCB950CC9900CC91090D285DF42CE4A3CEA6C85C6A9E1DAEC2F5732244332A40C1450C30345A1C344AE344E0DD7667FB9922119922165A0801A1E2894865BEA5CD9EC2F5732244332244380814269B88BCF95CDFE7225433224433204182894865B48AE6CF6972B199221199221C040A134DC827365B3BF5CC9900CC9900C01060AA5E1169C2B9BFDE54A8664488664083050280D57AEE44A86644886948102D070355CB9922B195232A46408D070355CB95216834A86644886000D571928945CC9900CC9900C41052449F2F8D0D050EB9E3D7B8E747474DC5ABF7EFD54535353B26AD5AA2493C9DC7FF1C517275F7BEDB5CB3B76ECE80CF54BEF9886ABE1CA955CC99092212543C5D2D8D8F8B3FAFAFAB561EDB937D4A550B7E33A345436D417E1B57DE1C757E3F7597556E120F1E1871F7EF0C61B6F4C6DD8B02179EFBDF792C1C1C164787838C966B349147F1C1B1B4B4E9F3E9D84812379F9E597EFBFF2CA2B575A5A5AD67807355C0D57AEE44A86940C29192AD433CF3CF3DB503DA1261F0C100BA94FC2F767AC3EAB40181C9ADF7CF3CDBB9B366D9A1E16EEDDBB972CD4D9B36793CD9B37DF6B6D6DBDB072E5CA5F7837355C0D57AEE44A86940C29195AA83014AC0843C1C1450C1173D531EBD0CA9D95786CFFFEFDFD2FBCF042D2DDDDBDA84162A683070F26CDCDCD13CE5668B81AAE5CC9950C29195232B410F5F5F5AB1A1A1AFE973F1C343636266FBDF556D2DFDF9F7CF5D557C9B7DF7E3BBDD6BC73E7CEF49533274E9C4876EEDC993CFBECB333878ADBCE56546098181818F8C7BA75EB928B172F26C570E5CA95240C27136BD6ACF99D8142A3D370E54AAE6448C99092A1470C134F8501E05EFE20D1D9D9397D79FD428C8F8F4F7F7FFC75F98345F83D5D8A5F2EF1CC441C2616FAA12D54FCFD5A5A5A5239213EB8AEEFD71AAE86EB40AE2C06950C29195ADA9989FC61A2ADAD6DFA6C4421E2AF8B97EDCF182A9CA928B5B867225EE654AC3313739DA978EEB9E7C6C387F9449ADEB7BC90F684BF08BFD270355C0772B9922125434A8616BD9E5A917F99537B7BFBC3CB9A0A152F87DABE7DFBCCCB9F52B50EADB64B9D1EDFB66DDB64DC33514A070E1C98686C6CFC348D03455E7D3CD7190B0D57C37520972B195232A464686E6198E8CD3F33B1D461227FA89871A6E298957F89ECDBB7EFCFF1CDFEFEFBEF93527BE9A59746D374CA69BE3B0BCCBC144AC3D5701DC8E54A86940C29199A2DDE1A367FCF44A197393DEAF2A7FC3D152E7D2AD1D989F89C89786BD8723877EEDC649ACE522CE096651FC74BA1345C0DD7815CAE6448C99092A139078A9EDCBA296EA82E85AEAE2E67294A293E013B6EC45ECAED6117ABB9B979345E2B57A50340494AC3ADAE2AD7E7BE94E66AB3BF03F9520FD0322443322443D59EA1F864EBDC46EC7816E1E6CD9B25597BC6BB3FCDB8A5EC0A534011EDD9B3E7C8EEDDBB9372DAB973E7D9F878F44A0D14651A504EC55B9F3DF9E4938F69B8B5D9709792359BFDE5AA58BD498664488664A89A3314BEBE36F77D6FBFFD76A9D79FF9EBB457EB289E8E8E8E5B838383651D284E9E3C79257C90DD291D287E3448546BC38D57BBCD55E57ADD40B1E85CD9ECEF402E433224432A75190A5FDB9B7B7D6060A0A4EBCFF8F0BBBCFF97EE3A8A67FDFAF553232323651D28464747C7C20779356503C5A77153D1CC41A29A078A477DADD4AF1B280A3BF365B3BF03B90CC9900CA9346528FCFC52EEEBC5DE8C3D537CA276DEFFC7D53A8AA7A9A929C966B3651D28E29F173EC86C4A068A39CF4818280C14A518286CF67720972119922195A60C859AC8FDBC58B78A7DD42D64F3FEEC6C1DC5FDB02BA1529BA38B3D502C9481A236070A9BFD6DF6AFF6922119922119AA962AF7FAD3145044AB57AFBE5FEE3314131313A3B536191A286A6FA028D13062B3BF7F199421199221959A0CC5A7573B439102EBD6AD9B2CF71E8AEBD7AF7F5E6BD7AE19280C144B6CC255B1D9BFAEC29BF9EBAAFC6600557E209721194A4586DC74245D19B2872225B66CD972A9DC77793A74E8D0DF6B6D77BD81C240516013AEAACDFE95CE4DB5E7AE4A0FE4322443A9CA90E35BBA32E42E4F29F1CE3BEFEC2EF77328DADBDB0FD4DAFD7FFD0B8E7FC1596413AECACDFE1683CBEA402E433294CA0C1928D29521CFA14889D75F7FFDE76BD7AEFDA18C4FCACE363434FCA7D69E50E81A53D798A621571683E9CB950CC99033F0068A4A8A4FCA0E6BC2A9723C293B93C9DCF7A4EC126A6B6BFBF7E9D3A7CB75B95367F8108FD5DA7B6CA03050580C5A0CCA900CC990814286668BCFA5C82DF43B3B3B4BB2FEECEAEACA3F3B5173EBD0B278FEF9E7576EDCB871AA0C6729C61B1A1ACE84E0640C144AC3B518B418942119922103850CC5FD15B9C57E3C4B51ECCDD9F1F70BEBCFFB790FD6ABB97568D9B4B6B60E75777797749A88FB35E254F853D7631A2894866B3168312843322443068ADA39BE85F5E127B9057F5B5B5BD16E211B6F15BB71E3C67BF967276A711D5ACE0F72457373F3C4C58B174B324C0C0D0DED0F7FC648980A9FA8C5F7D74061A048CB62B0CE2D3F2D06654886AA7CA0A873D39165B90E0D7523B7F06F6F6F5FF250118789EDDBB7E7EF9BB85DABEBD0B2CA64328DADADAD77C6C6C68A3A4C5CBB76ED784343C397B57C8AC94061A0902BB9922125434A86E6575F5FBF2AB7413B77A6A2D0CB9FE2AF9B7166C2A54EE5D4D8D8D8DCD2D272BB58672AE29989384C84906CAEE5F755C3D570E54AAE6448C99092A19F3C53D1943F54C43D1571A376BC4BD342EFE6143760E7EF998855EBEBD08A4D88994CE6D6471F7DF4DD12366A8FBFFBEEBBEFC7CB9C62386AFD3DD570355CB9922B195232A4646861EBD050E3F903411C2CE2732AE2C3EFE2D987DCE550F1B2A6F804ECF8D0BA5DBB7625AB57AFFE61C6D3B96F5B875676425C11A6BBBED6D6D6D13367CE4C2CE63913870F1FEE0A03C9A9B8F1C5B56A1AAE862B577225434A86940C2D761D9A7F3BD902CB3AB48A3ED0A7E360D1D4D434D6D1D171FEF8F1E35F864970249BCD4E4F0F131313A3D7AF5FFFBCB7B7F76F5BB76EFD384C9097E30718A741BBE8355C0D57AEE44A86940C29195ACA3AF4C16031B59841C23AB44AC52719860F7443F880F686FA2254F6C187167FBC1AAA3B3EC6DC9307355C0D57AEE44A86940C2919B20E050D57C3952B6531A86448866408D070958142C9950CC9900CC91060E1A7345CB9922B1992211952060A3050280D57AEE44A86940C291902345C0D57AE94C5A0922119922140C3D570E54A590CFAEC6448866408D070958142C9950CC9900C290305182894862B57722543322443CAF10DD070355CB9922B195232A46408D070355CB95216834A86644886000D571928945CC9900CC9900C01167E4AC3952BB9922119922165A0000385D270E54AAE6448C990922140C3D570E54A590C2A1992211902345C0D57AE94C5A0922119922140C355060A2557322443322443060A48ADBEBE3E8DAE7A2A1B1AEE9481423990CB900CC9900C01CBC6D1A34747C6C6C634BB2AA8E1E1E1BF84867BC140A11CC86548866448868065A3BFBFFF37030303DF7CFDF5D7131A5EE5CE4CC461A2B7B7F7CB504F1B289403B90CC9900CC910B0AC8445EC53E12FFAA978B94DFC0BAFCA5EF17DBF909661C281DC815C866448869481020007720772195232A40C14005486CDFE36FBCB900CC9904AE34D470028139BFD6DF6972119922195C69B8E00502636FBDBEC2F433224432A8D371D01A08C6CF6B7D95F8664488664286D371D010000000000000000000000000000000000000000000000000000808AFB3F0406977761C11A770000000049454E44AE426082, '1');
INSERT INTO `act_ge_bytearray` VALUES ('2502', '8', 'source', null, 0x7B227265736F757263654964223A2232353031222C2270726F70657274696573223A7B2270726F636573735F6964223A224C6561766542696C6C222C226E616D65223A224C6561766542696C6C222C22646F63756D656E746174696F6E223A22E5AE9AE4B989E8AFB7E58187E79A84E6B581E7A88B222C2270726F636573735F617574686F72223A22736872656B222C2270726F636573735F76657273696F6E223A22312E30222C2270726F636573735F6E616D657370616365223A22687474703A2F2F7777772E61637469766974692E6F72672F70726F63657373646566222C22657865637574696F6E6C697374656E657273223A22222C226576656E746C697374656E657273223A22222C227369676E616C646566696E6974696F6E73223A22222C226D657373616765646566696E6974696F6E73223A22227D2C227374656E63696C223A7B226964223A2242504D4E4469616772616D227D2C226368696C64536861706573223A5B7B227265736F757263654964223A227369642D46373341344241362D303346442D343738352D393538452D323142323637454432383146222C2270726F70657274696573223A7B226F766572726964656964223A22222C226E616D65223A22E5BC80E5A78B222C22646F63756D656E746174696F6E223A22222C22657865637574696F6E6C697374656E657273223A22222C22696E69746961746F72223A22222C22666F726D6B6579646566696E6974696F6E223A22222C22666F726D70726F70657274696573223A22227D2C227374656E63696C223A7B226964223A2253746172744E6F6E654576656E74227D2C226368696C64536861706573223A5B5D2C226F7574676F696E67223A5B7B227265736F757263654964223A227369642D32344137424134442D443337382D344345372D423037332D463345393934444137393434227D5D2C22626F756E6473223A7B226C6F7765725269676874223A7B2278223A3130352C2279223A3132307D2C2275707065724C656674223A7B2278223A37352C2279223A39307D7D2C22646F636B657273223A5B5D7D2C7B227265736F757263654964223A227369642D36323445384636412D393936312D344337342D383633362D344145463931464245423639222C2270726F70657274696573223A7B226F766572726964656964223A22222C226E616D65223A22E8AFB7E58187E794B3E8AFB7222C22646F63756D656E746174696F6E223A22222C226173796E6368726F6E6F7573646566696E6974696F6E223A2266616C7365222C226578636C7573697665646566696E6974696F6E223A2266616C7365222C22657865637574696F6E6C697374656E657273223A22222C226D756C7469696E7374616E63655F74797065223A224E6F6E65222C226D756C7469696E7374616E63655F63617264696E616C697479223A22222C226D756C7469696E7374616E63655F636F6C6C656374696F6E223A22222C226D756C7469696E7374616E63655F7661726961626C65223A22222C226D756C7469696E7374616E63655F636F6E646974696F6E223A22222C226973666F72636F6D70656E736174696F6E223A2266616C7365222C22757365727461736B61737369676E6D656E74223A22222C22666F726D6B6579646566696E6974696F6E223A22222C2264756564617465646566696E6974696F6E223A22222C227072696F72697479646566696E6974696F6E223A22222C22666F726D70726F70657274696573223A22222C227461736B6C697374656E657273223A7B227461736B4C697374656E657273223A5B7B226576656E74223A22637265617465222C22696D706C656D656E746174696F6E223A22636F6D2E736872656B2E6578616D706C652E6C697374656E65722E4C6561766550726F636573735461736B4C697374656E6572222C22636C6173734E616D65223A22636F6D2E736872656B2E6578616D706C652E6C697374656E65722E4C6561766550726F636573735461736B4C697374656E6572222C2265787072657373696F6E223A22222C2264656C656761746545787072657373696F6E223A22227D5D7D7D2C227374656E63696C223A7B226964223A22557365725461736B227D2C226368696C64536861706573223A5B5D2C226F7574676F696E67223A5B7B227265736F757263654964223A227369642D31443244453735372D363631422D343142382D414331442D423141423934443131324339227D5D2C22626F756E6473223A7B226C6F7765725269676874223A7B2278223A3236352C2279223A3134307D2C2275707065724C656674223A7B2278223A3136352C2279223A36307D7D2C22646F636B657273223A5B5D7D2C7B227265736F757263654964223A227369642D32344137424134442D443337382D344345372D423037332D463345393934444137393434222C2270726F70657274696573223A7B226F766572726964656964223A22222C226E616D65223A22222C22646F63756D656E746174696F6E223A22222C22636F6E646974696F6E73657175656E6365666C6F77223A22222C22657865637574696F6E6C697374656E657273223A22222C2264656661756C74666C6F77223A2266616C7365227D2C227374656E63696C223A7B226964223A2253657175656E6365466C6F77227D2C226368696C64536861706573223A5B5D2C226F7574676F696E67223A5B7B227265736F757263654964223A227369642D36323445384636412D393936312D344337342D383633362D344145463931464245423639227D5D2C22626F756E6473223A7B226C6F7765725269676874223A7B2278223A3136342E3632352C2279223A3130357D2C2275707065724C656674223A7B2278223A3130352E303632352C2279223A3130307D7D2C22646F636B657273223A5B7B2278223A31352C2279223A31357D2C7B2278223A3133352C2279223A3130357D2C7B2278223A3133352C2279223A3130307D2C7B2278223A35302C2279223A34307D5D2C22746172676574223A7B227265736F757263654964223A227369642D36323445384636412D393936312D344337342D383633362D344145463931464245423639227D7D2C7B227265736F757263654964223A227369642D45394639344243452D323241452D343537462D394138322D373931343542363741433634222C2270726F70657274696573223A7B226F766572726964656964223A22222C226E616D65223A22E983A8E997A8E9A286E5AFBCE794B3E8AFB7222C22646F63756D656E746174696F6E223A22222C226173796E6368726F6E6F7573646566696E6974696F6E223A2266616C7365222C226578636C7573697665646566696E6974696F6E223A2266616C7365222C22657865637574696F6E6C697374656E657273223A22222C226D756C7469696E7374616E63655F74797065223A224E6F6E65222C226D756C7469696E7374616E63655F63617264696E616C697479223A22222C226D756C7469696E7374616E63655F636F6C6C656374696F6E223A22222C226D756C7469696E7374616E63655F7661726961626C65223A22222C226D756C7469696E7374616E63655F636F6E646974696F6E223A22222C226973666F72636F6D70656E736174696F6E223A2266616C7365222C22757365727461736B61737369676E6D656E74223A22222C22666F726D6B6579646566696E6974696F6E223A22222C2264756564617465646566696E6974696F6E223A22222C227072696F72697479646566696E6974696F6E223A22222C22666F726D70726F70657274696573223A22222C227461736B6C697374656E657273223A7B227461736B4C697374656E657273223A5B7B226576656E74223A22637265617465222C22696D706C656D656E746174696F6E223A22636F6D2E736872656B2E6578616D706C652E6C697374656E65722E4C6561766550726F636573735461736B4C697374656E6572222C22636C6173734E616D65223A22636F6D2E736872656B2E6578616D706C652E6C697374656E65722E4C6561766550726F636573735461736B4C697374656E6572222C2265787072657373696F6E223A22222C2264656C656761746545787072657373696F6E223A22227D5D7D7D2C227374656E63696C223A7B226964223A22557365725461736B227D2C226368696C64536861706573223A5B5D2C226F7574676F696E67223A5B7B227265736F757263654964223A227369642D45453841344531462D424245452D343631382D383432442D423032384132433533413435227D5D2C22626F756E6473223A7B226C6F7765725269676874223A7B2278223A3431352C2279223A3134357D2C2275707065724C656674223A7B2278223A3331352C2279223A36357D7D2C22646F636B657273223A5B5D7D2C7B227265736F757263654964223A227369642D31443244453735372D363631422D343142382D414331442D423141423934443131324339222C2270726F70657274696573223A7B226F766572726964656964223A22222C226E616D65223A22222C22646F63756D656E746174696F6E223A22222C22636F6E646974696F6E73657175656E6365666C6F77223A22222C22657865637574696F6E6C697374656E657273223A22222C2264656661756C74666C6F77223A2266616C7365227D2C227374656E63696C223A7B226964223A2253657175656E6365466C6F77227D2C226368696C64536861706573223A5B5D2C226F7574676F696E67223A5B7B227265736F757263654964223A227369642D45394639344243452D323241452D343537462D394138322D373931343542363741433634227D5D2C22626F756E6473223A7B226C6F7765725269676874223A7B2278223A3331342E37383132352C2279223A3130357D2C2275707065724C656674223A7B2278223A3236352E32313837352C2279223A3130307D7D2C22646F636B657273223A5B7B2278223A35302C2279223A34307D2C7B2278223A3239302C2279223A3130307D2C7B2278223A3239302C2279223A3130357D2C7B2278223A35302C2279223A34307D5D2C22746172676574223A7B227265736F757263654964223A227369642D45394639344243452D323241452D343537462D394138322D373931343542363741433634227D7D2C7B227265736F757263654964223A227369642D36373533373245342D363046312D344336442D394436362D333234453744384246423432222C2270726F70657274696573223A7B226F766572726964656964223A22222C226E616D65223A22E58886E7AEA1E9A286E5AFBCE794B3E8AFB7222C22646F63756D656E746174696F6E223A22222C226173796E6368726F6E6F7573646566696E6974696F6E223A2266616C7365222C226578636C7573697665646566696E6974696F6E223A2266616C7365222C22657865637574696F6E6C697374656E657273223A22222C226D756C7469696E7374616E63655F74797065223A224E6F6E65222C226D756C7469696E7374616E63655F63617264696E616C697479223A22222C226D756C7469696E7374616E63655F636F6C6C656374696F6E223A22222C226D756C7469696E7374616E63655F7661726961626C65223A22222C226D756C7469696E7374616E63655F636F6E646974696F6E223A22222C226973666F72636F6D70656E736174696F6E223A2266616C7365222C22757365727461736B61737369676E6D656E74223A22222C22666F726D6B6579646566696E6974696F6E223A22222C2264756564617465646566696E6974696F6E223A22222C227072696F72697479646566696E6974696F6E223A22222C22666F726D70726F70657274696573223A22222C227461736B6C697374656E657273223A7B227461736B4C697374656E657273223A5B7B226576656E74223A22637265617465222C22696D706C656D656E746174696F6E223A22636F6D2E736872656B2E6578616D706C652E6C697374656E65722E4C6561766550726F636573735461736B4C697374656E6572222C22636C6173734E616D65223A22636F6D2E736872656B2E6578616D706C652E6C697374656E65722E4C6561766550726F636573735461736B4C697374656E6572222C2265787072657373696F6E223A22222C2264656C656761746545787072657373696F6E223A22227D5D7D7D2C227374656E63696C223A7B226964223A22557365725461736B227D2C226368696C64536861706573223A5B5D2C226F7574676F696E67223A5B7B227265736F757263654964223A227369642D37363430333936322D383830422D344631322D413238312D463346384532424137413832227D5D2C22626F756E6473223A7B226C6F7765725269676874223A7B2278223A3536302C2279223A3134357D2C2275707065724C656674223A7B2278223A3436302C2279223A36357D7D2C22646F636B657273223A5B5D7D2C7B227265736F757263654964223A227369642D45453841344531462D424245452D343631382D383432442D423032384132433533413435222C2270726F70657274696573223A7B226F766572726964656964223A22222C226E616D65223A22222C22646F63756D656E746174696F6E223A22222C22636F6E646974696F6E73657175656E6365666C6F77223A22222C22657865637574696F6E6C697374656E657273223A22222C2264656661756C74666C6F77223A2266616C7365227D2C227374656E63696C223A7B226964223A2253657175656E6365466C6F77227D2C226368696C64536861706573223A5B5D2C226F7574676F696E67223A5B7B227265736F757263654964223A227369642D36373533373245342D363046312D344336442D394436362D333234453744384246423432227D5D2C22626F756E6473223A7B226C6F7765725269676874223A7B2278223A3435392E31353632352C2279223A3130357D2C2275707065724C656674223A7B2278223A3431352E38343337352C2279223A3130357D7D2C22646F636B657273223A5B7B2278223A35302C2279223A34307D2C7B2278223A35302C2279223A34307D5D2C22746172676574223A7B227265736F757263654964223A227369642D36373533373245342D363046312D344336442D394436362D333234453744384246423432227D7D2C7B227265736F757263654964223A227369642D38433444443937352D373732442D343739432D413030332D353634364438423344393143222C2270726F70657274696573223A7B226F766572726964656964223A22222C226E616D65223A22E4BABAE4BA8BE5A487E6A188222C22646F63756D656E746174696F6E223A22222C226173796E6368726F6E6F7573646566696E6974696F6E223A2266616C7365222C226578636C7573697665646566696E6974696F6E223A2266616C7365222C22657865637574696F6E6C697374656E657273223A22222C226D756C7469696E7374616E63655F74797065223A224E6F6E65222C226D756C7469696E7374616E63655F63617264696E616C697479223A22222C226D756C7469696E7374616E63655F636F6C6C656374696F6E223A22222C226D756C7469696E7374616E63655F7661726961626C65223A22222C226D756C7469696E7374616E63655F636F6E646974696F6E223A22222C226973666F72636F6D70656E736174696F6E223A2266616C7365222C22757365727461736B61737369676E6D656E74223A22222C22666F726D6B6579646566696E6974696F6E223A22222C2264756564617465646566696E6974696F6E223A22222C227072696F72697479646566696E6974696F6E223A22222C22666F726D70726F70657274696573223A22222C227461736B6C697374656E657273223A7B227461736B4C697374656E657273223A5B7B226576656E74223A22637265617465222C22696D706C656D656E746174696F6E223A22636F6D2E736872656B2E6578616D706C652E6C697374656E65722E4C6561766550726F636573735461736B4C697374656E6572222C22636C6173734E616D65223A22636F6D2E736872656B2E6578616D706C652E6C697374656E65722E4C6561766550726F636573735461736B4C697374656E6572222C2265787072657373696F6E223A22222C2264656C656761746545787072657373696F6E223A22227D5D7D7D2C227374656E63696C223A7B226964223A22557365725461736B227D2C226368696C64536861706573223A5B5D2C226F7574676F696E67223A5B7B227265736F757263654964223A227369642D35433432304342362D383831342D343339422D394645312D324546333337443437383931227D5D2C22626F756E6473223A7B226C6F7765725269676874223A7B2278223A3731352C2279223A3134357D2C2275707065724C656674223A7B2278223A3631352C2279223A36357D7D2C22646F636B657273223A5B5D7D2C7B227265736F757263654964223A227369642D37363430333936322D383830422D344631322D413238312D463346384532424137413832222C2270726F70657274696573223A7B226F766572726964656964223A22222C226E616D65223A22222C22646F63756D656E746174696F6E223A22222C22636F6E646974696F6E73657175656E6365666C6F77223A22222C22657865637574696F6E6C697374656E657273223A22222C2264656661756C74666C6F77223A2266616C7365227D2C227374656E63696C223A7B226964223A2253657175656E6365466C6F77227D2C226368696C64536861706573223A5B5D2C226F7574676F696E67223A5B7B227265736F757263654964223A227369642D38433444443937352D373732442D343739432D413030332D353634364438423344393143227D5D2C22626F756E6473223A7B226C6F7765725269676874223A7B2278223A3631342E333531353632352C2279223A3130357D2C2275707065724C656674223A7B2278223A3536302E363438343337352C2279223A3130357D7D2C22646F636B657273223A5B7B2278223A35302C2279223A34307D2C7B2278223A35302C2279223A34307D5D2C22746172676574223A7B227265736F757263654964223A227369642D38433444443937352D373732442D343739432D413030332D353634364438423344393143227D7D2C7B227265736F757263654964223A227369642D30334442363436342D383738422D344137332D424130412D334639413635364546343632222C2270726F70657274696573223A7B226F766572726964656964223A22222C226E616D65223A22E7BB93E69D9F222C22646F63756D656E746174696F6E223A22222C22657865637574696F6E6C697374656E657273223A22227D2C227374656E63696C223A7B226964223A22456E644E6F6E654576656E74227D2C226368696C64536861706573223A5B5D2C226F7574676F696E67223A5B5D2C22626F756E6473223A7B226C6F7765725269676874223A7B2278223A3739332C2279223A3131397D2C2275707065724C656674223A7B2278223A3736352C2279223A39317D7D2C22646F636B657273223A5B5D7D2C7B227265736F757263654964223A227369642D35433432304342362D383831342D343339422D394645312D324546333337443437383931222C2270726F70657274696573223A7B226F766572726964656964223A22222C226E616D65223A22222C22646F63756D656E746174696F6E223A22222C22636F6E646974696F6E73657175656E6365666C6F77223A22222C22657865637574696F6E6C697374656E657273223A22222C2264656661756C74666C6F77223A2266616C7365227D2C227374656E63696C223A7B226964223A2253657175656E6365466C6F77227D2C226368696C64536861706573223A5B5D2C226F7574676F696E67223A5B7B227265736F757263654964223A227369642D30334442363436342D383738422D344137332D424130412D334639413635364546343632227D5D2C22626F756E6473223A7B226C6F7765725269676874223A7B2278223A3736342E3634303632352C2279223A3130357D2C2275707065724C656674223A7B2278223A3731352E3837352C2279223A3130357D7D2C22646F636B657273223A5B7B2278223A35302C2279223A34307D2C7B2278223A31342C2279223A31347D5D2C22746172676574223A7B227265736F757263654964223A227369642D30334442363436342D383738422D344137332D424130412D334639413635364546343632227D7D5D2C22626F756E6473223A7B226C6F7765725269676874223A7B2278223A313230302C2279223A313035307D2C2275707065724C656674223A7B2278223A302C2279223A307D7D2C227374656E63696C736574223A7B2275726C223A227374656E63696C736574732F62706D6E322E302F62706D6E322E302E6A736F6E222C226E616D657370616365223A22687474703A2F2F62336D6E2E6F72672F7374656E63696C7365742F62706D6E322E3023227D2C227373657874656E73696F6E73223A5B5D7D, null);
INSERT INTO `act_ge_bytearray` VALUES ('32502', '1', 'LeaveBill.bpmn20.xml', '32501', 0x3C3F786D6C2076657273696F6E3D22312E302220656E636F64696E673D225554462D38223F3E0A3C646566696E6974696F6E7320786D6C6E733D22687474703A2F2F7777772E6F6D672E6F72672F737065632F42504D4E2F32303130303532342F4D4F44454C2220786D6C6E733A7873693D22687474703A2F2F7777772E77332E6F72672F323030312F584D4C536368656D612D696E7374616E63652220786D6C6E733A7873643D22687474703A2F2F7777772E77332E6F72672F323030312F584D4C536368656D612220786D6C6E733A61637469766974693D22687474703A2F2F61637469766974692E6F72672F62706D6E2220786D6C6E733A62706D6E64693D22687474703A2F2F7777772E6F6D672E6F72672F737065632F42504D4E2F32303130303532342F44492220786D6C6E733A6F6D6764633D22687474703A2F2F7777772E6F6D672E6F72672F737065632F44442F32303130303532342F44432220786D6C6E733A6F6D6764693D22687474703A2F2F7777772E6F6D672E6F72672F737065632F44442F32303130303532342F44492220747970654C616E67756167653D22687474703A2F2F7777772E77332E6F72672F323030312F584D4C536368656D61222065787072657373696F6E4C616E67756167653D22687474703A2F2F7777772E77332E6F72672F313939392F585061746822207461726765744E616D6573706163653D22687474703A2F2F7777772E61637469766974692E6F72672F70726F63657373646566223E0A20203C70726F636573732069643D224C6561766542696C6C22206E616D653D224C6561766542696C6C2220697345786563757461626C653D2274727565223E0A202020203C646F63756D656E746174696F6E3EE5AE9AE4B989E8AFB7E58187E79A84E6B581E7A88B3C2F646F63756D656E746174696F6E3E0A202020203C73746172744576656E742069643D227369642D46373341344241362D303346442D343738352D393538452D32314232363745443238314622206E616D653D22E5BC80E5A78B223E3C2F73746172744576656E743E0A202020203C757365725461736B2069643D227369642D36323445384636412D393936312D344337342D383633362D34414546393146424542363922206E616D653D22E8AFB7E58187E794B3E8AFB7223E0A2020202020203C657874656E73696F6E456C656D656E74733E0A20202020202020203C61637469766974693A7461736B4C697374656E6572206576656E743D226372656174652220636C6173733D22636F6D2E736872656B2E6578616D706C652E6C697374656E65722E4C6561766550726F636573735461736B4C697374656E6572223E3C2F61637469766974693A7461736B4C697374656E65723E0A2020202020203C2F657874656E73696F6E456C656D656E74733E0A202020203C2F757365725461736B3E0A202020203C73657175656E6365466C6F772069643D227369642D32344137424134442D443337382D344345372D423037332D4633453939344441373934342220736F757263655265663D227369642D46373341344241362D303346442D343738352D393538452D32314232363745443238314622207461726765745265663D227369642D36323445384636412D393936312D344337342D383633362D344145463931464245423639223E3C2F73657175656E6365466C6F773E0A202020203C757365725461736B2069643D227369642D45394639344243452D323241452D343537462D394138322D37393134354236374143363422206E616D653D22E983A8E997A8E9A286E5AFBCE794B3E8AFB7223E0A2020202020203C657874656E73696F6E456C656D656E74733E0A20202020202020203C61637469766974693A7461736B4C697374656E6572206576656E743D226372656174652220636C6173733D22636F6D2E736872656B2E6578616D706C652E6C697374656E65722E4C6561766550726F636573735461736B4C697374656E6572223E3C2F61637469766974693A7461736B4C697374656E65723E0A2020202020203C2F657874656E73696F6E456C656D656E74733E0A202020203C2F757365725461736B3E0A202020203C73657175656E6365466C6F772069643D227369642D31443244453735372D363631422D343142382D414331442D4231414239344431313243392220736F757263655265663D227369642D36323445384636412D393936312D344337342D383633362D34414546393146424542363922207461726765745265663D227369642D45394639344243452D323241452D343537462D394138322D373931343542363741433634223E3C2F73657175656E6365466C6F773E0A202020203C757365725461736B2069643D227369642D36373533373245342D363046312D344336442D394436362D33323445374438424642343222206E616D653D22E58886E7AEA1E9A286E5AFBCE794B3E8AFB7223E0A2020202020203C657874656E73696F6E456C656D656E74733E0A20202020202020203C61637469766974693A7461736B4C697374656E6572206576656E743D226372656174652220636C6173733D22636F6D2E736872656B2E6578616D706C652E6C697374656E65722E4C6561766550726F636573735461736B4C697374656E6572223E3C2F61637469766974693A7461736B4C697374656E65723E0A2020202020203C2F657874656E73696F6E456C656D656E74733E0A202020203C2F757365725461736B3E0A202020203C73657175656E6365466C6F772069643D227369642D45453841344531462D424245452D343631382D383432442D4230323841324335334134352220736F757263655265663D227369642D45394639344243452D323241452D343537462D394138322D37393134354236374143363422207461726765745265663D227369642D36373533373245342D363046312D344336442D394436362D333234453744384246423432223E3C2F73657175656E6365466C6F773E0A202020203C757365725461736B2069643D227369642D38433444443937352D373732442D343739432D413030332D35363436443842334439314322206E616D653D22E4BABAE4BA8BE5A487E6A188223E0A2020202020203C657874656E73696F6E456C656D656E74733E0A20202020202020203C61637469766974693A7461736B4C697374656E6572206576656E743D226372656174652220636C6173733D22636F6D2E736872656B2E6578616D706C652E6C697374656E65722E4C6561766550726F636573735461736B4C697374656E6572223E3C2F61637469766974693A7461736B4C697374656E65723E0A2020202020203C2F657874656E73696F6E456C656D656E74733E0A202020203C2F757365725461736B3E0A202020203C73657175656E6365466C6F772069643D227369642D37363430333936322D383830422D344631322D413238312D4633463845324241374138322220736F757263655265663D227369642D36373533373245342D363046312D344336442D394436362D33323445374438424642343222207461726765745265663D227369642D38433444443937352D373732442D343739432D413030332D353634364438423344393143223E3C2F73657175656E6365466C6F773E0A202020203C656E644576656E742069643D227369642D30334442363436342D383738422D344137332D424130412D33463941363536454634363222206E616D653D22E7BB93E69D9F223E3C2F656E644576656E743E0A202020203C73657175656E6365466C6F772069643D227369642D35433432304342362D383831342D343339422D394645312D3245463333374434373839312220736F757263655265663D227369642D38433444443937352D373732442D343739432D413030332D35363436443842334439314322207461726765745265663D227369642D30334442363436342D383738422D344137332D424130412D334639413635364546343632223E3C2F73657175656E6365466C6F773E0A202020203C73657175656E6365466C6F772069643D227369642D36323236333531452D444631422D343134372D413433322D36453146344333354136464622206E616D653D22E98080E59B9E2220736F757263655265663D227369642D36373533373245342D363046312D344336442D394436362D33323445374438424642343222207461726765745265663D227369642D36323445384636412D393936312D344337342D383633362D344145463931464245423639223E3C2F73657175656E6365466C6F773E0A20203C2F70726F636573733E0A20203C62706D6E64693A42504D4E4469616772616D2069643D2242504D4E4469616772616D5F4C6561766542696C6C223E0A202020203C62706D6E64693A42504D4E506C616E652062706D6E456C656D656E743D224C6561766542696C6C222069643D2242504D4E506C616E655F4C6561766542696C6C223E0A2020202020203C62706D6E64693A42504D4E53686170652062706D6E456C656D656E743D227369642D46373341344241362D303346442D343738352D393538452D323142323637454432383146222069643D2242504D4E53686170655F7369642D46373341344241362D303346442D343738352D393538452D323142323637454432383146223E0A20202020202020203C6F6D6764633A426F756E6473206865696768743D2233302E30222077696474683D2233302E302220783D2237352E302220793D2239302E30223E3C2F6F6D6764633A426F756E64733E0A2020202020203C2F62706D6E64693A42504D4E53686170653E0A2020202020203C62706D6E64693A42504D4E53686170652062706D6E456C656D656E743D227369642D36323445384636412D393936312D344337342D383633362D344145463931464245423639222069643D2242504D4E53686170655F7369642D36323445384636412D393936312D344337342D383633362D344145463931464245423639223E0A20202020202020203C6F6D6764633A426F756E6473206865696768743D2238302E30222077696474683D223130302E302220783D223136352E302220793D2236302E30223E3C2F6F6D6764633A426F756E64733E0A2020202020203C2F62706D6E64693A42504D4E53686170653E0A2020202020203C62706D6E64693A42504D4E53686170652062706D6E456C656D656E743D227369642D45394639344243452D323241452D343537462D394138322D373931343542363741433634222069643D2242504D4E53686170655F7369642D45394639344243452D323241452D343537462D394138322D373931343542363741433634223E0A20202020202020203C6F6D6764633A426F756E6473206865696768743D2238302E30222077696474683D223130302E302220783D223331352E302220793D2236352E30223E3C2F6F6D6764633A426F756E64733E0A2020202020203C2F62706D6E64693A42504D4E53686170653E0A2020202020203C62706D6E64693A42504D4E53686170652062706D6E456C656D656E743D227369642D36373533373245342D363046312D344336442D394436362D333234453744384246423432222069643D2242504D4E53686170655F7369642D36373533373245342D363046312D344336442D394436362D333234453744384246423432223E0A20202020202020203C6F6D6764633A426F756E6473206865696768743D2238302E30222077696474683D223130302E302220783D223436302E302220793D223139352E30223E3C2F6F6D6764633A426F756E64733E0A2020202020203C2F62706D6E64693A42504D4E53686170653E0A2020202020203C62706D6E64693A42504D4E53686170652062706D6E456C656D656E743D227369642D38433444443937352D373732442D343739432D413030332D353634364438423344393143222069643D2242504D4E53686170655F7369642D38433444443937352D373732442D343739432D413030332D353634364438423344393143223E0A20202020202020203C6F6D6764633A426F756E6473206865696768743D2238302E30222077696474683D223130302E302220783D223630352E302220793D2236352E30223E3C2F6F6D6764633A426F756E64733E0A2020202020203C2F62706D6E64693A42504D4E53686170653E0A2020202020203C62706D6E64693A42504D4E53686170652062706D6E456C656D656E743D227369642D30334442363436342D383738422D344137332D424130412D334639413635364546343632222069643D2242504D4E53686170655F7369642D30334442363436342D383738422D344137332D424130412D334639413635364546343632223E0A20202020202020203C6F6D6764633A426F756E6473206865696768743D2232382E30222077696474683D2232382E302220783D223735302E302220793D2239312E30223E3C2F6F6D6764633A426F756E64733E0A2020202020203C2F62706D6E64693A42504D4E53686170653E0A2020202020203C62706D6E64693A42504D4E456467652062706D6E456C656D656E743D227369642D35433432304342362D383831342D343339422D394645312D324546333337443437383931222069643D2242504D4E456467655F7369642D35433432304342362D383831342D343339422D394645312D324546333337443437383931223E0A20202020202020203C6F6D6764693A776179706F696E7420783D223730352E302220793D223130352E30223E3C2F6F6D6764693A776179706F696E743E0A20202020202020203C6F6D6764693A776179706F696E7420783D223735302E302220793D223130352E30223E3C2F6F6D6764693A776179706F696E743E0A2020202020203C2F62706D6E64693A42504D4E456467653E0A2020202020203C62706D6E64693A42504D4E456467652062706D6E456C656D656E743D227369642D32344137424134442D443337382D344345372D423037332D463345393934444137393434222069643D2242504D4E456467655F7369642D32344137424134442D443337382D344345372D423037332D463345393934444137393434223E0A20202020202020203C6F6D6764693A776179706F696E7420783D223130352E302220793D223130352E30223E3C2F6F6D6764693A776179706F696E743E0A20202020202020203C6F6D6764693A776179706F696E7420783D223133352E302220793D223130352E30223E3C2F6F6D6764693A776179706F696E743E0A20202020202020203C6F6D6764693A776179706F696E7420783D223133352E302220793D223130302E30223E3C2F6F6D6764693A776179706F696E743E0A20202020202020203C6F6D6764693A776179706F696E7420783D223136352E302220793D223130302E30223E3C2F6F6D6764693A776179706F696E743E0A2020202020203C2F62706D6E64693A42504D4E456467653E0A2020202020203C62706D6E64693A42504D4E456467652062706D6E456C656D656E743D227369642D31443244453735372D363631422D343142382D414331442D423141423934443131324339222069643D2242504D4E456467655F7369642D31443244453735372D363631422D343142382D414331442D423141423934443131324339223E0A20202020202020203C6F6D6764693A776179706F696E7420783D223236352E302220793D223130302E30223E3C2F6F6D6764693A776179706F696E743E0A20202020202020203C6F6D6764693A776179706F696E7420783D223239302E302220793D223130302E30223E3C2F6F6D6764693A776179706F696E743E0A20202020202020203C6F6D6764693A776179706F696E7420783D223239302E302220793D223130352E30223E3C2F6F6D6764693A776179706F696E743E0A20202020202020203C6F6D6764693A776179706F696E7420783D223331352E302220793D223130352E30223E3C2F6F6D6764693A776179706F696E743E0A2020202020203C2F62706D6E64693A42504D4E456467653E0A2020202020203C62706D6E64693A42504D4E456467652062706D6E456C656D656E743D227369642D45453841344531462D424245452D343631382D383432442D423032384132433533413435222069643D2242504D4E456467655F7369642D45453841344531462D424245452D343631382D383432442D423032384132433533413435223E0A20202020202020203C6F6D6764693A776179706F696E7420783D223431352E302220793D223130352E30223E3C2F6F6D6764693A776179706F696E743E0A20202020202020203C6F6D6764693A776179706F696E7420783D223433372E352220793D223130352E30223E3C2F6F6D6764693A776179706F696E743E0A20202020202020203C6F6D6764693A776179706F696E7420783D223433372E352220793D223233352E30223E3C2F6F6D6764693A776179706F696E743E0A20202020202020203C6F6D6764693A776179706F696E7420783D223436302E302220793D223233352E30223E3C2F6F6D6764693A776179706F696E743E0A2020202020203C2F62706D6E64693A42504D4E456467653E0A2020202020203C62706D6E64693A42504D4E456467652062706D6E456C656D656E743D227369642D37363430333936322D383830422D344631322D413238312D463346384532424137413832222069643D2242504D4E456467655F7369642D37363430333936322D383830422D344631322D413238312D463346384532424137413832223E0A20202020202020203C6F6D6764693A776179706F696E7420783D223536302E302220793D223233352E30223E3C2F6F6D6764693A776179706F696E743E0A20202020202020203C6F6D6764693A776179706F696E7420783D223538322E352220793D223233352E30223E3C2F6F6D6764693A776179706F696E743E0A20202020202020203C6F6D6764693A776179706F696E7420783D223538322E352220793D223130352E30223E3C2F6F6D6764693A776179706F696E743E0A20202020202020203C6F6D6764693A776179706F696E7420783D223630352E302220793D223130352E30223E3C2F6F6D6764693A776179706F696E743E0A2020202020203C2F62706D6E64693A42504D4E456467653E0A2020202020203C62706D6E64693A42504D4E456467652062706D6E456C656D656E743D227369642D36323236333531452D444631422D343134372D413433322D364531463443333541364646222069643D2242504D4E456467655F7369642D36323236333531452D444631422D343134372D413433322D364531463443333541364646223E0A20202020202020203C6F6D6764693A776179706F696E7420783D223436302E302220793D223231322E31313836343430363737393636223E3C2F6F6D6764693A776179706F696E743E0A20202020202020203C6F6D6764693A776179706F696E7420783D223236352E302220793D223132322E3838313335353933323230333339223E3C2F6F6D6764693A776179706F696E743E0A2020202020203C2F62706D6E64693A42504D4E456467653E0A202020203C2F62706D6E64693A42504D4E506C616E653E0A20203C2F62706D6E64693A42504D4E4469616772616D3E0A3C2F646566696E6974696F6E733E, '0');
INSERT INTO `act_ge_bytearray` VALUES ('32503', '1', 'LeaveBill.LeaveBill.png', '32501', 0x89504E470D0A1A0A0000000D49484452000003140000011D08060000009513217000001A374944415478DAEDDD0B945D6575077022A8F87E2EEBBBF8A8A26D7DB4DA5AAB6DD4A5364AA2AD9C1CCE9D99641AE84494678016059A1441022CA5A2D545A552301A2BB58811139849C883406A04211053130DCFBC2660C460420C70BABFAC19D690CC84399379DC99FBFBADB5D71DEE9D00EBCE37FBEC7FCEF9CE3DE82000000000000000000000000000000000000000000000000000000000000000000000000000000000000000000000000000000000000000000000000000000000000000000000000000000000000000000000000000000000000000000000000000000000000000000000000000000000000000000000000000000000000000000000000000000000000000000000000000000000000000000000000000000000000000000000000000000000000000000000000000000060CC29CBF290F5EBD75FB962C58A47172E5C58B6B7B7AB61AE8E8E8E72E9D2A5F747355B9100008C2A294C2C5BB6ACECECEC2C77EDDAA546A8B66EDD5A2E59B2E4C10817475A9500008C1AE9CC84305137A162577B7BFB1AAB12008051235DE66498AF9F8A40B1DBAA040060D448D7F01BE4EB2A509456250000632E503CF4EB4DE5FA959795AB3BCEDE53E9EBF49C102050F4C6667F9BFD411F52FA1008148FD7F66D1BCA3BAE3DABBCED9AD39E50E9B9F49A202050ECCD667F9BFD411F52FA1008148FD7BDAB7FB04F98E8AEFB56CFD330058A7DD8EC6FB33FE8434A1F0281E2F15A73FDF97D068AF49A662950ECCD667F9BFD411F52FA1008148FD71DEDB3FA0C14E9358D52A018C8BA52D615E843FA10205008141AEE011DC86DF6B7AE401FD287800668B8A9C1F61528D26B1AA5863B907565B3BF7505FA903E043448C35DB7FC2B7D068AF49A46A9E10E645DD9EC6F5D813EA40F010DD2701FD8B0AABCE3BA99FBFE0D4E3C975ED32835DC81AC2B9BFDAD2BD087F421A0411A6EAA3B7F72C53ECD363DA7496AB8035D57F6E65857A00FE94340A3048A871F2ED7DDF8B57D2F778AE7D26B1AA586EB406E5D813EA4F421D070FBDCB0B676F997FB6CB8E9351BD734DC811CC86DF6B7AE401FD28780B1DC701F7EB8DCB46E5179FB82CFF6D96CBB2B7D4FFA5E672B34DC2A07729BFDAD2BD087F421608C36DC273B2BE16C85863B1807729BFDAD2BD087F421608C36DCFE9C95D8DFD90A8D53C3B5D9DFBA027D48E943D0C00D77A061A2BB344E0DD7667FEB0AF421A50F8186AB34DC215B5736FB5B57A00FE9438040A134DCEAEBCA667FEB0AF4217D08102894863B907565B3BF7505FA903E0408144AC31DF0BAB2D9DFBA027D481F02040AA5E10E785DD9EC6F5D813EA40F010285D270AD2BEB0AF421A50F011AAE866B5D5957E0F8A6F42140C3D570AD2BE5400EFA903E0468B84AA050D615E843FA108C80B22C0F5DB56AD5F4CB2FBF7CC9ECD9B31F3CE1841376B7B6B696471D7554D9DCDCFCD8B1C71EBBEB8C33CE587FFEF9E7CF897AA3774CC3D570AD2BEB0A1CDF943E34589A9A9A5E99E7F971317B5E19B52E6A7B9A43A37646DD19AF5D158FA7A6EFF35B598741E27BDFFBDE159FFBDCE7769F74D249E525975C52AE58B1A2DCB06143B973E7CE32498F9D9D9DE5CD37DF5C46E0284F3CF1C4C74E3EF9E4BBDADADA8EF10E6AB81AAE75655D81E39BD28706AA288A8F47B547EDEA0A10FDA9EBE3FB9BFD76D681080ED3CE39E79C874F3BEDB43D61E191471E29FBEBD65B6F2D4F3FFDF447A64F9FBE26CBB2D77B37355C0DD7BAB2AEC0F14DE943FD15A1E0B008050B2A8488DE6A993974E4CE4A1C72F5D5572FFAE4273F59CE9B37AF5290D8DB82050BCA69D3A6ED70B642C3D570AD2BEB0A1CDF943ED41F799E1F55ABD57ED5331C34353595E79D775EB968D1A2F29E7BEE297FF39BDFEC99357FFBDBDFEEB97266F9F2E5E545175D54B6B4B4EC1D2AB63B5B31026162F1E2C53F3EFEF8E3CBB56BD79683E1AEBBEE2A239CEC38E698633EADE16A741AAE75655D81E39BD287F613268E8800F048CF203167CE9C3D97D7F7C7B66DDBF67C7FFA733D8345FC3B5D8A3F5CD299891426FAFB43EBAFF4EF6B6B6B1B9309B1EBBABEF768B81AAE03B912281028943E746067267A8689193366EC391B3110E9CFA5CBF6F70A15CE540CB5B467225DE6345867267A3B533165CA946DF1C33C7C2CBD6F3D16697BFC22BC4BC3D5701DC8AD2B1028943E54799E3AACE7654E3367CE7CFCB2A6814A97439D7BEEB97B5FFE74B8DFDA2192EEE674F6D967EF4A7B2686D235D75CB3A3A9A9E9A6B118287AD4FCDECE5868B81AAE03B975050285D2877A1761A2A3E79989030D133D43C55E672A96F9AD1D22575D75D5B7D29BFDBBDFFDAE1C6A9FFAD4A7368FA5534E7DDD5960EF4BA1345C0DD781DCBA028142E943FB4AB786EDB96762A09739EDEFF2A79E7B2A5CFA34446727D2E74CA45BC30E87DB6EBB6DD7583A4BD18F5B96CD4F974269B81AAE03B975050285D2877A0D14EDDD7353DA503D14E6CE9DEB2CC5504A9F809D36621FC8ED61AB9A366DDAE674AD5C9D068021290DB7BE6AB87EEE07D25C6DF6772087911EF2F4217D68A8D750FA64EBEE8DD8E92CC2030F3C3024B367BAFBD35EB7943DCC6FF920BAFCF2CB975C7AE9A5E570BAE8A28B6E4D1F8F3E5281629802CACA74EBB3F1E3C71FA2E13666C33D90B566B3BF7505F572065E1FD28786720DC5F3C7757FDF05175C30D4F367CF39ED54BFE58368F6ECD90FAE58B1625803C58D37DE7857FC20E78DD140F1842051AF0D37FE977AADE17A5DA0A8BCAE6CF6772087913EA3AF0FE94383BE86E2B92BBB5F5FBC78F190CE9FE9C3EF7AFCBFCCF35B3E884E38E184DD9B366D1AD640B179F3E6CEF841DE3BC602C54D6953D1DE41A29E03C5FE9E1BEAD7058A819DF9B2D9DF811C467018D487F4A1415F43F1CFEBBA9F1FECCDD87B4B9FA8DDE3FFE35EBFE583A8B5B5B5DCB973E7B0068AF4DF8B1FE4CE3112287A3D23215008144311286CF6772087911E06F5217D6830D750D48EEE7F1EAC5BC5EEEF16B23DFEDB3BFD960FF20F7B248CD4E6E8C10E14FD25503466A0B0D9DF66FFD1DCB768A870A00FE943235EC33D7FEA0C8368EAD4A98F0DF7198A1D3B766C6EB4642850345EA018A283BFCDFE0DF837830E7C8CC41AD287F4A1E13896A54FAF7686620C38FEF8E3770DF71E8A8D1B37FEBCD1AE5D1328048A036CC275B1D9FFA011DECC7F509DDF0C40A0608C070A371D71D391415F43F6508C11679D75D6BAE1BECBD3B5D75EFBA346DB5D2F500814036CC275B5D97FA4D74DBDAF3B8182311A28DC74C4F16DC88E65EEF234465C78E185970EF7E750CC9C39F39A46BBFFAFBFC1F13738159B705D6EF61728040A1A2A50B8E9884031E4C7329F4331469C79E699AF3BEEB8E31E1DC64FCADE59ABD57ED9689F50E81A53D7988E857525500814344EA018CD7F6126508C1EE993B2637DEE1E8E4FCA6E6E6E7ECC27650FA1193366FCE2E69B6F1EAECB9DE6C40F7159A3BDC7028540215008140205028540E1F8B6AFF4B914DD83FE9C39738664FE9C3B776ECFB313CB74852170F4D14767A79C72CAEE61384BB1AD56ABDD120BA759A0501AAE402150081408140285E35BDA5FD13DECA7B31483BD393BFDFB62FE7CACC707EB35EB0A4364FAF4E9ABE6CD9B37A46922EDD748A9F0C9AEC7142894862B5008140205028540D138C7B758A3D7770FFC3366CC18B45BC8A65BC59E72CA298FF43C3BD18873E870FE200F9B366DDA8EB56BD70E499858B56AD5D5F1DFD814A9F0F0467C7F050A8162AC048A83DC3656A040A0A8F34071909B8E8CCA39346A6BF7E03F73E6CC030E15294C9C7BEEB93DF74D6C6FD4397458353737374D9F3EFDB79D9D9D831A26EEBBEFBE1B6AB5DADD8D7C8A49A01028AC2BEB4AA040A0508E6F7DCBF3FCA8EE0DDADD672A067AF953FA737B9D9970A9D3706A6A6A9AD6D6D6B67DB0CE54A43313294CC42239BD91DF570D57C3B5AEAC2B8102814239BE3DE95A6DED192AD29E8AB4513BDDA5A9BF77734A1BB07BEE9948D5E873E88825C4E6E6E607BFFFFDEF3F74001BB5B77DE10B5FB82C5DE6941647A3BFA71AAE866B5D595702050285727CEBDF1C1AB5AD672048C1227D4E45FAF0BB74F6A1FB72A8745953FA04ECF4A175175F7C713975EAD447F7FA74EEEDE6D0916D3E8745BA5B387DFAF4CDB7DC72CB8E2A9F3371DD75D7CD8D40B2326D7C71AD9A86ABE15A57D695408140A11CDFAACEA13D6F273BC03287D6D10FF4C8142C5A5B5B3B67CF9EBDFA861B6EB83B92E0A69D3B77EE490F3B76ECD8BC71E3C69F777474FC70D6AC59F32341AE4F3FC09406EDA2D770355CEBCABA1228102894E3DB81CCA15DC162779520610EAD53E9930CE3077A52FC80AE8CBA336A67D70F2D3DDE1B352F7D8CB94F1ED470355CEBCABA1228102894E39B3914345C0DD7BA52020502853EA40F01063FD55BCD9F3FBF6C6D6D3D34FD8D47D7BDAFF7549EE7EF8AC7F15D75643A659ABECFBA52020502853E245000063FB5A7B66FDF5EB6B4B4F4FB3A4CEB4A09140814FA90400118FCD413EAEAABAF4E1F70F3CB270B14F13D1FB7AE94408140A10F091480C14FEDD370BB2E77BA6B3F81625DBDDF21C2BA122840A050020508146A041B6EAD567B5BD787DEEC1328E2B553AD2B25502050E843FA1060F053FB6DB8455134F7727FEB87E3F92DF1786696652FB4AE94408140A10F091480C14FF5D970F33CBF68AFBD1327C5736F8AAF2F8D7A20BEBE3882C56BAC2B25502050E843020560F053BD36DC38E0DE940EBA111EB6B5B6B63EBFFBF908122F8DE73F1FB535EABFA2DE615D29810281421F122800839F86FB042944747DDAE685BDFD0C23583CBBEB533AD346EEEB6BB5DA47E2E971D69512281028FCFE0B1480C14FC3ED3EE8BE237DC0DDFE7E96E9CE4FF13DB5A85BA2EE481F7E1761E369D6951228102894400118FC34DCAA07E90FE479BE201EEF8BFAA70816CFB3AEAC2B8102814209148086ABE1565214C55BE2807D45DAC01D5F7F211E5F655D5957020502851228000D57C3ADA4EBC3F22E8CBA3FEA9B799EBFD5BAB2AE040A040A2550001AAE865B35583C37C2C4695D97425D5714C507AD2BEB4AA040A0500205A0E16AB895B4B5B53D35C2C4D43898DF1E01E3A7514D6953B775655D091408144AA0002A59B870A146573FB5331AEEEEE15E03112CFE260EEA0BA3EE8E3A79D2A449CF7120772017281028944001F4CBD2A54B377576766A7675501B366CF84E34DC3523B516F23CFF93081773BBF659CC6E6E6E7E9903B903B9408140A1040A60BF162D5AF4B1C58B17FF7ACB962D3B34BC913B3391C2444747C7DD5147D6C101FEB0A82F75DD19EA1B5996BDD981DC815CA040A0500205D0A718628F885FF495E9729BF40BAF86BDD2FBBEA61EC2444FB55AED0571B0FF6CD4C6A81F468D7720772017281028944001402513264C787A5114C7C4817F4DD4CAF87A729665073B903B900B1408144AA000A08A7171F09F14B52C6A7D9EE7C74D9C38F199BD7DA3CDFE8DB1D95FA0A09ED7903EE4A62300D4F710F0E71128FE3B1E3BA3CE6E69697949CFD76DF66F8CCDFE0205F5BC86F421371D016014C8B2ECF531107C35EA57519744C878437ADE66FFC6D8EC2F5050CF6B481F72D311004691A2285E1C83C1ACA82D112AAE8AC777DBEC3FF637FB0B14D4FB1AD287DC7404805126CBB26744A0383686847551CBA3FE76D6AC594FF1CE1806C11A0200FA2D8588A2283E11C3C28AA8B5F1F5F4D6D6D643BD338641B0860080AA03C37BA3AE8EDA1C75D69429535EE45D310C82350400545214C5E1799E7F3D7D0277D4576AB5DA6BBD2B8641AC21EF0200504996652F8D21E2DCA8AD1132BE1B21E39DDE15C320D6100040252D2D2DCF8A3071620C1477462D8EFA683C3DCE3B6318C41A0200E8B72CCB0E8E601173C551371745B13A1EA7C5734FF3CE1806B18600002A8940F1FE1830E6476D8890717A6B6BEBF3BD2B8641AC2100804A224CFC510C1AFFD9B581FB8B5996BDDABB6218C41A0200A82482C42B8AA2B820868EFBA3BE55ABD5DEE65D310C620D010054D2D4D4F4DC183C4E8DBA3702467B9EE71FF2AE1806B18600002A696B6B7B6A0C202D112856C5E36D112E9AD373DE19C320D610004025B55AEDC3318C7444DD13C1E2944993263DC7BB6218C41A0200A83A90BC3DEADB699F459EE7E7C7E3CBBD2B8641AC2100804A6AB5DAEF47A0B8A8EBCE5097A53B4579570C83584300005583C50B8AA2F84C0C2A1BA37E3479F2E4F779570C8358430000954C9830E1E931AC1C1DF5B3A89F44E5E953B9BD338641AC2100802AC6E5797E4451144B6278B9331E8F6F69697996B7C530883504005049AD56FBB31860AE8CEA8C60714ED4EF79570C835843000095E479FEBAA87F8B61E65751FF9E65D91BBD2B8641AC2100804AA64C99F2A20816FF1C43CDE6A8EF1745F11EEF8A61106B0800A0922CCB9E1183CD27A3D646DD1421E3EF66CD9AF514EF8C61106B0800A0DF5288486122869C1BA3D6A59091C28677C6308835040050C9E4C993FF325D06D57539D4CCA2285EEC5D310C620D01005492366CA78DDB690377DAC89D36747B570C835843000095A45BCCA65BCDA65BCEA65BCFA65BD01A060D835843000095A40FC54B1F8E1783D0FAA8A5F1F5C4787A9C6110AC2100807ECBB2ECE01886F2A89F44FD2CEAE80913263CDD3008D61000402593274F7E5F9EE7D7C470B4B1288ACFD46AB5171806C11A0200A824C2C41FC6807459D403F1F5BF46B0F87DC320584300005587A497E7797E7E3CDE1FF5EDA8B71B06C11A0200A864D2A449CF8960312386A67BA23A6AB5DA870D83600D010054D2D6D6F6D4A2289A6378BA3502C6AAA829E939C3200285350400504984890F45B8688F41EADEA8539B9A9A9E6B1844A00000A0925AADF6B6081673D23E8B78BC20CBB257180611280000A82482C4AB63A8FA62D79DA12E6F6A6AFA63C3200205000095B4B6B63E3FCFF3D363C0DA10353FC2C5FB0D8308140000549265D9D32258FC7D048AD5316CDD1C5F1F953E95DB30884001004015E362D8FA68D4E2A8BB22589CD8D2D2F22CC3200205000095449878675114DF8DE16B6BD4B95996BDD430884001004025B55AEDB531807D396DE08E90F1F50819871B0611280000A864CA94292F8A41ECACA8CD112C7E108FEF350C2250000050496B6BEBA145514C8FA1ECE7512BE2EB4FCC9A35EB298641040A0000FA2D858808131F8FE16C79D42FE2EB4F6559F60CC320020500005507B477E7797E553C6E899A15E1E2C58641040A00002A8950F18618D62E89FA55D457B32C7BBD6110810200804A5A5A5A5E1243DBD9519D51DF8BA0F12EC32002050000954C9C38F19911268E8B01EE9751CBA226C5D3E30C8308140000F45B9665071745313906B91F47AD89AF8F993061C2D30D8308140000541261E2AF63A0FB61D4A63CCFCFA8D56A2FA89761B02CCB43D6AF5F7FE58A152B1E5DB87061D9DEDEAE86B93A3A3ACAA54B97DE1FD52C500000D0A72CCBDE1CE1E21BE913B8A3BE1475D8480F83294C2C5BB6ACECECEC2C77EDDAA546A8B66EDD5A2E59B2E4C10817470A140000EC577373F3CB22589C1743DED6789C5BABD5FE74A486C174664298A89B50B1ABBDBD7D8D40010040BF4C9A34E93931E89D1C7577048B45799E4F18EE61305DE66498AF9F8A40B15BA00000A092F1E3C71F1261A229EAA731F8DD1EE1626A5B5BDB538763184CD7F01BE4EB2A500CC9CF5AA00000681011263E18C3DFB551F745C0382DCBB2E7D543A078E8D79BCAF52B2F2B57779CBDA7D2D7E9392140A00000A00E4598786B0C81DF8CBA3F0D834D4D4DAF1CA940B17DDB86F28E6BCF2A6FBBE6B427547A2EBD260808140000D4A918045F9586C1AE3B435D5114C55B863B50DCBBFA07FB8489EEBA6FF53C4140A00000A0CE4345992E7D8A30F18F5D97422D88C70F0C57A05873FDF97D068AF49A202050000050E781A2FBEB08164F8B7F6E8DBA23EA96A85ADAD43D9481E28EF6597D068AF49A2020500000304A02450FE36AB5DA47E2B5EBA3EE2A8AE2A4081BCF1628040A810200804AC360BCFE8EA8EFA40FCA8BFA7CFAE0BCC10C14E9AE4E7D058AF49A2020500000308A0345B72CCB5E93E7F9C55D1BB8FF23BE7ED360048A75CBBFD267A048AF090202050000632050F408162F8C3F7366D4A6A87993274FFEAB0309140F6C5855DE71DDCC7D2F778AE7D26B8280400100C0180A14DD5A5B5B0F8D3FFB0F4551FC5F3CFE6F9EE79135B283AB068A5477FEE48A7D02457A4E081028000018A381A2877111263E16FF9E1BA27E19F5E98913273EB3DF81E2E187CB75377E6DDFCB9DE2B9F49A202050000030B603C5E38AA2F88BF8F7FD4FD496F8FA5FE6CD9BF7A49F92BD76F997FBDC43915EF369D9020500000D1228BAD56AB53F887FEFD7A64D9B563EF4D043BD9E95D8B46E5179FB82CFF61926BA2B7D4FFA5E672B040A00001A2450745BB06041E5B312CE560814000008147BF4B687A23F6725F677B642301028000068E04031D030D15D82814001004003070A25500000205008140285400100804021500814000008144AA0000040A05002050000028540215000002050081402854001008040A1040A0000040A25500000205028810200008142A01028040A00008142A01028040A0000040A2550000020502881020080B11D288AA2688F7A8F40215008140000024539903F932A058B3CCFDF255008147E930000048ACA81A247CDEFED8C8540215000002050F427503C7EC6A267B01028040A0000048A7E078A9E672CD2A55002854001004003048AA12A81A2BE6A287FD67E930000188C10B232CFF323C68F1F7F48FA3E81A231CE500000C081068A2704896EC31D28E23FD96B8D96D7050A00001A2D50DC5414C5C7F70E12231928F6F75CBDBF2E500000D02881A2D733120285400100008346A01028000040A01028000040A01028040A0000040A8142A0000040A070DBD883DC36160000EA275028810200008142091400002050081400002050081400002050288102000081420914000008144AA00000008142A00000008142A000000081420914000008144AA0000040A01028040A00001028040A00001028040A8102000081420914000008144AA00000008142A00000008142A000000081420914000008144AA0000040A030C80B140000205008140000205008140000205028810200008142091400002050081400002050081400005037162E5C6890AF9FDA198162B7550900C0A8B174E9D24D9D9D9D86F93AA80D1B367C2702C51AAB1200805163D1A2451F5BBC78F1AFB76CD9B2C3503F7267265298E8E8E8B83BEA48AB120080512586D823DADBDB57A6CB6DD235FC6AD82BBDEF6B8409000000000000000000000000000000000000000000000000000000803AF2FF7CE4AF954243419E0000000049454E44AE426082, '1');
INSERT INTO `act_ge_bytearray` VALUES ('32514', '1', 'LeaveBill.bpmn20.xml', '32513', 0x3C3F786D6C2076657273696F6E3D22312E302220656E636F64696E673D225554462D38223F3E0A3C646566696E6974696F6E7320786D6C6E733D22687474703A2F2F7777772E6F6D672E6F72672F737065632F42504D4E2F32303130303532342F4D4F44454C2220786D6C6E733A7873693D22687474703A2F2F7777772E77332E6F72672F323030312F584D4C536368656D612D696E7374616E63652220786D6C6E733A7873643D22687474703A2F2F7777772E77332E6F72672F323030312F584D4C536368656D612220786D6C6E733A61637469766974693D22687474703A2F2F61637469766974692E6F72672F62706D6E2220786D6C6E733A62706D6E64693D22687474703A2F2F7777772E6F6D672E6F72672F737065632F42504D4E2F32303130303532342F44492220786D6C6E733A6F6D6764633D22687474703A2F2F7777772E6F6D672E6F72672F737065632F44442F32303130303532342F44432220786D6C6E733A6F6D6764693D22687474703A2F2F7777772E6F6D672E6F72672F737065632F44442F32303130303532342F44492220747970654C616E67756167653D22687474703A2F2F7777772E77332E6F72672F323030312F584D4C536368656D61222065787072657373696F6E4C616E67756167653D22687474703A2F2F7777772E77332E6F72672F313939392F585061746822207461726765744E616D6573706163653D22687474703A2F2F7777772E61637469766974692E6F72672F70726F63657373646566223E0A20203C70726F636573732069643D224C6561766542696C6C22206E616D653D224C6561766542696C6C2220697345786563757461626C653D2274727565223E0A202020203C646F63756D656E746174696F6E3EE5AE9AE4B989E8AFB7E58187E79A84E6B581E7A88B3C2F646F63756D656E746174696F6E3E0A202020203C73746172744576656E742069643D227369642D46373341344241362D303346442D343738352D393538452D32314232363745443238314622206E616D653D22E5BC80E5A78B223E3C2F73746172744576656E743E0A202020203C757365725461736B2069643D227369642D36323445384636412D393936312D344337342D383633362D34414546393146424542363922206E616D653D22E8AFB7E58187E794B3E8AFB7223E0A2020202020203C657874656E73696F6E456C656D656E74733E0A20202020202020203C61637469766974693A7461736B4C697374656E6572206576656E743D226372656174652220636C6173733D22636F6D2E736872656B2E6578616D706C652E6C697374656E65722E4C6561766550726F636573735461736B4C697374656E6572223E3C2F61637469766974693A7461736B4C697374656E65723E0A2020202020203C2F657874656E73696F6E456C656D656E74733E0A202020203C2F757365725461736B3E0A202020203C73657175656E6365466C6F772069643D227369642D32344137424134442D443337382D344345372D423037332D4633453939344441373934342220736F757263655265663D227369642D46373341344241362D303346442D343738352D393538452D32314232363745443238314622207461726765745265663D227369642D36323445384636412D393936312D344337342D383633362D344145463931464245423639223E3C2F73657175656E6365466C6F773E0A202020203C757365725461736B2069643D227369642D45394639344243452D323241452D343537462D394138322D37393134354236374143363422206E616D653D22E983A8E997A8E9A286E5AFBCE794B3E8AFB7223E0A2020202020203C657874656E73696F6E456C656D656E74733E0A20202020202020203C61637469766974693A7461736B4C697374656E6572206576656E743D226372656174652220636C6173733D22636F6D2E736872656B2E6578616D706C652E6C697374656E65722E4C6561766550726F636573735461736B4C697374656E6572223E3C2F61637469766974693A7461736B4C697374656E65723E0A2020202020203C2F657874656E73696F6E456C656D656E74733E0A202020203C2F757365725461736B3E0A202020203C73657175656E6365466C6F772069643D227369642D31443244453735372D363631422D343142382D414331442D4231414239344431313243392220736F757263655265663D227369642D36323445384636412D393936312D344337342D383633362D34414546393146424542363922207461726765745265663D227369642D45394639344243452D323241452D343537462D394138322D373931343542363741433634223E3C2F73657175656E6365466C6F773E0A202020203C757365725461736B2069643D227369642D36373533373245342D363046312D344336442D394436362D33323445374438424642343222206E616D653D22E58886E7AEA1E9A286E5AFBCE794B3E8AFB7223E0A2020202020203C657874656E73696F6E456C656D656E74733E0A20202020202020203C61637469766974693A7461736B4C697374656E6572206576656E743D226372656174652220636C6173733D22636F6D2E736872656B2E6578616D706C652E6C697374656E65722E4C6561766550726F636573735461736B4C697374656E6572223E3C2F61637469766974693A7461736B4C697374656E65723E0A2020202020203C2F657874656E73696F6E456C656D656E74733E0A202020203C2F757365725461736B3E0A202020203C73657175656E6365466C6F772069643D227369642D45453841344531462D424245452D343631382D383432442D4230323841324335334134352220736F757263655265663D227369642D45394639344243452D323241452D343537462D394138322D37393134354236374143363422207461726765745265663D227369642D36373533373245342D363046312D344336442D394436362D333234453744384246423432223E3C2F73657175656E6365466C6F773E0A202020203C757365725461736B2069643D227369642D38433444443937352D373732442D343739432D413030332D35363436443842334439314322206E616D653D22E4BABAE4BA8BE5A487E6A188223E0A2020202020203C657874656E73696F6E456C656D656E74733E0A20202020202020203C61637469766974693A7461736B4C697374656E6572206576656E743D226372656174652220636C6173733D22636F6D2E736872656B2E6578616D706C652E6C697374656E65722E4C6561766550726F636573735461736B4C697374656E6572223E3C2F61637469766974693A7461736B4C697374656E65723E0A2020202020203C2F657874656E73696F6E456C656D656E74733E0A202020203C2F757365725461736B3E0A202020203C73657175656E6365466C6F772069643D227369642D37363430333936322D383830422D344631322D413238312D4633463845324241374138322220736F757263655265663D227369642D36373533373245342D363046312D344336442D394436362D33323445374438424642343222207461726765745265663D227369642D38433444443937352D373732442D343739432D413030332D353634364438423344393143223E3C2F73657175656E6365466C6F773E0A202020203C656E644576656E742069643D227369642D30334442363436342D383738422D344137332D424130412D33463941363536454634363222206E616D653D22E7BB93E69D9F223E3C2F656E644576656E743E0A202020203C73657175656E6365466C6F772069643D227369642D35433432304342362D383831342D343339422D394645312D3245463333374434373839312220736F757263655265663D227369642D38433444443937352D373732442D343739432D413030332D35363436443842334439314322207461726765745265663D227369642D30334442363436342D383738422D344137332D424130412D334639413635364546343632223E3C2F73657175656E6365466C6F773E0A20203C2F70726F636573733E0A20203C62706D6E64693A42504D4E4469616772616D2069643D2242504D4E4469616772616D5F4C6561766542696C6C223E0A202020203C62706D6E64693A42504D4E506C616E652062706D6E456C656D656E743D224C6561766542696C6C222069643D2242504D4E506C616E655F4C6561766542696C6C223E0A2020202020203C62706D6E64693A42504D4E53686170652062706D6E456C656D656E743D227369642D46373341344241362D303346442D343738352D393538452D323142323637454432383146222069643D2242504D4E53686170655F7369642D46373341344241362D303346442D343738352D393538452D323142323637454432383146223E0A20202020202020203C6F6D6764633A426F756E6473206865696768743D2233302E30222077696474683D2233302E302220783D2237352E302220793D2239302E30223E3C2F6F6D6764633A426F756E64733E0A2020202020203C2F62706D6E64693A42504D4E53686170653E0A2020202020203C62706D6E64693A42504D4E53686170652062706D6E456C656D656E743D227369642D36323445384636412D393936312D344337342D383633362D344145463931464245423639222069643D2242504D4E53686170655F7369642D36323445384636412D393936312D344337342D383633362D344145463931464245423639223E0A20202020202020203C6F6D6764633A426F756E6473206865696768743D2238302E30222077696474683D223130302E302220783D223136352E302220793D2236302E30223E3C2F6F6D6764633A426F756E64733E0A2020202020203C2F62706D6E64693A42504D4E53686170653E0A2020202020203C62706D6E64693A42504D4E53686170652062706D6E456C656D656E743D227369642D45394639344243452D323241452D343537462D394138322D373931343542363741433634222069643D2242504D4E53686170655F7369642D45394639344243452D323241452D343537462D394138322D373931343542363741433634223E0A20202020202020203C6F6D6764633A426F756E6473206865696768743D2238302E30222077696474683D223130302E302220783D223331352E302220793D2236352E30223E3C2F6F6D6764633A426F756E64733E0A2020202020203C2F62706D6E64693A42504D4E53686170653E0A2020202020203C62706D6E64693A42504D4E53686170652062706D6E456C656D656E743D227369642D36373533373245342D363046312D344336442D394436362D333234453744384246423432222069643D2242504D4E53686170655F7369642D36373533373245342D363046312D344336442D394436362D333234453744384246423432223E0A20202020202020203C6F6D6764633A426F756E6473206865696768743D2238302E30222077696474683D223130302E302220783D223436302E302220793D223139352E30223E3C2F6F6D6764633A426F756E64733E0A2020202020203C2F62706D6E64693A42504D4E53686170653E0A2020202020203C62706D6E64693A42504D4E53686170652062706D6E456C656D656E743D227369642D38433444443937352D373732442D343739432D413030332D353634364438423344393143222069643D2242504D4E53686170655F7369642D38433444443937352D373732442D343739432D413030332D353634364438423344393143223E0A20202020202020203C6F6D6764633A426F756E6473206865696768743D2238302E30222077696474683D223130302E302220783D223630352E302220793D2236352E30223E3C2F6F6D6764633A426F756E64733E0A2020202020203C2F62706D6E64693A42504D4E53686170653E0A2020202020203C62706D6E64693A42504D4E53686170652062706D6E456C656D656E743D227369642D30334442363436342D383738422D344137332D424130412D334639413635364546343632222069643D2242504D4E53686170655F7369642D30334442363436342D383738422D344137332D424130412D334639413635364546343632223E0A20202020202020203C6F6D6764633A426F756E6473206865696768743D2232382E30222077696474683D2232382E302220783D223735302E302220793D2239312E30223E3C2F6F6D6764633A426F756E64733E0A2020202020203C2F62706D6E64693A42504D4E53686170653E0A2020202020203C62706D6E64693A42504D4E456467652062706D6E456C656D656E743D227369642D35433432304342362D383831342D343339422D394645312D324546333337443437383931222069643D2242504D4E456467655F7369642D35433432304342362D383831342D343339422D394645312D324546333337443437383931223E0A20202020202020203C6F6D6764693A776179706F696E7420783D223730352E302220793D223130352E30223E3C2F6F6D6764693A776179706F696E743E0A20202020202020203C6F6D6764693A776179706F696E7420783D223735302E302220793D223130352E30223E3C2F6F6D6764693A776179706F696E743E0A2020202020203C2F62706D6E64693A42504D4E456467653E0A2020202020203C62706D6E64693A42504D4E456467652062706D6E456C656D656E743D227369642D32344137424134442D443337382D344345372D423037332D463345393934444137393434222069643D2242504D4E456467655F7369642D32344137424134442D443337382D344345372D423037332D463345393934444137393434223E0A20202020202020203C6F6D6764693A776179706F696E7420783D223130352E302220793D223130352E30223E3C2F6F6D6764693A776179706F696E743E0A20202020202020203C6F6D6764693A776179706F696E7420783D223133352E302220793D223130352E30223E3C2F6F6D6764693A776179706F696E743E0A20202020202020203C6F6D6764693A776179706F696E7420783D223133352E302220793D223130302E30223E3C2F6F6D6764693A776179706F696E743E0A20202020202020203C6F6D6764693A776179706F696E7420783D223136352E302220793D223130302E30223E3C2F6F6D6764693A776179706F696E743E0A2020202020203C2F62706D6E64693A42504D4E456467653E0A2020202020203C62706D6E64693A42504D4E456467652062706D6E456C656D656E743D227369642D31443244453735372D363631422D343142382D414331442D423141423934443131324339222069643D2242504D4E456467655F7369642D31443244453735372D363631422D343142382D414331442D423141423934443131324339223E0A20202020202020203C6F6D6764693A776179706F696E7420783D223236352E302220793D223130302E30223E3C2F6F6D6764693A776179706F696E743E0A20202020202020203C6F6D6764693A776179706F696E7420783D223239302E302220793D223130302E30223E3C2F6F6D6764693A776179706F696E743E0A20202020202020203C6F6D6764693A776179706F696E7420783D223239302E302220793D223130352E30223E3C2F6F6D6764693A776179706F696E743E0A20202020202020203C6F6D6764693A776179706F696E7420783D223331352E302220793D223130352E30223E3C2F6F6D6764693A776179706F696E743E0A2020202020203C2F62706D6E64693A42504D4E456467653E0A2020202020203C62706D6E64693A42504D4E456467652062706D6E456C656D656E743D227369642D45453841344531462D424245452D343631382D383432442D423032384132433533413435222069643D2242504D4E456467655F7369642D45453841344531462D424245452D343631382D383432442D423032384132433533413435223E0A20202020202020203C6F6D6764693A776179706F696E7420783D223431352E302220793D223130352E30223E3C2F6F6D6764693A776179706F696E743E0A20202020202020203C6F6D6764693A776179706F696E7420783D223433372E352220793D223130352E30223E3C2F6F6D6764693A776179706F696E743E0A20202020202020203C6F6D6764693A776179706F696E7420783D223433372E352220793D223233352E30223E3C2F6F6D6764693A776179706F696E743E0A20202020202020203C6F6D6764693A776179706F696E7420783D223436302E302220793D223233352E30223E3C2F6F6D6764693A776179706F696E743E0A2020202020203C2F62706D6E64693A42504D4E456467653E0A2020202020203C62706D6E64693A42504D4E456467652062706D6E456C656D656E743D227369642D37363430333936322D383830422D344631322D413238312D463346384532424137413832222069643D2242504D4E456467655F7369642D37363430333936322D383830422D344631322D413238312D463346384532424137413832223E0A20202020202020203C6F6D6764693A776179706F696E7420783D223536302E302220793D223233352E30223E3C2F6F6D6764693A776179706F696E743E0A20202020202020203C6F6D6764693A776179706F696E7420783D223538322E352220793D223233352E30223E3C2F6F6D6764693A776179706F696E743E0A20202020202020203C6F6D6764693A776179706F696E7420783D223538322E352220793D223130352E30223E3C2F6F6D6764693A776179706F696E743E0A20202020202020203C6F6D6764693A776179706F696E7420783D223630352E302220793D223130352E30223E3C2F6F6D6764693A776179706F696E743E0A2020202020203C2F62706D6E64693A42504D4E456467653E0A202020203C2F62706D6E64693A42504D4E506C616E653E0A20203C2F62706D6E64693A42504D4E4469616772616D3E0A3C2F646566696E6974696F6E733E, '0');
INSERT INTO `act_ge_bytearray` VALUES ('32515', '1', 'LeaveBill.LeaveBill.png', '32513', 0x89504E470D0A1A0A0000000D49484452000003140000011D080600000095132170000012FE4944415478DAEDDDEF6F5475BE07701EF0E0FE11F701C9BDC9FA27EC837DC01F60B2FB0053FA4369AA69D50BA86549CC2A294189456348DC4D36262606C30D9B10A36E2F5760A6B5B482CD6531D285344B772B0AA5302C5B116DA945CE3DDFC62163DB29ED747E9C99F37A259FA833054CE7D3CFF9BE39E77BCE860D00000000000000000000000000000000000000000000000000000000000000000000000000000000000000000000000000000000000000000000000000000000000000000000000000000000000000000000000000000000000000000000000000000000000000000000000000000000000000000000000000000000000000000000000000000000000000000000000000000000000000000000000000000000000000000000000000000000000000000000000000000040C389A268E3C4C4C4D19191911FFBFBFBA34C26A3AA5CD96C361A1A1AFA675C6D3A120080BA12C2C4F0F07094CBE5A2B9B93955A3BA79F36674EAD4A9DB71B8D8A22B0100A81BE1CC84309198503197C964C67425000075235CE664319F9C8A03C5BCAE0400A06E846BF82DE4131528225D090040C3058AEFBE998A26CEBE1B5DCCEE5BA8F0EFE1352140A0588ECDFE36FB8339A4CC2110281ED49DE9C9E8C2893DD1F963BB7F56E1B5F09E2020502C66B3BFCDFE600E297308048A0775E5E29F9784897C5DBDD867600A144BD8EC6FB33F9843CA1C0281E2418D7D72A068A008EF199602C56236FBDBEC0FE690328740A0785017327B8B068AF09E41295094D2574A5F8139640E0102854061E0AEEB406EB3BFBE0273C81C02523070C3802D1628C27B06A5815B4A5FD9ECAFAFC01C328780940CDCF1D37F281A28C27B06A5815B4A5FD9ECAFAFC01C328780940CDC5B93A3D185933D4BFF06277E2DBC67501AB8A5F495CDFEFA0ACC21730848C9C00DF5E55FDE5B326CC36B86A4815B6A5FD99BA3AFC01C328780B4048ABB77A3F1337F5C7AB953FC5A78CFA034701DC8F5159843CA1C0203B7E886B54BA77F5F74E086F76C5C33704B3990DBECAFAFC01C328780461EB877EF4653E303D15F8FFFAEE8B0CD57F89AF0B5CE5618B86B3990DBECAFAFC01C328780061DB80F3B2BE16C85815B8E03B9CDFEFA0ACC21730868D081BB9AB3122B9DAD30380D5C9BFDF5159843CA1C82140FDC52C344BE0C4E03D7667F7D05E6903287C0C055066EC5FACA667F7D05E69039040814CAC05D7B5FD9ECAFAFC01C328700814219B8A5F495CDFEFA0ACC217308102894815B725FD9ECAFAFC01C328700814219B825F795CDFEFA0ACC21730810289481ABAFF4159843CA1C020C5C03575FE92B707C53E61060E01AB8FA4A39908339640E0106AE122894BE0273C81C821A88A2E8DF464747BB0E1D3A74AAB7B7F7F6CE9D3BE7DBDBDBA3AD5BB7466D6D6DF79F79E699B9975E7A69E2C0810387E3FA85EF98816BE0EA2B7D058E6FCA1C2A97D6D6D67F6F6A6ADA1EAF3D8FC6351ED79DB00E8D6B36AE2FE3F73E88FFF9DBF0757E2A131824DE7FFFFDF75E79E595F9E79F7F3E7AFBEDB7A3919191687272329A9D9D8D82F0CF5C2E179D3B772E8A0347F4DC73CFDD7FE185172E7776763EE53B68E01AB8FA4A5F81E39B32874AD5DCDCFC9BB83271CDFD142056539FC45FDFE6A73301E2E0D0F1EAABAFDEDDBD7BF74258B877EF5EB45A5F7CF145F4E28B2FDEEBEAEA1A7BECB1C7FED377D3C03570F595BE02C737650EAD561C0A36C5A1E0F81A42C472356C1D5ABBB3121B3FFAE8A381A79F7E3AEAEBEB5B539058ECF8F1E3514747C78CB31506AE81ABAFF41538BE297368359A9A9AB6B6B4B4FCAB301CB4B6B646AFBDF65A343030107DFDF5D7D1B7DF7EBBB0D6FCFEFBEF17AE9C397DFA7474F0E0C1E8F1C71F5F1C2AEE385B518330313838F87F3B76EC882E5DBA1495C3E5CB97A3389CCC3CF5D453FF65E01A7406AEBED257E0F8A6CCA115C2C4A37100B85718240E1F3EBC7079FD6A4C4F4F2F7C7DF87585C122FE3D5D8A5F2DE1CC440813ABFDD0562BFC7E9D9D9D0D99107FBAAEEF5706AE81EB40AE040A040A650EADEFCC446198E8EEEE5E381B518AF0EBC265FB8B428533159516F64C84CB9CCA756662B933154F3CF1C474FC613ED248DFB78226CDC43F08BF34700D5C07727D0502853287D6BC9EDA547899534F4FCF83CB9A4A152E87DABF7FFFE2CB9F1EF1535B21E16E4EFBF6ED9B0B7B262AE9D8B16333ADADAD9F3562A028A88F973B6361E01AB80EE4FA0A040A650E2D2F0E13D9C23313EB0D1385A162D1998A613FB515F2C1071FFC77F866FFF0C30F51A53DFBECB3D71BE99453B13B0B2CBE14CAC035701DC8F5150814CA1C5A2ADC1AB670CF44A99739AD74F953E19E0A973E55E8EC4478CE44B8356C359C3F7F7EAE91CE52ACE296651F874BA10C5C03D7815C5F8140A1CCA165034526BF6E0A1BAA2BE1C89123CE525452780276D888BD9EDBC3AE554747C7F570AD5C42034045CAC04D5655EB735FCF70B5D9DF811C6ABDC83387CCA14AF75078B2757E2376388B70EBD6AD8AAC3DC3DD9F16DD5276939FF2323A74E8D0A977DE7927AAA683070F7E111E8F5EAB4051A5807236DCFA6CF3E6CD1B0DDC740EDCF5F49ACDFEFA0A927206DE1C32872AD943F1EBDBF35FF7FAEBAF577AFD59B84EFBAD9FF232EAEDEDBD3D323252D54071E6CC99CBF107D9D7A081E2674122A90337FE5F5AB6AAF5BE40B1E6BEB2D9DF811C6A7D46DF1C3287CADE43F16B47F3EF0F0E0E5674FD191E7E57F0FFD2E7A7BC8C76EEDC393F353555D54071FDFAF55CFC415E69B040F159D854B43848243950ACF45AA5DF17284A3BF365B3BF0339D47031680E994365EFA1F8BFC7F3AF977B33F662E189DA05FF1F57FC9497517B7B7B343B3B5BD54011FEBCF8839C6D9040B1EC19098142A0A844A0B0D9DF811C6ABD183487CCA172F6505C33F9FF2ED7AD6257BA856CC19F3DEBA7BCCC1F762DD46A7374B903C56A0914E90C1436FBDBEC5FCF738B54850373C81CAA79557BFD693294D1B66DDBEE57FB0CC5CCCCCCF5B4254381227D81A242077F9BFD53F837830E7CD4A287CC2173A81AC7B2F0F46A67281AC08E1D3BE6AABD87E2DAB56B7F4BDBB56B028540B1CE219C88CDFE1B6ABC997F43C26F062050D0E081C24D47DC74A4EC3D640F4583D8B367CF78B5EFF274E2C489FF4DDBEE7A8142A0287108276AB37FADFB26E97D2750D0A081C24D471CDF2A762C7397A706F1C61B6FBC53EDE750F4F4F41C4BDBFD7FFD0D8EBFC159E3104EE4667F8142A0205581C24D47048A8A1FCB3C87A241BCFCF2CBFFB17DFBF61FABF8A4ECD99696967FA4ED0985AE31758D6923F495402150909E4051CF7F612650D48FF0A4ECB83FE7ABF1A4ECB6B6B6FB9E945D41DDDDDD7F3F77EE5CB52E773A1C7F88C369FB1E0B140285402150081408140285E3DB52E1B914F985FEE1C3872BB2FE3C72E448E1D9896153A1029E7CF2C9C776EDDA355F85B314D32D2D2D9FC78DD32650280357A01028040A040A81C2F12DECAFC82FF6C3598A726FCE0EBF5FBCFEBC5FF060BD3653A142BABABA46FBFAFA2A9A26C27E8D900A1F763DA640A10C5C8142A010281028048AF41CDFE21EFD24BFE0EFEEEE2EDB2D64C3AD6277EDDA75AFF0EC441AD7A1D5FC2037757474CC5CBA74A92261627474F4A3F8CF988A53E12369FCFE0A140245A3048A0D6E1B2B502050243C506C70D391BA5C87C67533BFF0EFE9E95977A8086162FFFEFD85FB26EEA4751D5A556D6D6DAD5D5D5DDFE772B9B28689AB57AF7EDAD2D2F2559A4F3109140285BED25702050285727C2BAEA9A9696B7E8376FE4C45A9973F855FB7E8CC844B9DAAA9B5B5B5A3B3B3F34EB9CE54843313214CC44DF2629ABFAF06AE81ABAFF495408140A11CDF1EDAABED85A122ECA9081BB5C35D9A567B37A7B001BB70CF44A8B4AF436B9610DBDADA6E7FF8E187DFAD63A3F6F49B6FBEF96EB8CC293447DABFA706AE81ABAFF495408140A11CDF56B70E8D6BBA30108460119E53111E7E17CE3EE42F870A97358527608787D6BDF5D65BD1B66DDB7E5CF474EE3BD6A1B51D3E9BE274D7DFD5D575FDF3CF3F9F59CB73264E9E3C79240E2467C3C617D7AA19B806AEBED25702050285727C5BEB3AB4F076B225967568823ED02D2158B4B7B7E77A7B7B2F7EFAE9A75FC549706A767676213DCCCCCC5CBF76EDDADFB2D9ECFFECDDBBF7E338414E840F30A441BBE80D5C03575FE92B8102814239BEAD671DFA53B0985F4B90B00E4DA8F024C3F8037D3EFE808EC6F5655CB33F7D68E19F57E2EA0B8F31F7E44103D7C0D557FA4AA040A0508E6FD6A160E01AB8FA4A09140814E690390458F8298142091408140285390458F82903575F09142050288102040A65E0EA2B7D2550205028C737C0C03570F59512281028CC21C737C0C2CFC0D5574AA040A03087CC21C0C24F09144AA0008142091420502803575FE92B8102814239BE0106AE81ABAFF495408140A11CDF0003D7C0D5574AA040A03087CC21C0C24F09144AA040A03087CC21C0C24F19B8FA4AA0008142091420502803575FE92B8102814239BE0106AE81ABAF94408140610E39BE01167E06AEBE520205028539640E01167E4AA05002050814E69040010DABBFBFDFA04B4ECDC603775EA0500205028539640E0175636868682A97CB197609A8C9C9C93FC503774CA0500205028539640E0175636060E0D7838383DFDCB87163C6C0ABDD99891026B2D9EC57716D112894408140610E9943405D8917B18FC63FE867C3E536E1075E55BDC2F77DAC51C28403B9400102851228007020772017281028944001406DD8EC9F8ECDFE020549EE2173C84D4700A86336FBA763B3BF4041927BC81C72D31100EA98CDFEE9D8EC2F5090E41E3287DC7404803A67B37FE36FF61728487A0F99436E3A0200A47831881E0200C06210F41000001683E82100002C06D1430000580CA2870000B018440F01006031087A0800008B41F41000001683E82100002C06D1430000580C821E0200C062103D040080C5207A0800008B41F41000001683E82100002C06410F01006031881E0200C062103D040080C5207A0800008B41D0430000580CA2870000B018440F01006031881E0200C062103D040080C520E82100002C06D1430000580CA2870000B018440F01006031087A0800008B41F41000001683E82100002C06D1430000580CA2870000B018043D040080C5207A0800008B41F41000001683E82100002C06410F01006031881E0200C062103D040080C5207A0800008B41F41000001683A0870000B018440F01006031881E0200C062103D040080C520E82100002C06D1430000580CA287000068B8C56014451B2726268E8E8C8CFCD8DFDF1F65321955E5CA66B3D1D0D0D03FE36A13280000A8ABC5600813C3C3C3512E978BE6E6E6548DEAE6CD9BD1A953A76EC7E1628B40010040DD2C06C39909612231A1622E93C98C09140000D4CD62305CE664319F9C8A03C5BC40010040DD2C06C335FC16F2890A1451BDF510000002C543EBBB6FA6A289B3EF4617B3FB162AFC7B784D0810280000102856AC3BD393D185137BA2F3C776FFACC26BE13D4140A0000040A0285A572EFE794998C8D7D58B7D8280400100804051BCC63E3950345084F704018102000081A2685DC8EC2D1A28C27B828040010080402150081400000814E50F14E1AE4EC50245784F101028000010288AD6F8E93F140D14E13D4140A0000040A0285AB72647A30B277B965EEE14BF16DE1304040A0000048A15EBCBBFBCB7245084D78400810200008162E5BA7B371A3FF3C7A5973BC5AF85F704018102000081A2E853B22F9DFE7DD13D14E13D4FCB162800001028969C95981A1F88FE7AFC7745C344BEC2D784AF75B642A0000040A078E85909672B040A0000048AA28162356725563A5B211808140000A43850941A26F2251808140000A4385028810200008142A01028040A0000040A8142A0000040A050020500000285122800001028040A810200008142A01028040A0000040A2550000020502881020000814209140000081402854021500000081402854021500000205028810200008142091400003476A0686E6ECEC4F52B8142A010280000048AA8945F132A048BA6A6A65F0A1402859F2400008162CD81A2A03E5EEE8C8540215000002050AC26503C386351182C040A810200008162D581A2F08C45B8144AA0102800004841A0A8540914C9AA4A7ED67E92000028470839DBD4D4F4E8E6CD9B3786AF1328D27186020000D61B287E1624F2AA1D28E23F72D9AA97F7050A0000D216283E6B6E6EFECDE22051CB40B1D26B497F5FA00000202D8162D93312028540010000652350081400002050081400002050081402050000028540215000002050B86DEC06B78D050080E4040A2550000020502881020000040A81020000040A81020000040A2550000020502881020000814209140000205008140000205008140000205028810200008142091400000814028540010000028540010000028540215000002050288102000081420914000020500814000020500814000020502881020000814209140000081416F20205000008140205000008140205000008144AA0000040A0500205000008140205000008140205000024467F7FBF857C726A360E14F3BA120080BA3134343495CBE52CE613509393937F8A03C598AE0400A06E0C0C0CFC7A7070F09B1B376ECC58D4D7EECC440813D96CF6ABB8B6E84A0000EA4ABC887D3493C99C0D97DB846BF855D52B7CDFC784090000000000000000000000000000000000000000000000000000008004F97F2EDEA6B12AC42F300000000049454E44AE426082, '1');
INSERT INTO `act_ge_bytearray` VALUES ('5001', '5', 'source-extra', null, 0x89504E470D0A1A0A0000000D494844520000034B000000C30806000000534F8A5E000000206348524D00007A26000080840000FA00000080E8000075300000EA6000003A98000017709CBA513C0000000467414D410000B18E7CFB5193000000017352474200AECE1CE900000006624B474400FF00FF00FFA0BDA793000000097048597300000EC400000EC401952B0E1B000020004944415478DAEDDD077C5465BAC7F1372124A185221D44C0167515ECABA262415C6CACA280A062655DF5EEAA7B2DBBAE0571756DBBBA7641A9D274410491A2C282E02A3D5851082849901A08104A92FBFE4FCEC93D99145266269399DFF7F3399F29994926679E39F33E6F798E31000000000000000000000000000000000000000000000000000000000000000000000000000000000000000000000000000000000000000000000000000000000000000000000000000000000000000000000000000000000000000000000000000000000000000000000000000000000000000000000000000000000000000000000000000000000000000000000000000000000000000000000000000000000000000000000000000000000000000000000000000000000000000000000000000000000000000000000000000000000000000000000000000000000000000000000000000000000000000000000000000000000000000000000000000000000000000000000000000000000000000000000000000000000000000000000000000000000000E113C72E406D50505090BC76EDDA3B73727206EEDEBDFBE85DBB7625E7E7E7B363AA7B00888B2B484A4ADA929898F8C5FEFDFB9FEDD6ADDBA7EC150000009225D4123649FADDE6CD9B9FCBCDCDADDFBA756BD3B87163D3A85123131F1FCFCEA926259C3601353B76EC30595959FBF2F2F2BED9B367CFC09E3D7BAE62EF00000092252082AD5FBF7ECA9A356BAEE8D0A18369DBB6AD4642D8292194919161D2D3D3F7141414F43FFFFCF3DF678F0000805856875D80484E94EC76C531C71C635AB46841A214061AB16BD6AC59DD5F7EF9E592810307A68D1A35EA7BF60A00002059022288A6DEA5A7A7DFAB44292525A5C4CFF7E66C34595F4F3659DFBC6F36AFFDD4ECDEB6D624356869129252D879D5949898A88429292B2BABD7800103A68F1933E617F60A0000884509EC02441A157358BC78F1739A7A5756A2F4D3D2B7CC817DBB8AEEDBBDF547B37EC970D3E1E49B4D724A3B7662353568D0C074ECD831DF26AD2FDA9BE74773AC513824F862A9700831440C116BC41AA23C46D80588346BD6ACF9D3860D1B9E39F5D4534B9D7A97F9D5BB263B7379A9CF6DD8E218D3BECB007662902C5AB4E867FBE571758F1E3D3E8FB6FF8DC221A1132B8543882162885823D610FD9886878873F3CD37BFD2B469D3D64D9A3429F5E79B7E9C6DF2F6EF2EF5670505F9A6598733D88941B26FDFBEEF77EEDC597FF4E8D1B3A3E9FFD27A384DF36CD3A64DDDD4D454A3584B4E4E665D5C90683F2625253923C36DDBB6AD631B74AD6D1CDD78C30D37AC1A3972E477C4108821628D58436D419704228EA617A8D7AC2C0579FBCB7E7201531282A979F3E69AD3D83DDA1A1E2A1C72DC71C79976EDDAD1E0080355B2ECD2A54B3DDB08193D67CE9C4B8921C47A0C116BC41A4896802AD33C6C4D2F40CDB3EF431B7BD1355AFE1F4D655129FAA38F3EBACCF5703F2F1F6DBEFF7488F9EE9347CDFAA56F9BDC1D1B088420D03AB8134E38A1916DEC8D9E3973E6AF8821C46A0C116BC41A4896806AD1FC61E66147C801A2F07D888A42305A1CAD39FF072B1C92B3F93B939FB7CF14E41F282A1C420324780D10150EA953A7CE8BC4106231868835620D244B40C8D5ADD7B4CC9F2524312285D2A98A9416476B8A4569B6AE9B5FACC26251F26E1B229BD7CE65070649FBF6ED9B2524241C397BF6EC5F134388B51822D68835902C0121D7ACC3992621B14189FBEBD4AD679A1DD68D1D8452A9DCAEAA489535E77F4F39BDB1EAC545F0B46CD932CB5E5C450C21D662885823D640B204849CCA8337687E74A9F7376A791C3B08A5A27048E4A8AD8543882162885823D6107B38292D6AA5BCFD7B4ADC7760EF4E760CCA44E190C8E1160E69410C21D662885823D650FB30B2845A65DFAE4DCE02D69C4DDF94FC72D9B2DAAC5FFCA6F3182010854322E88BA796160E21868821628D5803C91210B1B23396DA446998D9BD6D6D998FD9BD7D9D49FFE255B36DFD42E704B54045513804C410883500244BA8753452F4D3B29126F3EB7F975AFD2790AA016DFCFE43F393CE39B133931D880AA170088821106B00489650EB68A44853EC2A4B2350EBBE7C9D1D880AA170088821106B00489650EB68A4A8AA74A23EA0A2281C026208C41A003F16AC21E2A55E38949D8090D254CFAC6FA796BA1ECE2B1CD2FA98DE26B1010591400C8158036209234B00621A8543400C8158035016469600C424F5CEAA104845D7C3798543766EFAC6B43CAA9749764EBD0162881802B1064433469600C4240A87801802B106806409004A41E110104320D6001C0CD3F000C4240A87801802B106E060185902000000009225000000002059020000000092250000000008260A3C0459414141725A5ADA0DCB962DBB363333B36B464646FD1D3B7624E4E6E69A84848482468D1AED6FD6ACD98694949485F6E18FDF7FFFFDDFB1D700000050D3060C18D0FEC08103BDE3E2E2CEB537BBDAADB5DD1ADA2DD76E59B69DBBDCFEECB33A75EA8C1F3B76ECCF244BA85492F4EF7FFFFB8DA14387F6DFB2654BC231C71C63BA77EF6E0E3DF450639323939C9C6C6CC214B773E7CEC49F7EFAA9D3AA55AB3A2D5DBAF4DABBEFBE7BFDAE5DBB86BEF1C61BC3D88B00000008B7FEFDFBF7B61777E4E7E79F6393A1C4521E926CB78EF6671DED65EFBCBCBC67FAF5EB37D7DE1E3E6EDCB831244B28D7E79F7F7ED3134F3CF14A767676920D1CD3A54B176333EE92516613266D2D5AB430279D7492B9FEFAEBE356AC5871D8F8F1E35F1B3C78F0BD5BB76EBD6CD2A4493FB047010000106AB6DDAA04E8B58282829E55787A77FBBCEEF6770CB6C9D38DD1DA862559AA061B200953A74E9D3562C488F32EB9E412F39BDFFCA6D424A93C4AACEC5667E6CC99A913274E5C79DB6DB7FD0FA34C00000008A5BE7DFBF68B8F8F7F253F3FBFA9779FDAB1BFFAD5AFCCE9A79F6E8E38E208D3A44913D3A85123B37BF76EB37DFB76939E9E6EBEF8E20BB374E952B37FFF7EEF69DDECF396F5EFDFFFF6681C652259AA46A2346FDEBC8573E6CC39F59E7BEE31471E7964B57E5FCF9E3D4D6A6A6ABDA79E7AEAC55B6EB92569D8B0612FD7E25E8A87E2E2E2566566664E9B3B772EA70E07000088AC44E9529B288DB189521D2F4952A7FF45175DE4CC800A54BF7E7D676BDBB6AD39F3CC339DC469FAF4E966C68C19262F2F4F0F6968DBC6A36DC2946C13A6A8EAF4A71A5E156944E9BDF7DE3BF5AF7FFD6BB51325CF61871D66860C1952CF06EF5336D806D6E2DDF3B8FDC04C6ED5AA55B64D9C26D8FFE5E2ABAFBEBA6124BED0ACAC2C93939353E2FEFBEFBFBFCCE7646464980F3FFCD079AEF73B54C0C3B37EFDFA329FFBF9E79F9B2953A604F5F5000000542251D288D214DB5673122525404F3EF9A48A3B949A289546234E7ABC9EA7F5F91EFB3BDFACE56D5892A560D01A259B499F77D75D775538A82A4ABFEFCF7FFE73C3BA75EBFECB065B6A6DDE4F717171F5EDC535F68333A34E9D3A99F6FF19A7C469D0A041C991F21A9B376FAE9130E7FA82050BCC471F7DE46C4B962C712EA74D9B661E7CF0C162CF993973A6494C4C3437DE78A3F398679E79C62C5EBCD8D8E4D9B97DE79D7796F9F7D413E31BB60ECAEB010000A808AD51B26DB257BC44E9E8A38F368F3EFA68B184A732F43C3DFFF8E38FF7274CAFD6F6362CC95235A8EADDAC59B35ED51AA5608D2805D20893CDFA936CD6FF7614ED3A0DCFF653E2949B9BBBDD7E58C7AAF24AF7EEDD6B742A68424282E9DDBBB773FD94534E31175F7CB1B3B569D3C6B954CFC9E38F3F5EEC399AAB7BE185173A3D317A8CE6F676EDDAD55C75D555CEED76EDDA157BFC0D37DC5094F428A95ABE7C79D16D4DBFFCE5975FAAF57A0000002AD4F08F8F1FE6AD51523BE6DE7BEF75D6245587A6E7FDF18F7FF4275C6AF3BD192DFB8C354B953465CA94E12AFFAD466E28F5EAD5ABDEF4E9D33B6928330A17CB25D9ED5AFB41BAB655AB563BEDFFF8B1BDFD7A5252D2DC112346E4D6402F4BD1758D0E3568D0C06466663AC98C6CDEBCD9B46EDDDAB9BE69D326F3C30F85C55E76EDDAE54CB9D37D9A3AB772E54AD3BE7D7B630F42C57EBF6E2BD1F1D8F829BA3D76EC58D3B265CB2ABF1E0000808A5027B56D935CA0EB5AA3A404A7BA89923F61D28C2BCD7E71D730758B96362CC95225685469E8D0A1D7A8315BB76EDD90FFBDC18307377DFAE9A7EFB057C31E681AA6B5178342FD77E2E2E21AD9FDAAA194DE5AF763FFEE1A251FE1F0E38F3F9AEFBEFBCE3CF2C823E6830F3E30B367CF2E9A56A92A859EBFFFFDEFE6A1871E32871C72889938716251A2A224A643870EE6F7BFFFBD69D8B061D1FD5AC7E6A791232FD1D1C8D29E3D7B8A0E4EDEBAA7AABE9E505362A68A37F67D79340C6FC988F1E3C7A7971393140E41758F6BC4108835C4725CDDE15D513187AA4EBD2B8B7EDFA5975E6ADE7FFF7DAFDD3CB826DAB0244B35282D2DED06DBF04DF0375C43E984134E484C4A4AEAA4C4A5BC46648828517AA4067673674D73D394B6503BFCF0C39D6DDCB8714EA273DD75D799D75E7BCD74ECD8D1F4E8D1C3798C468B1E7EF861D3B46953670449737B953C88469694DC6CD8B0C11959D23A268D2229C9F9C73FFE51F477347254DEC852555F4F38CC9F3FDF2C5BB6CC843116CA4BCA5438C4B46AD56A8FFD4CCCB05F186F1E387060C1A4499372C2159C4A7A350553D3250F46F1A2B566FEF7BE3CF67F3193274F36575F7DB5533044B7FD468F1EED8C3A7AEFFD37DF7CE324E281A72B58BD7AB5F32558DEE8A30A8D2851F7A67C06D2CFD401A0CD4F854694ACD7625E0CE5D87D39C5C6D0D870C790F7DEE9C4E53B76EC305F7FFDB5F9F5AF7F5DEAE3A64E9DEA4CBD3DE79C738AEE7BFAE9A7CD9FFEF4274DA521866A41ACD97DB8AB6FDFBE535475AC2662AD2AF41D74D65967399D8115B170E142E73B5055D43CFA2E2C2D46FFF6B7BF995B6FBDB552EBBDF53D78E5955796988511A3BC63D86EFB599E668F616F5734AE060C18D0DEBE2FE7E9BA57F92E14F49DA72258EEFAEC6E35D4862559AA29B6D1786D59279C0D95E38F3F3EEBBFFFFD6F1F7BF5D91AFCD71FABE4E32BD2B0CEB71FF87CFB412F1683F6F69A534E39A5734DFDA3765F9B9B6EBAA9E8F68409138A1A166A20ABA1AC2F12D1C89292276D9F7CF28939FFFCF39D020CE79D775E585E4F389C7DF6D966DDBA758AFDC742F8672A9588D918A9672FAEB4F173A5FD2CE6F4EFDF7F86BDFD5638A671EEDBB7CFBCFAEAABCE54839F7FFED9495E3B75EAE4C482EEBFFBEEBB8BBED0D518F8F4D34F9D06ABD6B429C956422DEA10E8D6AD9B13331E4DB9D4C8A31ABA4AC0EBD5ABE7AC6FFBECB3CF9C690D4A9E75526B8FFEB6FEAEBF81E23588D5B3579E8A141A512358F1AC42235E8546AFD088FE27BD2E5541AA8D6C0CA9053FD0C6D040DBA0DB6E6368AADA88E188219DAB64D0A0414E6342A3C34A58CA4A96FEF5AF7F993BEEB8A368BDA3DEEBB56BD73ACFD5F1489D194F3CF1043114D91AD8781B60636D803D5EEDB00DC7F7EDED776A6ADA7945A8134F6BA7CB4A96147FFE444889B3972089CEC3336BD62C631BC845C73C51E7A2E273E0C081CE14F6BD7BF73A3331F4B84023478E2C36EA316AD42873D2492739D7B76CD9E2BCBED34E3B2D66DBA3BE025AD7B8DF83D3B4DBCA8B2BFB99EB6D9FE73460D5966DD6AC59485E9B3A78F45EA9FDE2AAE9362CC9523865666676EDDEBD7B58FFE6E9A79FDEC406DCB93518688FD903D9A3957982FD3228B3F16B3FD807DC0429DE5EC6DBDBDBEDE51CF5F0DA0FF947FA90DBE4A020DCFFA40EF2696969CEA88F1AB29E6DDBB6155D0F4C52366EDCE87CE96BFA9C1A2173E6CC71CE37A0064E40DC94390DCF5FDCA1B2AF271CD4E0D141EFFEFBEF7F34547FC35DA355D5912B2D22BDDA5E5E9D9B9BBBD77E614C564E19ECA92F7A0FF4FE7BC9B1DE6B2F0674E23E357A3565D14B943462A0A994B7DD769B735B6BD9B479F465AFC4CB4F31A25143F5BCAB01A1B8511C684EB97AE7153B2AFAE1516365D5AA55CE3CF1C078530358B1E28F59151AB1FBA7D438D448A81AC8DEEB0F2C34E235B0D58852AFA11ABFD15268C41E7B9AD818BADE5EBDDEC690462D27D8FBDE0FD5F4A9975E7AC9797FBD69B46A302A91081C8199346992D360FCF8E38FCD71C71DE7148EC9CECE7692F2214386384954E0A8253114F152EC769D8DB7EB6CACE5DA7D39D1DE9E1C6953F5BEFFFE7B27192E4BAF5EBD9CCEA2356BD63831E4BDB78A31AD55D1A8E9EF7EF7BB12CFD3A8E86F7FFBDBA2244C71AAC429906249BF431D4A1AE5D4F7AABF53E0ADB7DE2A16C7282CA0A5AF537D0FDA63D87BF618362930AEEC7DE77AD7439D68EAF7FB92A59A6CC3922C855B4646467DF5668453E7CE9DF52DD6B516EF368D20EDB71FD224F7C3AA985317A3B28709F5EAD59B6313A4ED35F902359D4E53031E78E001A7B7D37F9EA3C0692C7EAD5AB52AD658D1015D276A0B9C7AA01E31559CF1F8A7E105F6E856E7F5C024795F18AD5BB7564FDB27F6FAABC1E8C1D5815F49B0378549E5E135DDF2EDB70B0B566A1A8A1A927E6A0CEA1C1415A1C7AA2346A3549A72F997BFFCC51941D07A38F5C47B8D6CF5D2FBA912A31A1401BD874E0C7EF9E59725A6C55068E4A0346A39C8C6D120FBBFE93C711FD963D688608D02A881A991DAFBEEBBAFE8BEBE7DFBEA7411E6C5175F2C717CD171E3820B2E70120F8D4079C71675CED8D7E4C4833702440CD53AC95E926EF781469C66D9581B1E09234E7AFF0FD631A7645934DB42A398A211F4FFFCE73F4E9C9F7BEEB9C51EAF447AF0E0C1CE54731D4BD511A70E83D24630F533D18C0D4DC1D37154D73532A5185367943A1315EB28F93D68CA28A06513A9AEBEB665485F84960FF874ADED3B9564A912EC073441C38BE1B47FFFFE161A8D09D3027BBF60AD5189771325B5F8DFB5DBF4E4E4E4699134FD4007E07FFEF39F4E8344076F7F6340BDBB25B2BF806A77B262C50AA721A046F315575C51AC97D89F2895D839A5CCE9AEECEB89228FF81B5741E869BBDC5E5EEE160E595BDDC221EAE9D4FA2D3510DF78E38D62271FFEE9A79F9C466F79EF6B59F4FAD4A8558FBD122E8D26687AC4CB2FBFECBCF79ADFFFE69B6F9678EF5564460D96C05101C58D1EAB46B9BFA11B498546C25C38A4AA1A2B97B171D457EF917D7F7FAC4E0C6924513DE63A2F9B9F926F8D4E5E7EF9E5CEB94ABCA9468A03355ABDB51FDE31458D464DE513C5E119679CE11C7B88A15A4D234E7D6CACF5718F573F86ABD0516971AA511B252407A3F5761A555222EF7C601A3776A6769E70C209253A09D491A844495451560500BC11FA40EA0C9061C386394997BE53155F9AFEF7873FFC21ECFBA4B6C65A60012D355FBC9F85BA2D1BF0FB9B932CC510059B7FBE7738682EB03B1AF3486DDB5F9A62672FE6DA2F7A6F1EEDF6487C9DEA3D0D6C2CA851F0C20B2F98D2BEB0BCD11D3560F4733D5FF3B23535465F1AD75E7BADD320D274ADD212ADD292ADEABC9E684B9842F47B3B55B570881AA69AAA74D4514715BD175AB7A8F749D3E9448DBDC0294B15A5E4CB6B1C6851B5FE9ED760F61A2FA5D11427356AFD238F6A7C28A9D35C7F4D95F18BA4422335503824180D8FC3AB1A43FAEED0C88A4624E7CE9DEBC4939209AD2D92E1C3873B898D467EF43E69AD917AD3B5A64D27BF7EECB1FF5F32A80445B79F7FFEF9A25E791D1788A1A87278B80A1D0552327EECB1C73ADF733AD6955554416D218D240552DC687AB29F37055971AA8EC0CB2EBBCCF9DFF45D79CD35D738715C5AD19C5B6EB9C5F9EC682DA846241597FA9C289E525252C2B64FA228D68A7AF182552EBC2C016D98E4DAFE812459AA04DBE02FB01FDCB870264CA79D76DAE677DF7DB789FDA27EA286FEED115578CE5FEDEB4DB7FBE9DD485DC05AD687FAF5D75F2F6A14F8E748FBE960EF3D56898FBF41A183B92A5895455316FC0B5E83F17AA2404563AC225F54056EEF599D80866E950B87E8FD504FE99831638ABEF4D5BBAE29255EEFABDE57CDC7F74FAFAA28F5B8ABE755BDF16A786AAD89D7A0740ED2A53422BCC66DE01A4AF5F46A4AD5D6AD5B9DA92E1AA9088660171A0953E190AAC690975924062B86D4B1E24DC9D4D421253C4ABEF57EEB18A2FDE935043D5EF10F25E4FE514CAD0951CCF8A7AF1143B5B6E327AFC08AA442475A23A7114AC597125C25B4A5F127CD5E32AEFB946C29B1D1FBEB8DB66BD453B32E94E02BD15702A4F54E9A49A0FB340279E491473ADF77EA7852CC2B51533CEBB3A2F35AEA38ACE3AC4697DE79E71D27960EF65D1A2C11166BD529A0A5FBE3BD8E8E50264CDEE8B7D75F44B21443525252F66FDFBE3D319C73ACEBD6ADBBD506786E658B2CD424FB5A87D6DA0F44054A427B5346D400AACC742BA7F555C9837B455E4F6DE796143D687C1FA470489E5BE5274E8952280A87688EBC7A3A455394024BDF6AA4A0AC72B907A3A99A4AC4343AA5C5CF6A74E86FA811A22956CEB79F6F44520DDAD4D4543373E64CA7B1AB9108D1A5A6C2A8417EF2C92717FB1B915468241C85432A19437BD48870A70C27BA3115B4180AFCDCAB5298371D4F0DC7F28E0B3ADEF81763ABC7DF3DE1233154033154DD58D3B47AED161B577AD3EBD84B1329858EF49E28B1F1579D53810525321E25EEAAB0E88F59EF741ABA4F3FD3EFD108A7469254E65AD459A0D8D128921275C5A6A69EEA6FE8F77BEB7D15DF8B162D72BEFBB4696D9E0A3AA8C089B7964E9F094DC753321F8EEFC8488AB5EA14D0B2C79A34FBB323F45815F00865B21450206433C9520C69D2A4C9FA75EBD61D11CE64C97EC9FCA8DE27F63E50E28B61AFAF708812A590150E292F01528FBE4A20AB17B4AABC92E45A67E2CDC9D7B97434754BBD9AFADD9A86E9F11ACF1A9D50CFAF9E2B6A58A8611C58594D283452428E9B5C2B93A8A746AB0943F119ADBD50E3CB9B46A4E9686DDAB429F7F1EAADF7B3AF4BA7952896B01343116D9FFB3D5ECFD7DB1F51858E44EBC7FCE7C0529110AD17D2FA226F3A9E12716D9AAEA9F8D3E8A08E81A2E97BAAD8A8C446895069B1AC84491D049A8AAAEBBA54B2E41D6395FC78D34B15233A4D834AEB6B0D8CFE8ED761E54D618D71952AA06513ADE55EB2A491BD609F90D64FE5E37D96932CC510FBE536CF7EB08FD062DC7059B870A1BA65E6B1F781E2C25D3844D330BC5E75FF9C7CF5E6EB676A141E6C54498D05350ED4FBAA2A671E4DEDBDF9E69B9D0686CED3A5C6887A4FD590D6796834B5533DB19A02EA5F0CAFC5F29AA2A2B572AAD4E95F641F8842232534F4355AC312436A24AA375CE73CF24621F5DE29F129EF7D0B2C115EDAC8263114D112C31D6B953574E850672D905784419420A9BCBB92154DED5482E225D19A12E7C5B01226150B51CC7927672F8D3A9A15034A9A35FAA4EB1AAD2C8D46B094C0EBB3A2515025E61AADD21A3E9DA4595345F55AAB32921F452A5540CB2656F3ECE375CE23679437B0626130F94791A3A10D4BB25409D9D9D94FDA46D18D797979F1613A316DEEEAD5AB53EDE51DEC7DA0E8801FF6C221FAF2D78264AFB117F8051DD88BAA73E7F81B1DFEC6827A5E551C42F3F4033A639C1E7EFD5CBDB66A507827ECD4EF578353F7FBABEE8916E9EBB12A3DADE20165AD3108FC7F62B9D0484DC490120725CA6A7C2A7E3412A418D05A1E2F092F8D7AD3037FAE119BD21043C45A65E9FDD07AA2DB6FBFBDD4AA844A8A748A04C569E0498815331AB9D43AA4E9D3A7171DE3CAFB5B5E2CAB34BEAE7FFBEDB7C58A9128595772A4D8F262579D4B4AC694ACEBB5A80CB9D653A9E47E552A29C66A5CD9CFFF14DB7EFD87AEAA82AFD62586E2C4B49A82B764C91275F4C7B977BD5BDBF7771C4DAFCAB9E79E7B7E183060C0E1FE0F77A8CC9A356BAC3D301C367EFCF8B363691FCF9E3DBB403D47880C3A6F468F1E3D6AFC58D1AF5FBF875438C47E3154A9704828E24AD344823D67BEBC754F555D1315480DF5CAAC9F0BC5FF59137115893174302A2252D9CA5FC450CDAB8DB1168A635630622F5831CBF7A051F18ED936D1BA50D735DDB1A2E702AC0CDB6675A66EBA1644431B9691A54ACACECE7EF01DAB4B972E09211E5DDA3E72E4C863ED87E279F63A1099854342B1B8B8BC4641B01A0CB15A68A436169FA94A89646288580BA78AC65455632FC6A7DA053BAE5472D3499666CC98E14C690CE6DA259D73F0830F3E281A55B26DD8D7A322C609BDCA193E7CF8A49C9C9C6F1464A1F4ECB3CFBE979F9FBF2B3333733C7B1D000000D5316EDCB829F662AEAEABAAA6D6146A3D5830A85CF80B2FBC9067DBAEDE08DC826869C3922C55417676F6E593274FDEA3929AA19096963675C9922597D88CFCD6B973E71E608F03000020086E346E39EF8C8C0CF3DC73CF553B6152A26413AF820D1B367853AE72A2A90D4BB254053A2FCCBE7DFB6EB501B63BD88B546DA07DF6D4534F75B541F6BFE3C68DFB96BD0D00008060B5610B0A0AEEB2579D4446C56774F2694DA1AB0A3DEFE1871FCE4B4B4B2B5AD365DBB0B747531B9664A98AC68C1933362727E7AE871E7A282758234C1A51BAEFBEFB0ECDCBCB7BD506D918F6320000008269C284099A1E77AB973069844965DAC78E1D1B7842D932E9712AE6F0C0030FF8479454A9EFC1686BC352E0A11A6C50BDD5B76FDFDD43860C79BD4F9F3E752EBDF4D206552CFAB0FDF9E79F9FF2E5975FAA2EF183368847B077010000100A36D11961DBB0AAA8F76A5C5C5C13AD619A366D9A53F841E75FD389AB3B77EEEC9C10B851A346CE543B25483AE1EC92254BB4E5EFDDBB57832EDE8892CEF7745734B661499682909DF7EBD7EFF38913270EB70176DCE0C183534E3CF1C47A157C7AEEECD9B3A78C1A35EA8803070E1C6183F53CA6DE010000205C6D58DBFE7CD32B29AEA469E9D2A5CE7610FED9690BB446295ADBB0244BC1C9CED3EDC50536E0FA3CFBECB3B72726261E9F9A9ABAA95BB76E0D3B75EA94D8AC59B3D63ABBFA9E3D7B36DAAC3CFBEBAFBF5EBD60C1823AAB57AF3EDA06657BFBDC97B3B2B2C650CC01000000616EC3F6501BD6263C836DD2D4BD12F9C102BB0D8FF6362CC95270034E67297E77C08001ED57AC58D167F9F2E567D9DBA7D84DC39CC9766B6C379D025B35E83FB6DBED6E900200000035DE86CDCFCFEF639326AF0DDBDA6DC3AA2DAB2A7ACBED364F8F8D95362CC952088C1D3BF6677BF14F770300000068C3D64254C30300000000922500000000AEBE763BCC775BB3CE9EAEC0F33E8A953C826429B48EB2DB5901F7FDD16EA9BEDBA7BBF701000000E174B6DDD6F96EAB50437DF77AA27BA9354B27BB4995B7EDB3DBA1BEDB4FD8AD6934EE20D62C0527C81AD9ED7CBB6DB3DB3237A86EB2DB2B76DB19F0F82EA6F83CD0CBDDC701000000E1D2D56E6F9BC2CEFDA3DCFBF2EDD6D16EBDEC76AADB46DD64B7256E12B5DB7DDC2E5F92D5CA6E7F89069A8ABD0000062C49444154D69D44B2547DF3DDCB43EC9669B739766BE8264F1FFA1ED7CE6E27DAADBD1B800AC471EE7336D8ED6237D9FA2FBB140000002194E8B64BC79AC269774FDA6DA3FBB35E6E1BF6C380E77C60B7E7DCEB6DDDC7C920BBF57313ADA8C334BCF004A37113A21FEC36DE6E73EDD6C10DCE1FDC608B77B3FB5476190000004228D94D781EB4DB7B76DB620AD72FA94DAAD1A3DE76BB2EE039BFF892A80CDFF525D19A2809234BD573ACDD3ABB01D2C54D8012DD00ECE806DC15767BD4148E205DE806A4469D16BACFDD6BB7CF4CE1DCCF2DEE0600000084CA0EBBBDE5B65FE7BBEDD719EEFDDE88528B80E7B474DBB65E9BF74653381A754634EF2892A5EAF9DADD44733D5519E45B537C1A9E7F08B3859B3429A8FEEE06582B3789326EF0310D0F000000A136C66E934DE1FA792D23F95FBB2D727FA68EFFE3EDF698EFF19A82F7A5291C815A6F0A3BFA3FF43D272A310D2F788E7313A5F26804EA2C3733DFE12658DB7C4955677623000000C2A0A7DD5EF2B541337D6DD259765B13F0F84FEC36D46EF7B8B7F598A7ECB6279A7712234BC1A152891915789CB2F3FF3185A5164F65B79591C1C7C717E4E7E7C7D94B76460DB3EF832ADDB4634F000010550E71931E75DE6BCD9146967E6BFE7FB65372C0E3353BEA16BB3D600A3BFA4555F2DE3085D3F794480D73132E922594709B299C5677300AB406A670D1DC9DA6701ADE99A6B0F438EF87F7E94C4EFE65E7CE9DAD1A376ECCCEA861DBB66D5BE51E0C010040F4D01AF909765BE9BBEF673769122D2939D59758A900D993BEC7EE732F35FA7489295C4A92198D3B8AC679F5B3729D54F605BBE5FAEE5742F47D2989D219BE407BD614CE11D5DC4F6FFA1ED3F0ACBA75EB2EC8CECEBE8A64A9E6656565A9C7E91BF6040000516765C0EDB77DD773ECF6A92FB19A1FF0D81B7DD7553D2F6AD72D31CFA9FA59F98701899268C4E8C580FBD43B3F35E0BEA9A6F83AA797D8A57667E6E63E9D9999B9BFA0A0809D51B3D2B76EDDAA9EA2F7D8150000C0273F56FE519225449C73CE39E70B9B28ADCCC8C86067D4A055AB56CDB6EF43468F1E3D3E676F0000805844B28488949B9B3B303D3D7DF78E1D3BD8193560FBF6EDEF6FDDBAF5B2FCFCFCBBA3E66057583884373702B885430E104388B51822D68835902C0141D1B367CF6FED01EA8AAFBEFA2A9B8429FC89525A5ADAF1717171B7DAF76155B4FC5F6EE110DEE008E0160E594E0C21D662885823D640B20404CD85175E38E7C081037D56AC58B163FDFAF55B59C31472E9AB56AD7A73E5CA952A5AF207BBFFA745D33FE7160EE15D8E006EE190B9C410622D868835620D244B40D013A6BCBCBCD3D3D3D3172F5AB468D3EAD5AB976DDBB62D8BE909C1A1E9055BB66C99FED5575F8D9B3F7FFEEEAD5BB776B2F7F588B64449281C123949796D2D1C420C1143C41AB186D813C72E406D316BD6ACAE71717157D9ABDDED768A2979C234549EE6616B7AC15C7D19447B318779F3E62D3EF4D0434F6ED78EF3ECD6148D5E2A29B7B1D68318422CC610B146ACA176E13C4BA8352EBAE8A2E58679C3A806B770C892468D1AD54F494961878499AF70480F6208B11A43C41AB186DAA50EBB0040AC183366CCE6EBAEBBEE8B2D5BB65CD1B871E3E4A4A424764A181B1E6EE190DF5F74D1450B8821C46A0C116BC41A48960020628D1A356ACDC08103176FDCB8B1B7FD22DC95929252CF5EB2634247854326A5A7A79FAF864734AC8723868821628D5843ECE013072026CD9C3933353E3EFE85848484135BB468F173F3E6CDDB346EDCB8B5BD8F9D534D2A1CA272BBAA22A5C5D13AB9B1CED9154DA5E8892162885823D640B20400518FC2212111538543882162885823D6000000000000000000000000000000000000000000000000000000000000000000000000000000000000000000000000000000000000000000000000000000000000000000000000000000000000000000000000000000000000000000000000000000000000000000000000000000000000000000000000000000000000000000000000000000000000000000000000000000000000000000000000000000000000000000000000000000000000000000000000000000000000000000000000000000000000000000000000000000000000000000000000000000000000000000000000000000000000000000000000801AF17F55C88CB4E490C5C10000000049454E44AE426082, null);
INSERT INTO `act_ge_bytearray` VALUES ('7501', '2', 'source-extra', null, 0x89504E470D0A1A0A0000000D4948445200000221000000970806000000C31B8BC6000000206348524D00007A26000080840000FA00000080E8000075300000EA6000003A98000017709CBA513C0000000467414D410000B18E7CFB5193000000017352474200AECE1CE900000006624B474400FF00FF00FFA0BDA793000000097048597300000EC400000EC401952B0E1B000018D24944415478DAEDDD0B7414559EC7F1DB7947C21B6240C0A030C880C001059645C8280F6541DC11053680382303EA2AE301453C28E0B2E232B8A2E8A28751190823F210501490E8E021A3C8338140080279004948421E4D209D9074EFFD97DD9C101284F423DD9DEFE79C3A9DA4539DCEADAA5BBFBA75EF6DA50000000000000000000000000000000000000000000000000000000000000000000000000000000000000000000000F02B268A00404365B3D9C2D2D2D2FEB3A4A464C2A54B97BA5CBC7831CC6AB55230CE9E584C265B6868E8F99090903D972F5F5E3C70E0C07F502A208400809D0E1FD3F2F3F3DFB2582CB7444545A9A64D9BAAC68D1BAB8080000AC74912E474B05366B359E5E4E494575656A69496964E183E7C7832A503420880062D333373D3A953A74677E8D041B56DDB56AEDC291437CACACA52E9E9E9A5369B6DFCFDF7DFBF99128143204500A0A10510BD8CEEDAB5AB6ADDBA3501C403A485A9458B16C1B9B9B9FF3661C284C32B57AE3C4EA9801002A041915B30FA8A7C860490264D9A5CF37C59C939957374A3CA49D9ACF2D3FEA12E15A6A9D046912A28B40985E7A49090100922A139393923626363BF8A8B8BCBA554C0CD4F000D827442953E20720BA6B60072FAC0C7AA243F55592BCB95CD5AA12E159C5499FB3F5216F3590AD0051A356AA4A2A3A3AD818181EF521A10411401FC556A6AEAC44B972EFDC962B1F4D08F4D18F5E03CB975111E1E6E0E0B0B3BA4BF7EA777EFDEEB7DE5BDCB2818E9842A7D406A5290B14B55945FBCE6E71248F2D376AA763D63D9015CA05DBB762D4E9F3EDD79C78E1DFD870E1DBA9B122184007E252929E981D2D2D2B8DCDCDC2819F570DB6DB731EAC145ECA31E9A98CDE681E7CE9DFBD7848484745DAEE3060C18B0C7DBDFBB0CC395FDA1B63E20A5D769ED905612B84E646464CED9B3671FD55F12421A386A65F89523478ECC282C2CDCA12BB9A87BEFBD5749D3BB0CBD2480B8A8C2D0E528B732F4D5ACEAD3A78F4907BC8EE5E5E53FECD9B3678AB7BF77990744F685DAD82A2FD7BEB28D5634576AD5AAD56DFA218692003533FC2D802CEAD6AD9B9C1C19F5E001726BA3478F1E81168BE5FF7EFCF1C7C9DEFC5E652232691143FDD3DBA18D7EE84549801002BFB06BD7AE9E797979FFD3A54B97809A3A1DDAF495ECB9E35FAB13BB16A963F173D4C97FFEAF2A3ABB8F827301E96CD8BD7BF7201D44966DDFBEBDBBB7BE4FB995448B98979C787ED90E74070021047E53A96DE8D0A143604D01449C3EF8375598F983AA28331BDF5F2E2D5039299BD4F9B49D149E8B8248747474586868E82A5FFD1F82C39BD7FA5C50282D28002104A8C177DF7DD7475FE576AC6DD4C3A5A20C63A8654D64D4838C7E80F3A4FC0303033BC9A8075F7CFF2D3A0C5041218DAEF9796070B86A71FB403630400801AE151616363D2A2A2AA0B63E2096E2D3B5AE2B734130F2C175DAB4691316101030D617DF7B44EBAEAA51AB2E35FEBC716437362E400801AE55595939F87AA31E7EADA54382085C436F87201D421EF2D97DE972E9353FAB28BBC08605082140CDCACACA6E63D48377888888501515159D7DED7D975FCC3366462DC94BB9E6B98BE77F5699FB961BBF038010025CC566B30532EAC14B2A945FB6834F6D8CE2AC033A80FCD5F89C98DA48BFA2F43DCB8CCECD36E60C015C862152F07BC161CDAE7F10844450480D90B46CC8B06D69E9B811725B4F7EFF425E8A8AFCCD0815664C7501C0A90B178A00FE4E3A1B86376D5FE3734DDBF656C1B7B4A4901A2069D9B8D1005295B49864ECFD9002040821C0AF936197AD3B0DABF1B936BFFDBD3299380C1A22678666D399197051FD4C11A021A8EDA42127A280C0100AA801BA6BC8020A01A8675C02C2EFC9F4EC594736D4F85C5D9BE40100CEA325047EEBB2A5489D3BF6A52AC94FADF577A473A24CE92E7D43223B3F64CC8E090020840075569091A0CEA77F5FE3E4533591619A17CF9F50515D47AB881A66CD0400B81EB763E077641865EECFDB6E388038C887DB9D495CA52EE41EA11001801002DC3C6B85C5C9F5CB284400F0006EC7C0EFC8B05B590000DE8D961000004008010000841000000042080000F03F744CF571DF7FFFFD8863C78E4DCDCFCFFF979C9C9C6666B339A8ACACCC141414646BDAB46965EBD6ADF35BB468B1A763C78E7F19356A5402250600F5233636B65D4545C523269369B0FEB6975EA2F4221FE32D43FA726C365BA27EEE9F8181816B56AF5E7D861002AFF5DE7BEFCDC9CDCD7D69E3C68D8DBB76EDAA1E78E001D5BE7D7BA503870A0B0B53168BC574E1C285A0D3A74F472527273FFCEDB7DF3E3C7BF6ECC2D0D0D045F3E6CD7B93120400CF183F7EFC23FAE1D9CACACAFB74C808ADE157C2F412AD9F8BD68F8FE8DFFBCBB871E376EAEF3FFAF4D34FE30821F01A9F7CF249FF53A74E6DC9C8C868A97752D5B3674FA553F3B57BB40E22B2B46EDD5AF5EEDD5B4D9A3449252525355FBB76EDC2175E78E1F9F0F0F007DF78E38D43942800B887AEA325542CB3D96C0FD661F518BD5E8C7E8DA93A943CB96EDDBA138410D4ABF7DF7F7FF1EEDDBB5F18397264C0430F3D5463F8B81E092CB26CDFBEBDCDE79F7F7E60DEBC797368150100D71B3B76EC3893C9F49E0E122D1D3F933ABB7BF7EEAA5FBF7EAA53A74EAA59B366AA71E3C6EAD2A54BAAA8A848A5A7A7AB3D7BF6A803070EA8CB972F3B561BA8D73B387EFCF8A7FDB1558410E223FEFEF7BFBFFDC30F3F4C9F316386A973E7CE4EBDD6F0E1C3D55D77DD15B878F1E2FF9E3F7F7EC4DCB973E750C280738E1C39A26EBFFD76555A5AAA5AB66CA902020254454585BA70E1826ADEBCB9F13BFA24224DF3D77D9DC3870FABC2C24275EBADB7AA2E5DF81C231F0D2023750059A5034890237CC885E3B061C38CD6E9EA6EB9E5166369DBB6AD1A3060801148BEFAEA2BB575EB5655595929BF12A15F6B95DE77C2F43EF45742083CEAADB7DE7A5D02C86BAFBD66AA6907AE0BA92CF5EB05E810F2F29FFFFCE7EC254B96BC4F490375D7B16347697E57CF3CF38CDAB56B97BAEFBEFBD4BE7DFB54AB56ADD4B469D38CDF898F8FBF12425252528CABDE279E78E2AAD7C9CECE56A74E9D324E441B376E542FBFFCB2F1F3B7DF7E5B7DFDF5D7464891ABE8A953A7AA8913275E596FF5EAD52A2E2E4E1D3A7448454545A9471F7D54BDF2CA2B4EAF8B3AB580AC729C5F2558E83AD6E8B377A3A485243636560D1A34482D5DBA549D3E7DDAF8B90E22CBF5FE63F1A716114288979B376FDE6F5353535F993973A6CB028883BCDE8B2FBE18B860C182B7A64C99B273F9F2E57C721BBC963EC1DBEC157191AEE4B7E86575454545C2BA75EB4ABCE1FDC995ACBE6050274F9E54BD7AF5528E16CBF2F27239CED4F4E9D3AFFA7DE950FEFCF3CF1B61405A4D1C424343557878B87AF8E187555656D6959F1F3F7E5CCD9831430D1C3850EDDCB9D3E8E725171372A21267CF9E55CF3EFBACF1FDD1A3478D40D4A64D1BF5E4934F3AB52E6E6A1F8DD60F4B1DE75669C99272975B2E7521C1459F0394BE483402A47DFF5FA683C83E1D448E1142E076172F5EDC366AD4A840676FC15CAF4564CC9831A19B376FFE5C8E194A1CDE4E878F66FA6182AE8C27040606E6EB8A5F02C967FAE4BD73C58A1596FA784F67CE9C511B366C3082464242828A8888304E1E8E568F929212D5AE5DBB6BD6FBE4934F8C5B36B2AEE3968D3EE68DA678B91D23B7752488C8D5F4B265CBAEAC3772E44815131363041E479078E9A597AE3CDFBF7F7FA3595FC28570665DDCD4BEB95CEF97AD1C2D20CE0490AAE1565A52647FB2B788C8AD99E5FAF13E4208DCEAD5575FFD536969693BE9C3E14EF2FAF1F1F1D1FAEAE889952B57FE8D92878F54F8567B853F593F4EB6582C253A90ACD73FDF9C9D9DBD455FF15778EABD48C0C8C9C931FA72C8C95BAE80434242AE6AE1A84A5A47A4AFC88F3FFEA8EEBFFFFEABFA89C873DF7CF38D7AF0C1DA075458AD56959898A89E7AEAA96B9EFBEEBBEF8C968FB4B434F5CE3BEFB8745D57C9CFCF373A5FEAED35CF439B68C59A356BD2DDF9076418AEDE0F87C8D7D207448283B301A46A1079EEB9E7D4ECD9B31D7D4406EABF37C11F6ECB1042BC98AE8C5ED33B9A293838D8ED7F4B0790900F3EF8403AA87A3C84E88A688E3E71247BFAC401DFA62BFCEA67F8084720898A8ACAD7C74EBCECCF9E6A2159B870A1DAB46993BAE79E7B8C8071E79D77D6FABBD2DA218BB4808C1A35CA38F9CB556E4141810A0A0A325A47AE67D6AC592A3A3A5A8D1831E29AE7DE7DF75DA35F895C5C346DDAD4A5EBBA8AF4993978F0A07C39D783BBCC3C37D743CF3ABE904EA837D307E446C8EB492BD6E6CD9B1DFBFF54FD4008817BE8141DAD2BA93632A4D613EEBEFB6E79682BF734DD7DC55083FFD20794343F5F1A3B76EC17FAEAF16FDE74AFDF598C9A70CE638F3D16A5AF2CC36E72B5567A9F1A27E7168BC5229D054F484B85BBC9F691BE148EA0511BD9EEB2C80586CCE723AD21124424804887C42953A6D4BAEE9B6FBE69FCEEB66DDB6A7C5E829078FCF1C7D582050BD4EBAFBFEE92755D493AED666464481099EFE64D32D713F590CC845A595919E368059110E20ED23A261D8CEDC37707D6537D4D0869082222229ED1572B01373B178833FAF7EF1F1C1F1F2F1577BDCC1DA2AF426E9193869C3CF4FF6DB6DFEB5F559FF7FA5DC1DDA326BC89BCC72ACDEC8D240C54DBC6ED1CC316ED64DAEAEA01A39DABEB26FD773BEDDFBFDF38B9BA436E6EAED1AA21C1524288044D99FB21323252395A32E536486DCE9F3F7FD5F732974452529231AF8FACE7B8AD231D5CF7EEDD6BDCAE91407B3D83070F968F75B8F2BD33EBBA9AECFB3289E2AC59B3E6B9737F94E3EE665B5BEA520FD9A76237F659D9663273B53BC8A81929B79F7EFAC9F1A3317A59ECCBE73A3EC0CE4B9597970F978AC893BA75EB16AC0FB4115E52044DF4F21FBA22D8AAAF640B7545B052EEB9C6C4C4F85C70768C9A108E5113D2642F1DD7E4C4209D1AAB925113325CB2FA49ABEAA809A98CBCD1EEDDBBAB36B3CFD4CBE4AA8BFD9E794C95E52EBD44575BAA6F6369C248B72F750D21A7ECAD7D6E2161433AA3CA312B7341C876FADDEF7E67F4EF90BFFBC73FFEB1D675256C482751212353A495426E95C88808D907A4E5421E254049EB813C5F53889010E4D867CC66B3D2274C637F73665DDC583D64FF2C1843DFBE7DDDFA86AABDFE605F2F605A42BC546161613B69C2F724B9E7A80FB4AE5E581C72A53C515704136FBDF5D60BBA22D821BDD07DA185C413A326BC898CACA8D2CC2ECDD8F9559FD727BA33FAAABEA24AE52D1FDA75D536CCC9C93953DB3D79C730DD5F631FC61B2FC378F57EB24DF6933FFCE10F3677FEEF1220A405415A40A43568CE9C39C6FC1CD24A22F7F26BEAA42ACDEA6BD7AE3502A6B422C9705D1999E2381EA5FF8634EDCBBEE0E80B50B5AF86B4BAC82C9B62D1A24546D891793E64BF7BECB1C7D4CC99339D5A1737560FE97AF34A62BBE38E3BDCFA26A43F4F153E9F1409215E4AEFD48D3D7DB55B56562615560B0FF658AFCB15AD7437FFBDAE087E2FF7FAF57B3D999797E7B5DBD1D3A326EA9B9CD83CD1CC5E0BE984B1552F9F858787C7EBE051E4C93F3E7AF468238048509400229E7EFA69A3F5414EEC7252AFDEBA29F375C814DEA27A0B85F4C7907944643F977D468ECFEB91267AD94764C2B11E3D7A18EB543DB6EBBAAE9F986BBF35E3967A48F2B5E33977D7DBD55EBF1521046EA1AF9082A5C39A274953BA7DC4C15C1F2AAA3BA5FF84CCF0E8AD3C396AA20192E0B14E2F5FE9E3654B7DB68C492BD03597CEFA187EE491478CAFD7AC59734DF8AC69844A55325AE566487890FDAC2E9C59D75782881B5FFBCA8675D5B0DCDAC8EDDD6AAD338410B861C3040595EB841DE2C9202295A83EF9C920F4055E5839C89C105647E7AF2A5724A774C57987B76F4F4F8C9A6828F47E20B779E265F482FD965C912FBCEFDA5ABFE0562B3C540F591D43C6E542C39D41445ADBAAB0F8FA06228478297D0232171515B5927BB49E22F7A5F5C9EE7C5C5CDC3C4FFEAFE3C68DABEDE097264E094532BC20401FE801F571AFDF199E1A35D150E8ED3E511F1BEB7D79B4143CC73E7CF586EA3367EA217DC12873AA77925F96D16BEE0C21F2FA55E41342E016818181491919190F783284E8BF67D127B67DF5FCAFCBC12E83E0A50928C0BEC895AF4C6C502FF7FA9DE11835219D8C65D484F40F708C9A90BE13BF366AC2712FBFEAA88937DE78437DF4D147460BC99021431AD471E18F1F650EAF7453F5900E30898E1022C3E85D3D5159558ECEC476898410B885BE72FE429F8406F6EBD72FD4537F73DFBE7DE77408F9477DE72FFB2207FC7AE505F7FA9DE5CE511300EABF1EB2D96CDF9B4C2699B3C398E3478E777791D7AFE27B5F2F68428897D23BF4E73A142CD057CAA19E9AB06CEFDEBDE1F603AE5E4813A77ED8E96BF7FA7F8D3B474D00A8FF7A28282868536565E5DBF2A5B4604A4772774C5826B762E442A68AF5BE5EDE84102FB57AF5EA3393274F3E949898D8BF4F9F3E6E4F21070F1E3C575A5A7AB29EA6007E5587AE747FBDD7EF0DA32600B8AF1E92FA7AFCF8F13B65323EF980B9AD5BB71A1DC95D4D2E5CEC53B68B045F9FB29D10E2E5CACACA167FFCF1C77FEDD5AB574B77B7867CF0C107D2E57A597DFC9FFA405AD090B733A32680FAE7827AE87DBD189DB424840C1A34C8A57D4364A8FE962D5BAE7CAF03D3877E51FFB1EB79AF4F3FFD74537171F1D12FBEF8A2D09D7F67EDDAB5C966B3392B3B3B7B0DA50E0075ABAFF5C34EF95A5A4364DA7D1915E70A723B77E9D2A5C6EBDA25F84B7D4D08F1727AA79BB471E346DBCF3FFF5CE98ED74F4B4B3BBF79F3E6489DAA9FAAE3C75703007EF1A4B20F9B958F5590CF8C72368848009140232D217625BABE9EE22FF53521C4CBC93DBFF2F2F267172E5C58989797E7D220929B9B6B9E3B776EB9CD669BA153FC314A1B009CABAF757DFA9CFED20808A9A9A9C667455509103745D693F50F1F3E7CE5673A803CED4FF53521C4077CF6D9676B4A4B4B5FD4CEEB9DBAC415AF79F2E4C9D33366CC28D101E75DE65E0000D7D5D7FA618A2388488BC8ECD9B3A5F36AF589C66A25BF271DD665BDAA0146079CD9FE565FD331D57712F68AB163C75AE6CF9FFFFEA851A37E7EFCF1C73BD7B5B3EAAA55AB12B66DDBF61BABD53A4B1F302B285D00707D7DADBF5C6632999A495F0EE9542A1D5665B6E3BE7DFB1A9FB62B1F4627B3ABCA2D17091E3211D9FEFDFB8D61B8D586E0CBC5E773FE585F13427C2C618F1B376EF7975F7EB97CC78E1DC1D3A64D939D39FA46D7FFE9A79F923EFCF0C380D2D25269D21BAC0F146EC100801BEB6B5DD72E97A1BBF23309231230AACDF5F16B12A40F88BFDE322784F85EC24ED70F43F5CE3D66C9922553838282423B77EE7C66D0A041E19D3A756ADE520BD3748A2ED6C9FAC2891327CEEEDAB5CB929292D2F1F2E5CBD243EAA39C9C9C383AA10280E7EA6B1D24A6EA30127313E7DD8486505F13427C77E79699F2D6C7C6C6B6D30163CCD1A347FF557F5FF573B865BA77091D79EA97A97DD7FBC3C43600E0CBF5B5D56A1DA3C388A3BE960F0793CFA7917B2F32AA26B1A1D5D784101F2733F5E98725F60500407DED33181D030000082100008010020000400801000084100000004208000020840000001042000000210400BCA3B20B08B059AD560AC20BE8ED90A1EC9F320B420800F8BDB0B0B0DC0B172E50105EA0B0B03059FD324539082100E0FF828383138A8B8B29082F90939363D60F3B29091042003408168B65517676F6659BCD4661D4AFF48282829EFA710345014208800661D0A0417B7400399495954561D4A3E4E4E41D7A3B640D1D3A7437A50142088006C362B14C484F4FBF64369B298C7A505454B4B9A0A06094D56A7D81D20021047EC164325530EAC13BD8B743A5B7BEBFE1C3871FD3EF71F49123478A09229E0F20870F1FBE5B1FAF53F47648A6444008815F080A0A4A61D4837728292929D72799246F7E8F43860C89AFA8A81893949464CECCCC2CA08F88DBA52727272F3F74E8503FFDF5745DFE5B281238045204F07513264C68171A1A7A6FB366CD82288DFA95959575AAB8B878DBAA55AB7678F3FB5CB972E5A9D8D8D84DFABDF6D4EFB989C562391E101060D2FB51840E516C4827C93C20050505FF4C4B4BDB9F9A9ADAB2B4B43448FF2C76D8B06109940EAEBA88A408E00715DE3A7D2279A643870E619C40EA5776767688F291510F726B461EBEF9E69B5EFA7D3FAA9718FD7D33BD84B1259D769B5EF2F492A29777E9848ADA5063C32FECD8B1637BC78E1DFBB66FDFBE19A5513FD2D3D30F656666E6EA13CE504A03C08DA04F08FC82D56A9DAE4F8256B3D95C4E69785E4949C9391D40DA30EA01C0CDA04F08FC425C5C5CFEA449930EE4E5E50D97BE21A1A1A1C1948AC70248666262A28C8899CA3D7F0084103448D2D970E2C48987CE9D3BF7EFFA8AFCB80E2351F41171AB8A13274E7C7BFCF871B9FF3F8D510F006E163534FCCEF6EDDBEF0A0808783B3030B0678B162D522323235B366FDEBCB3FE191D0E9DA4C35D497171718A0E7A05F9F9F91DF5F799720B86791F001042802A64D483C9647A547F19A3977B14A31E5C413E7E5D3EFD74A75E3630EA01000000000000000000000000000000000000000000000000000000000000000000000000000000000000000000000000000000000000000000000000000000000000000000000000000000000000000000000000000000000000000000000000000000000000000000000000000000000000000000000000000000000000000000000000000000000000000000000000000000000000000000000000F5E2FF0196DADF1565F1034D0000000049454E44AE426082, null);

-- ----------------------------
-- Table structure for act_ge_property
-- ----------------------------
DROP TABLE IF EXISTS `act_ge_property`;
CREATE TABLE `act_ge_property` (
  `NAME_` varchar(64) COLLATE utf8_bin NOT NULL DEFAULT '',
  `VALUE_` varchar(300) COLLATE utf8_bin DEFAULT NULL,
  `REV_` int(11) DEFAULT NULL,
  PRIMARY KEY (`NAME_`)
) ENGINE=InnoDB DEFAULT CHARSET=utf8 COLLATE=utf8_bin;

-- ----------------------------
-- Records of act_ge_property
-- ----------------------------
INSERT INTO `act_ge_property` VALUES ('next.dbid', '37501', '16');
INSERT INTO `act_ge_property` VALUES ('schema.history', 'create(5.22.0.0)', '1');
INSERT INTO `act_ge_property` VALUES ('schema.version', '5.22.0.0', '1');

-- ----------------------------
-- Table structure for act_hi_actinst
-- ----------------------------
DROP TABLE IF EXISTS `act_hi_actinst`;
CREATE TABLE `act_hi_actinst` (
  `ID_` varchar(64) COLLATE utf8_bin NOT NULL,
  `PROC_DEF_ID_` varchar(64) COLLATE utf8_bin NOT NULL,
  `PROC_INST_ID_` varchar(64) COLLATE utf8_bin NOT NULL,
  `EXECUTION_ID_` varchar(64) COLLATE utf8_bin NOT NULL,
  `ACT_ID_` varchar(255) COLLATE utf8_bin NOT NULL,
  `TASK_ID_` varchar(64) COLLATE utf8_bin DEFAULT NULL,
  `CALL_PROC_INST_ID_` varchar(64) COLLATE utf8_bin DEFAULT NULL,
  `ACT_NAME_` varchar(255) COLLATE utf8_bin DEFAULT NULL,
  `ACT_TYPE_` varchar(255) COLLATE utf8_bin NOT NULL,
  `ASSIGNEE_` varchar(255) COLLATE utf8_bin DEFAULT NULL,
  `START_TIME_` datetime NOT NULL,
  `END_TIME_` datetime DEFAULT NULL,
  `DURATION_` bigint(20) DEFAULT NULL,
  `TENANT_ID_` varchar(255) COLLATE utf8_bin DEFAULT '',
  PRIMARY KEY (`ID_`),
  KEY `ACT_IDX_HI_ACT_INST_START` (`START_TIME_`),
  KEY `ACT_IDX_HI_ACT_INST_END` (`END_TIME_`),
  KEY `ACT_IDX_HI_ACT_INST_PROCINST` (`PROC_INST_ID_`,`ACT_ID_`),
  KEY `ACT_IDX_HI_ACT_INST_EXEC` (`EXECUTION_ID_`,`ACT_ID_`)
) ENGINE=InnoDB DEFAULT CHARSET=utf8 COLLATE=utf8_bin;

-- ----------------------------
-- Records of act_hi_actinst
-- ----------------------------
INSERT INTO `act_hi_actinst` VALUES ('15002', 'LeaveBill:1:12504', '15001', '15001', 'sid-F73A4BA6-03FD-4785-958E-21B267ED281F', null, null, '', 'startEvent', null, '2019-05-23 16:35:43', '2019-05-23 16:35:43', '52', '');
INSERT INTO `act_hi_actinst` VALUES ('15003', 'LeaveBill:1:12504', '15001', '15001', 'sid-624E8F6A-9961-4C74-8636-4AEF91FBEB69', '15004', null, '', 'userTask', null, '2019-05-23 16:35:43', null, null, '');
INSERT INTO `act_hi_actinst` VALUES ('15008', 'LeaveBill:1:12504', '15007', '15007', 'sid-F73A4BA6-03FD-4785-958E-21B267ED281F', null, null, '', 'startEvent', null, '2019-05-23 16:43:27', '2019-05-23 16:43:27', '11', '');
INSERT INTO `act_hi_actinst` VALUES ('15009', 'LeaveBill:1:12504', '15007', '15007', 'sid-624E8F6A-9961-4C74-8636-4AEF91FBEB69', '15010', null, '', 'userTask', null, '2019-05-23 16:43:27', null, null, '');
INSERT INTO `act_hi_actinst` VALUES ('15014', 'LeaveBill:1:12504', '15013', '15013', 'sid-F73A4BA6-03FD-4785-958E-21B267ED281F', null, null, '', 'startEvent', null, '2019-05-23 16:46:29', '2019-05-23 16:46:29', '9', '');
INSERT INTO `act_hi_actinst` VALUES ('15015', 'LeaveBill:1:12504', '15013', '15013', 'sid-624E8F6A-9961-4C74-8636-4AEF91FBEB69', '15016', null, '', 'userTask', null, '2019-05-23 16:46:29', null, null, '');
INSERT INTO `act_hi_actinst` VALUES ('17502', 'LeaveBill:1:12504', '17501', '17501', 'sid-F73A4BA6-03FD-4785-958E-21B267ED281F', null, null, '', 'startEvent', null, '2019-05-24 09:17:31', '2019-05-24 09:17:31', '11', '');
INSERT INTO `act_hi_actinst` VALUES ('17503', 'LeaveBill:1:12504', '17501', '17501', 'sid-624E8F6A-9961-4C74-8636-4AEF91FBEB69', '17504', null, '', 'userTask', null, '2019-05-24 09:17:31', '2019-05-24 10:50:08', '5557938', '');
INSERT INTO `act_hi_actinst` VALUES ('20002', 'LeaveBill:1:12504', '20001', '20001', 'sid-F73A4BA6-03FD-4785-958E-21B267ED281F', null, null, '', 'startEvent', null, '2019-05-24 09:22:01', '2019-05-24 09:22:01', '10', '');
INSERT INTO `act_hi_actinst` VALUES ('20003', 'LeaveBill:1:12504', '20001', '20001', 'sid-624E8F6A-9961-4C74-8636-4AEF91FBEB69', '20004', null, '', 'userTask', null, '2019-05-24 09:22:01', null, null, '');
INSERT INTO `act_hi_actinst` VALUES ('22504', 'LeaveBill:1:12504', '17501', '17501', 'sid-E9F94BCE-22AE-457F-9A82-79145B67AC64', '22505', null, '', 'userTask', null, '2019-05-24 10:50:08', null, null, '');
INSERT INTO `act_hi_actinst` VALUES ('22512', 'LeaveBill:2:22509', '22510', '22510', 'sid-F73A4BA6-03FD-4785-958E-21B267ED281F', null, null, '', 'startEvent', null, '2019-05-24 10:54:46', '2019-05-24 10:54:46', '8', '');
INSERT INTO `act_hi_actinst` VALUES ('22513', 'LeaveBill:2:22509', '22510', '22510', 'sid-624E8F6A-9961-4C74-8636-4AEF91FBEB69', '22514', null, '', 'userTask', null, '2019-05-24 10:54:46', '2019-05-24 10:54:56', '10333', '');
INSERT INTO `act_hi_actinst` VALUES ('22519', 'LeaveBill:2:22509', '22510', '22510', 'sid-E9F94BCE-22AE-457F-9A82-79145B67AC64', '22520', null, '', 'userTask', null, '2019-05-24 10:54:56', '2019-05-24 10:56:23', '87873', '');
INSERT INTO `act_hi_actinst` VALUES ('22523', 'LeaveBill:2:22509', '22510', '22510', 'sid-675372E4-60F1-4C6D-9D66-324E7D8BFB42', '22524', null, '', 'userTask', null, '2019-05-24 10:56:23', '2019-05-24 12:08:05', '4302316', '');
INSERT INTO `act_hi_actinst` VALUES ('25002', 'LeaveBill:2:22509', '22510', '22510', 'sid-8C4DD975-772D-479C-A003-5646D8B3D91C', '25003', null, '', 'userTask', null, '2019-05-24 12:08:05', '2019-05-24 12:57:53', '2988333', '');
INSERT INTO `act_hi_actinst` VALUES ('27502', 'LeaveBill:2:22509', '22510', '22510', 'sid-03DB6464-878B-4A73-BA0A-3F9A656EF462', null, null, '', 'endEvent', null, '2019-05-24 12:57:53', '2019-05-24 12:57:53', '1', '');
INSERT INTO `act_hi_actinst` VALUES ('27504', 'LeaveBill:2:22509', '27503', '27503', 'sid-F73A4BA6-03FD-4785-958E-21B267ED281F', null, null, '', 'startEvent', null, '2019-05-24 12:58:15', '2019-05-24 12:58:15', '2', '');
INSERT INTO `act_hi_actinst` VALUES ('27505', 'LeaveBill:2:22509', '27503', '27503', 'sid-624E8F6A-9961-4C74-8636-4AEF91FBEB69', '27506', null, '', 'userTask', null, '2019-05-24 12:58:15', '2019-05-24 12:59:13', '58776', '');
INSERT INTO `act_hi_actinst` VALUES ('27512', 'LeaveBill:2:22509', '27503', '27503', 'sid-E9F94BCE-22AE-457F-9A82-79145B67AC64', '27513', null, '', 'userTask', null, '2019-05-24 12:59:13', null, null, '');
INSERT INTO `act_hi_actinst` VALUES ('27516', 'LeaveBill:2:22509', '27515', '27515', 'sid-F73A4BA6-03FD-4785-958E-21B267ED281F', null, null, '', 'startEvent', null, '2019-05-24 13:12:36', '2019-05-24 13:12:36', '3', '');
INSERT INTO `act_hi_actinst` VALUES ('27517', 'LeaveBill:2:22509', '27515', '27515', 'sid-624E8F6A-9961-4C74-8636-4AEF91FBEB69', '27518', null, '', 'userTask', null, '2019-05-24 13:12:36', '2019-05-24 14:30:06', '4650952', '');
INSERT INTO `act_hi_actinst` VALUES ('30004', 'LeaveBill:2:22509', '27515', '27515', 'sid-E9F94BCE-22AE-457F-9A82-79145B67AC64', '30005', null, '', 'userTask', null, '2019-05-24 14:30:06', null, null, '');
INSERT INTO `act_hi_actinst` VALUES ('30008', 'LeaveBill:2:22509', '30007', '30007', 'sid-F73A4BA6-03FD-4785-958E-21B267ED281F', null, null, '', 'startEvent', null, '2019-05-24 14:44:07', '2019-05-24 14:44:07', '6', '');
INSERT INTO `act_hi_actinst` VALUES ('30009', 'LeaveBill:2:22509', '30007', '30007', 'sid-624E8F6A-9961-4C74-8636-4AEF91FBEB69', '30010', null, '', 'userTask', null, '2019-05-24 14:44:07', null, null, '');
INSERT INTO `act_hi_actinst` VALUES ('30014', 'LeaveBill:2:22509', '30013', '30013', 'sid-F73A4BA6-03FD-4785-958E-21B267ED281F', null, null, '', 'startEvent', null, '2019-05-24 14:44:12', '2019-05-24 14:44:12', '7', '');
INSERT INTO `act_hi_actinst` VALUES ('30015', 'LeaveBill:2:22509', '30013', '30013', 'sid-624E8F6A-9961-4C74-8636-4AEF91FBEB69', '30016', null, '', 'userTask', null, '2019-05-24 14:44:12', '2019-05-24 14:44:22', '10782', '');
INSERT INTO `act_hi_actinst` VALUES ('30022', 'LeaveBill:2:22509', '30013', '30013', 'sid-E9F94BCE-22AE-457F-9A82-79145B67AC64', '30023', null, '', 'userTask', null, '2019-05-24 14:44:22', '2019-05-24 14:44:27', '5351', '');
INSERT INTO `act_hi_actinst` VALUES ('30026', 'LeaveBill:2:22509', '30013', '30013', 'sid-675372E4-60F1-4C6D-9D66-324E7D8BFB42', '30027', null, '', 'userTask', null, '2019-05-24 14:44:27', null, null, '');
INSERT INTO `act_hi_actinst` VALUES ('32506', 'LeaveBill:3:32504', '32505', '32505', 'sid-F73A4BA6-03FD-4785-958E-21B267ED281F', null, null, '', 'startEvent', null, '2019-05-24 15:52:38', '2019-05-24 15:52:38', '32', '');
INSERT INTO `act_hi_actinst` VALUES ('32507', 'LeaveBill:3:32504', '32505', '32505', 'sid-624E8F6A-9961-4C74-8636-4AEF91FBEB69', '32508', null, '', 'userTask', null, '2019-05-24 15:52:38', null, null, '');
INSERT INTO `act_hi_actinst` VALUES ('32518', 'LeaveBill:4:32516', '32517', '32517', 'sid-F73A4BA6-03FD-4785-958E-21B267ED281F', null, null, '', 'startEvent', null, '2019-05-24 15:54:08', '2019-05-24 15:54:08', '7', '');
INSERT INTO `act_hi_actinst` VALUES ('32519', 'LeaveBill:4:32516', '32517', '32517', 'sid-624E8F6A-9961-4C74-8636-4AEF91FBEB69', '32520', null, '', 'userTask', null, '2019-05-24 15:54:08', '2019-05-24 15:54:19', '11371', '');
INSERT INTO `act_hi_actinst` VALUES ('32528', 'LeaveBill:4:32516', '32517', '32517', 'sid-E9F94BCE-22AE-457F-9A82-79145B67AC64', '32529', null, '', 'userTask', null, '2019-05-24 15:54:19', null, null, '');
INSERT INTO `act_hi_actinst` VALUES ('32533', 'LeaveBill:4:32516', '32532', '32532', 'sid-F73A4BA6-03FD-4785-958E-21B267ED281F', null, null, '', 'startEvent', null, '2019-05-24 17:12:50', '2019-05-24 17:12:50', '3', '');
INSERT INTO `act_hi_actinst` VALUES ('32534', 'LeaveBill:4:32516', '32532', '32532', 'sid-624E8F6A-9961-4C74-8636-4AEF91FBEB69', '32535', null, '', 'userTask', null, '2019-05-24 17:12:50', '2019-05-24 17:13:00', '10808', '');
INSERT INTO `act_hi_actinst` VALUES ('32543', 'LeaveBill:4:32516', '32532', '32532', 'sid-E9F94BCE-22AE-457F-9A82-79145B67AC64', '32544', null, '', 'userTask', null, '2019-05-24 17:13:00', null, null, '');
INSERT INTO `act_hi_actinst` VALUES ('32549', 'LeaveBill:4:32516', '32547', '32547', 'sid-F73A4BA6-03FD-4785-958E-21B267ED281F', null, null, '', 'startEvent', null, '2019-05-24 17:23:02', '2019-05-24 17:23:02', '2', '');
INSERT INTO `act_hi_actinst` VALUES ('32550', 'LeaveBill:4:32516', '32547', '32547', 'sid-624E8F6A-9961-4C74-8636-4AEF91FBEB69', '32551', null, '', 'userTask', null, '2019-05-24 17:23:02', '2019-05-24 17:23:21', '19962', '');
INSERT INTO `act_hi_actinst` VALUES ('32558', 'LeaveBill:4:32516', '32547', '32547', 'sid-E9F94BCE-22AE-457F-9A82-79145B67AC64', '32559', null, '', 'userTask', null, '2019-05-24 17:23:21', '2019-06-20 09:40:36', '2305035204', '');
INSERT INTO `act_hi_actinst` VALUES ('35002', 'LeaveBill:4:32516', '32547', '32547', 'sid-675372E4-60F1-4C6D-9D66-324E7D8BFB42', '35003', null, '', 'userTask', null, '2019-06-20 09:40:36', '2019-06-20 09:41:07', '31357', '');
INSERT INTO `act_hi_actinst` VALUES ('35007', 'LeaveBill:4:32516', '32547', '32547', 'sid-8C4DD975-772D-479C-A003-5646D8B3D91C', '35008', null, '', 'userTask', null, '2019-06-20 09:41:07', null, null, '');

-- ----------------------------
-- Table structure for act_hi_attachment
-- ----------------------------
DROP TABLE IF EXISTS `act_hi_attachment`;
CREATE TABLE `act_hi_attachment` (
  `ID_` varchar(64) COLLATE utf8_bin NOT NULL,
  `REV_` int(11) DEFAULT NULL,
  `USER_ID_` varchar(255) COLLATE utf8_bin DEFAULT NULL,
  `NAME_` varchar(255) COLLATE utf8_bin DEFAULT NULL,
  `DESCRIPTION_` varchar(4000) COLLATE utf8_bin DEFAULT NULL,
  `TYPE_` varchar(255) COLLATE utf8_bin DEFAULT NULL,
  `TASK_ID_` varchar(64) COLLATE utf8_bin DEFAULT NULL,
  `PROC_INST_ID_` varchar(64) COLLATE utf8_bin DEFAULT NULL,
  `URL_` varchar(4000) COLLATE utf8_bin DEFAULT NULL,
  `CONTENT_ID_` varchar(64) COLLATE utf8_bin DEFAULT NULL,
  `TIME_` datetime DEFAULT NULL,
  PRIMARY KEY (`ID_`)
) ENGINE=InnoDB DEFAULT CHARSET=utf8 COLLATE=utf8_bin;

-- ----------------------------
-- Records of act_hi_attachment
-- ----------------------------

-- ----------------------------
-- Table structure for act_hi_comment
-- ----------------------------
DROP TABLE IF EXISTS `act_hi_comment`;
CREATE TABLE `act_hi_comment` (
  `ID_` varchar(64) COLLATE utf8_bin NOT NULL,
  `TYPE_` varchar(255) COLLATE utf8_bin DEFAULT NULL,
  `TIME_` datetime NOT NULL,
  `USER_ID_` varchar(255) COLLATE utf8_bin DEFAULT NULL,
  `TASK_ID_` varchar(64) COLLATE utf8_bin DEFAULT NULL,
  `PROC_INST_ID_` varchar(64) COLLATE utf8_bin DEFAULT NULL,
  `ACTION_` varchar(255) COLLATE utf8_bin DEFAULT NULL,
  `MESSAGE_` varchar(4000) COLLATE utf8_bin DEFAULT NULL,
  `FULL_MSG_` longblob,
  PRIMARY KEY (`ID_`)
) ENGINE=InnoDB DEFAULT CHARSET=utf8 COLLATE=utf8_bin;

-- ----------------------------
-- Records of act_hi_comment
-- ----------------------------
INSERT INTO `act_hi_comment` VALUES ('22501', 'comment', '2019-05-24 10:50:08', 'admin', '17504', '17501', 'AddComment', '', 0xE5AEA1E689B9E6848FE8A781);
INSERT INTO `act_hi_comment` VALUES ('22516', 'comment', '2019-05-24 10:54:56', 'admin', '22514', '22510', 'AddComment', '44444', 0x3434343434);
INSERT INTO `act_hi_comment` VALUES ('22522', 'comment', '2019-05-24 10:56:23', 'admin', '22520', '22510', 'AddComment', '', 0xE6B2A1E6848FE8A781);
INSERT INTO `act_hi_comment` VALUES ('25001', 'comment', '2019-05-24 12:08:05', 'admin', '22524', '22510', 'AddComment', '', 0xE5AE8CE68890);
INSERT INTO `act_hi_comment` VALUES ('27501', 'comment', '2019-05-24 12:57:53', 'admin', '25003', '22510', 'AddComment', '', 0xE5A487E6A188E5AE8CE68890);
INSERT INTO `act_hi_comment` VALUES ('27509', 'comment', '2019-05-24 12:59:13', 'admin', '27506', '27503', 'AddComment', '', 0xE59B9EE5AEB6E68EA2E4BAB2);
INSERT INTO `act_hi_comment` VALUES ('30001', 'comment', '2019-05-24 14:30:06', 'admin', '27518', '27515', 'AddComment', '23432', 0x3233343332);
INSERT INTO `act_hi_comment` VALUES ('30019', 'comment', '2019-05-24 14:44:22', 'admin', '30016', '30013', 'AddComment', '23423', 0x3233343233);
INSERT INTO `act_hi_comment` VALUES ('30025', 'comment', '2019-05-24 14:44:27', 'admin', '30023', '30013', 'AddComment', '23432', 0x3233343332);
INSERT INTO `act_hi_comment` VALUES ('32525', 'comment', '2019-05-24 15:54:19', 'admin', '32520', '32517', 'AddComment', '44', 0x3434);
INSERT INTO `act_hi_comment` VALUES ('32540', 'comment', '2019-05-24 17:13:00', 'admin', '32535', '32532', 'AddComment', '32432', 0x3332343332);
INSERT INTO `act_hi_comment` VALUES ('32555', 'comment', '2019-05-24 17:23:21', 'admin', '32551', '32547', 'AddComment', '454', 0x343534);
INSERT INTO `act_hi_comment` VALUES ('35001', 'comment', '2019-06-20 09:40:30', 'admin', '32559', '32547', 'AddComment', '32423', 0x3332343233);
INSERT INTO `act_hi_comment` VALUES ('35006', 'comment', '2019-06-20 09:41:07', 'admin', '35003', '32547', 'AddComment', 'serwe', 0x7365727765);

-- ----------------------------
-- Table structure for act_hi_detail
-- ----------------------------
DROP TABLE IF EXISTS `act_hi_detail`;
CREATE TABLE `act_hi_detail` (
  `ID_` varchar(64) COLLATE utf8_bin NOT NULL,
  `TYPE_` varchar(255) COLLATE utf8_bin NOT NULL,
  `PROC_INST_ID_` varchar(64) COLLATE utf8_bin DEFAULT NULL,
  `EXECUTION_ID_` varchar(64) COLLATE utf8_bin DEFAULT NULL,
  `TASK_ID_` varchar(64) COLLATE utf8_bin DEFAULT NULL,
  `ACT_INST_ID_` varchar(64) COLLATE utf8_bin DEFAULT NULL,
  `NAME_` varchar(255) COLLATE utf8_bin NOT NULL,
  `VAR_TYPE_` varchar(255) COLLATE utf8_bin DEFAULT NULL,
  `REV_` int(11) DEFAULT NULL,
  `TIME_` datetime NOT NULL,
  `BYTEARRAY_ID_` varchar(64) COLLATE utf8_bin DEFAULT NULL,
  `DOUBLE_` double DEFAULT NULL,
  `LONG_` bigint(20) DEFAULT NULL,
  `TEXT_` varchar(4000) COLLATE utf8_bin DEFAULT NULL,
  `TEXT2_` varchar(4000) COLLATE utf8_bin DEFAULT NULL,
  PRIMARY KEY (`ID_`),
  KEY `ACT_IDX_HI_DETAIL_PROC_INST` (`PROC_INST_ID_`),
  KEY `ACT_IDX_HI_DETAIL_ACT_INST` (`ACT_INST_ID_`),
  KEY `ACT_IDX_HI_DETAIL_TIME` (`TIME_`),
  KEY `ACT_IDX_HI_DETAIL_NAME` (`NAME_`),
  KEY `ACT_IDX_HI_DETAIL_TASK_ID` (`TASK_ID_`)
) ENGINE=InnoDB DEFAULT CHARSET=utf8 COLLATE=utf8_bin;

-- ----------------------------
-- Records of act_hi_detail
-- ----------------------------

-- ----------------------------
-- Table structure for act_hi_identitylink
-- ----------------------------
DROP TABLE IF EXISTS `act_hi_identitylink`;
CREATE TABLE `act_hi_identitylink` (
  `ID_` varchar(64) COLLATE utf8_bin NOT NULL DEFAULT '',
  `GROUP_ID_` varchar(255) COLLATE utf8_bin DEFAULT NULL,
  `TYPE_` varchar(255) COLLATE utf8_bin DEFAULT NULL,
  `USER_ID_` varchar(255) COLLATE utf8_bin DEFAULT NULL,
  `TASK_ID_` varchar(64) COLLATE utf8_bin DEFAULT NULL,
  `PROC_INST_ID_` varchar(64) COLLATE utf8_bin DEFAULT NULL,
  PRIMARY KEY (`ID_`),
  KEY `ACT_IDX_HI_IDENT_LNK_USER` (`USER_ID_`),
  KEY `ACT_IDX_HI_IDENT_LNK_TASK` (`TASK_ID_`),
  KEY `ACT_IDX_HI_IDENT_LNK_PROCINST` (`PROC_INST_ID_`)
) ENGINE=InnoDB DEFAULT CHARSET=utf8 COLLATE=utf8_bin;

-- ----------------------------
-- Records of act_hi_identitylink
-- ----------------------------
INSERT INTO `act_hi_identitylink` VALUES ('15005', null, 'candidate', 'admin', '15004', null);
INSERT INTO `act_hi_identitylink` VALUES ('15006', null, 'participant', 'admin', null, '15001');
INSERT INTO `act_hi_identitylink` VALUES ('15011', null, 'candidate', 'admin', '15010', null);
INSERT INTO `act_hi_identitylink` VALUES ('15012', null, 'participant', 'admin', null, '15007');
INSERT INTO `act_hi_identitylink` VALUES ('15017', null, 'candidate', 'admin', '15016', null);
INSERT INTO `act_hi_identitylink` VALUES ('15018', null, 'participant', 'admin', null, '15013');
INSERT INTO `act_hi_identitylink` VALUES ('17505', null, 'candidate', 'admin', '17504', null);
INSERT INTO `act_hi_identitylink` VALUES ('17506', null, 'participant', 'admin', null, '17501');
INSERT INTO `act_hi_identitylink` VALUES ('20005', null, 'candidate', '000005', '20004', null);
INSERT INTO `act_hi_identitylink` VALUES ('20006', null, 'participant', '000005', null, '20001');
INSERT INTO `act_hi_identitylink` VALUES ('22511', null, 'starter', 'admin', null, '22510');
INSERT INTO `act_hi_identitylink` VALUES ('22515', null, 'candidate', 'admin', '22514', null);
INSERT INTO `act_hi_identitylink` VALUES ('22521', null, 'candidate', 'admin', '22520', null);
INSERT INTO `act_hi_identitylink` VALUES ('22525', null, 'candidate', 'admin', '22524', null);
INSERT INTO `act_hi_identitylink` VALUES ('25004', null, 'candidate', 'admin', '25003', null);
INSERT INTO `act_hi_identitylink` VALUES ('27507', null, 'candidate', 'admin', '27506', null);
INSERT INTO `act_hi_identitylink` VALUES ('27508', null, 'participant', 'admin', null, '27503');
INSERT INTO `act_hi_identitylink` VALUES ('27514', null, 'candidate', 'admin', '27513', null);
INSERT INTO `act_hi_identitylink` VALUES ('27519', null, 'candidate', 'admin', '27518', null);
INSERT INTO `act_hi_identitylink` VALUES ('27520', null, 'participant', 'admin', null, '27515');
INSERT INTO `act_hi_identitylink` VALUES ('30006', null, 'candidate', 'admin', '30005', null);
INSERT INTO `act_hi_identitylink` VALUES ('30011', null, 'candidate', 'admin', '30010', null);
INSERT INTO `act_hi_identitylink` VALUES ('30012', null, 'participant', 'admin', null, '30007');
INSERT INTO `act_hi_identitylink` VALUES ('30017', null, 'candidate', 'admin', '30016', null);
INSERT INTO `act_hi_identitylink` VALUES ('30018', null, 'participant', 'admin', null, '30013');
INSERT INTO `act_hi_identitylink` VALUES ('30024', null, 'candidate', 'admin', '30023', null);
INSERT INTO `act_hi_identitylink` VALUES ('30028', null, 'candidate', 'admin', '30027', null);
INSERT INTO `act_hi_identitylink` VALUES ('32509', null, 'candidate', 'admin', '32508', null);
INSERT INTO `act_hi_identitylink` VALUES ('32510', null, 'participant', 'admin', null, '32505');
INSERT INTO `act_hi_identitylink` VALUES ('32511', null, 'candidate', '000005', '32508', null);
INSERT INTO `act_hi_identitylink` VALUES ('32512', null, 'participant', '000005', null, '32505');
INSERT INTO `act_hi_identitylink` VALUES ('32521', null, 'candidate', 'admin', '32520', null);
INSERT INTO `act_hi_identitylink` VALUES ('32522', null, 'participant', 'admin', null, '32517');
INSERT INTO `act_hi_identitylink` VALUES ('32523', null, 'candidate', '000005', '32520', null);
INSERT INTO `act_hi_identitylink` VALUES ('32524', null, 'participant', '000005', null, '32517');
INSERT INTO `act_hi_identitylink` VALUES ('32530', null, 'candidate', 'admin', '32529', null);
INSERT INTO `act_hi_identitylink` VALUES ('32531', null, 'candidate', '000005', '32529', null);
INSERT INTO `act_hi_identitylink` VALUES ('32536', null, 'candidate', 'admin', '32535', null);
INSERT INTO `act_hi_identitylink` VALUES ('32537', null, 'participant', 'admin', null, '32532');
INSERT INTO `act_hi_identitylink` VALUES ('32538', null, 'candidate', '000005', '32535', null);
INSERT INTO `act_hi_identitylink` VALUES ('32539', null, 'participant', '000005', null, '32532');
INSERT INTO `act_hi_identitylink` VALUES ('32545', null, 'candidate', 'admin', '32544', null);
INSERT INTO `act_hi_identitylink` VALUES ('32546', null, 'candidate', '000005', '32544', null);
INSERT INTO `act_hi_identitylink` VALUES ('32548', null, 'starter', 'admin', null, '32547');
INSERT INTO `act_hi_identitylink` VALUES ('32552', null, 'candidate', 'admin', '32551', null);
INSERT INTO `act_hi_identitylink` VALUES ('32553', null, 'candidate', '000005', '32551', null);
INSERT INTO `act_hi_identitylink` VALUES ('32554', null, 'participant', '000005', null, '32547');
INSERT INTO `act_hi_identitylink` VALUES ('32560', null, 'candidate', 'admin', '32559', null);
INSERT INTO `act_hi_identitylink` VALUES ('32561', null, 'candidate', '000005', '32559', null);
INSERT INTO `act_hi_identitylink` VALUES ('35004', null, 'candidate', 'admin', '35003', null);
INSERT INTO `act_hi_identitylink` VALUES ('35005', null, 'candidate', '000005', '35003', null);
INSERT INTO `act_hi_identitylink` VALUES ('35009', null, 'candidate', 'admin', '35008', null);
INSERT INTO `act_hi_identitylink` VALUES ('35010', null, 'candidate', '000005', '35008', null);

-- ----------------------------
-- Table structure for act_hi_procinst
-- ----------------------------
DROP TABLE IF EXISTS `act_hi_procinst`;
CREATE TABLE `act_hi_procinst` (
  `ID_` varchar(64) COLLATE utf8_bin NOT NULL,
  `PROC_INST_ID_` varchar(64) COLLATE utf8_bin NOT NULL,
  `BUSINESS_KEY_` varchar(255) COLLATE utf8_bin DEFAULT NULL,
  `PROC_DEF_ID_` varchar(64) COLLATE utf8_bin NOT NULL,
  `START_TIME_` datetime NOT NULL,
  `END_TIME_` datetime DEFAULT NULL,
  `DURATION_` bigint(20) DEFAULT NULL,
  `START_USER_ID_` varchar(255) COLLATE utf8_bin DEFAULT NULL,
  `START_ACT_ID_` varchar(255) COLLATE utf8_bin DEFAULT NULL,
  `END_ACT_ID_` varchar(255) COLLATE utf8_bin DEFAULT NULL,
  `SUPER_PROCESS_INSTANCE_ID_` varchar(64) COLLATE utf8_bin DEFAULT NULL,
  `DELETE_REASON_` varchar(4000) COLLATE utf8_bin DEFAULT NULL,
  `TENANT_ID_` varchar(255) COLLATE utf8_bin DEFAULT '',
  `NAME_` varchar(255) COLLATE utf8_bin DEFAULT NULL,
  PRIMARY KEY (`ID_`),
  UNIQUE KEY `PROC_INST_ID_` (`PROC_INST_ID_`),
  KEY `ACT_IDX_HI_PRO_INST_END` (`END_TIME_`),
  KEY `ACT_IDX_HI_PRO_I_BUSKEY` (`BUSINESS_KEY_`)
) ENGINE=InnoDB DEFAULT CHARSET=utf8 COLLATE=utf8_bin;

-- ----------------------------
-- Records of act_hi_procinst
-- ----------------------------
INSERT INTO `act_hi_procinst` VALUES ('15001', '15001', 'LeaveBill_3', 'LeaveBill:1:12504', '2019-05-23 16:35:43', null, null, null, 'sid-F73A4BA6-03FD-4785-958E-21B267ED281F', null, null, null, '', null);
INSERT INTO `act_hi_procinst` VALUES ('15007', '15007', 'LeaveBill_3', 'LeaveBill:1:12504', '2019-05-23 16:43:27', null, null, null, 'sid-F73A4BA6-03FD-4785-958E-21B267ED281F', null, null, null, '', null);
INSERT INTO `act_hi_procinst` VALUES ('15013', '15013', 'LeaveBill_3', 'LeaveBill:1:12504', '2019-05-23 16:46:29', null, null, null, 'sid-F73A4BA6-03FD-4785-958E-21B267ED281F', null, null, null, '', null);
INSERT INTO `act_hi_procinst` VALUES ('17501', '17501', 'LeaveBill_3', 'LeaveBill:1:12504', '2019-05-24 09:17:31', null, null, null, 'sid-F73A4BA6-03FD-4785-958E-21B267ED281F', null, null, null, '', null);
INSERT INTO `act_hi_procinst` VALUES ('20001', '20001', 'LeaveBill_3', 'LeaveBill:1:12504', '2019-05-24 09:22:01', null, null, null, 'sid-F73A4BA6-03FD-4785-958E-21B267ED281F', null, null, null, '', null);
INSERT INTO `act_hi_procinst` VALUES ('22510', '22510', 'LeaveBill_3', 'LeaveBill:2:22509', '2019-05-24 10:54:46', '2019-05-24 12:57:53', '7387339', 'admin', 'sid-F73A4BA6-03FD-4785-958E-21B267ED281F', 'sid-03DB6464-878B-4A73-BA0A-3F9A656EF462', null, null, '', null);
INSERT INTO `act_hi_procinst` VALUES ('27503', '27503', 'LeaveBill_3', 'LeaveBill:2:22509', '2019-05-24 12:58:15', null, null, null, 'sid-F73A4BA6-03FD-4785-958E-21B267ED281F', null, null, null, '', null);
INSERT INTO `act_hi_procinst` VALUES ('27515', '27515', 'LeaveBill_4', 'LeaveBill:2:22509', '2019-05-24 13:12:36', null, null, null, 'sid-F73A4BA6-03FD-4785-958E-21B267ED281F', null, null, null, '', null);
INSERT INTO `act_hi_procinst` VALUES ('30007', '30007', 'LeaveBill_4', 'LeaveBill:2:22509', '2019-05-24 14:44:07', null, null, null, 'sid-F73A4BA6-03FD-4785-958E-21B267ED281F', null, null, null, '', null);
INSERT INTO `act_hi_procinst` VALUES ('30013', '30013', 'LeaveBill_4', 'LeaveBill:2:22509', '2019-05-24 14:44:12', null, null, null, 'sid-F73A4BA6-03FD-4785-958E-21B267ED281F', null, null, null, '', null);
INSERT INTO `act_hi_procinst` VALUES ('32505', '32505', 'LeaveBill_4', 'LeaveBill:3:32504', '2019-05-24 15:52:38', null, null, null, 'sid-F73A4BA6-03FD-4785-958E-21B267ED281F', null, null, null, '', null);
INSERT INTO `act_hi_procinst` VALUES ('32517', '32517', 'LeaveBill_4', 'LeaveBill:4:32516', '2019-05-24 15:54:08', null, null, null, 'sid-F73A4BA6-03FD-4785-958E-21B267ED281F', null, null, null, '', null);
INSERT INTO `act_hi_procinst` VALUES ('32532', '32532', 'LeaveBill_5', 'LeaveBill:4:32516', '2019-05-24 17:12:50', null, null, null, 'sid-F73A4BA6-03FD-4785-958E-21B267ED281F', null, null, null, '', null);
INSERT INTO `act_hi_procinst` VALUES ('32547', '32547', 'LeaveBill_5', 'LeaveBill:4:32516', '2019-05-24 17:23:02', null, null, 'admin', 'sid-F73A4BA6-03FD-4785-958E-21B267ED281F', null, null, null, '', null);

-- ----------------------------
-- Table structure for act_hi_taskinst
-- ----------------------------
DROP TABLE IF EXISTS `act_hi_taskinst`;
CREATE TABLE `act_hi_taskinst` (
  `ID_` varchar(64) COLLATE utf8_bin NOT NULL,
  `PROC_DEF_ID_` varchar(64) COLLATE utf8_bin DEFAULT NULL,
  `TASK_DEF_KEY_` varchar(255) COLLATE utf8_bin DEFAULT NULL,
  `PROC_INST_ID_` varchar(64) COLLATE utf8_bin DEFAULT NULL,
  `EXECUTION_ID_` varchar(64) COLLATE utf8_bin DEFAULT NULL,
  `NAME_` varchar(255) COLLATE utf8_bin DEFAULT NULL,
  `PARENT_TASK_ID_` varchar(64) COLLATE utf8_bin DEFAULT NULL,
  `DESCRIPTION_` varchar(4000) COLLATE utf8_bin DEFAULT NULL,
  `OWNER_` varchar(255) COLLATE utf8_bin DEFAULT NULL,
  `ASSIGNEE_` varchar(255) COLLATE utf8_bin DEFAULT NULL,
  `START_TIME_` datetime NOT NULL,
  `CLAIM_TIME_` datetime DEFAULT NULL,
  `END_TIME_` datetime DEFAULT NULL,
  `DURATION_` bigint(20) DEFAULT NULL,
  `DELETE_REASON_` varchar(4000) COLLATE utf8_bin DEFAULT NULL,
  `PRIORITY_` int(11) DEFAULT NULL,
  `DUE_DATE_` datetime DEFAULT NULL,
  `FORM_KEY_` varchar(255) COLLATE utf8_bin DEFAULT NULL,
  `CATEGORY_` varchar(255) COLLATE utf8_bin DEFAULT NULL,
  `TENANT_ID_` varchar(255) COLLATE utf8_bin DEFAULT '',
  PRIMARY KEY (`ID_`),
  KEY `ACT_IDX_HI_TASK_INST_PROCINST` (`PROC_INST_ID_`)
) ENGINE=InnoDB DEFAULT CHARSET=utf8 COLLATE=utf8_bin;

-- ----------------------------
-- Records of act_hi_taskinst
-- ----------------------------
INSERT INTO `act_hi_taskinst` VALUES ('15004', 'LeaveBill:1:12504', 'sid-624E8F6A-9961-4C74-8636-4AEF91FBEB69', '15001', '15001', '', null, null, null, null, '2019-05-23 16:35:43', null, null, null, null, '50', null, null, null, '');
INSERT INTO `act_hi_taskinst` VALUES ('15010', 'LeaveBill:1:12504', 'sid-624E8F6A-9961-4C74-8636-4AEF91FBEB69', '15007', '15007', '', null, null, null, null, '2019-05-23 16:43:27', null, null, null, null, '50', null, null, null, '');
INSERT INTO `act_hi_taskinst` VALUES ('15016', 'LeaveBill:1:12504', 'sid-624E8F6A-9961-4C74-8636-4AEF91FBEB69', '15013', '15013', '', null, null, null, null, '2019-05-23 16:46:29', null, null, null, null, '50', null, null, null, '');
INSERT INTO `act_hi_taskinst` VALUES ('17504', 'LeaveBill:1:12504', 'sid-624E8F6A-9961-4C74-8636-4AEF91FBEB69', '17501', '17501', '', null, null, null, null, '2019-05-24 09:17:31', null, '2019-05-24 10:50:08', '5557919', 'completed', '50', null, null, null, '');
INSERT INTO `act_hi_taskinst` VALUES ('20004', 'LeaveBill:1:12504', 'sid-624E8F6A-9961-4C74-8636-4AEF91FBEB69', '20001', '20001', '', null, null, null, null, '2019-05-24 09:22:01', null, null, null, null, '50', null, null, null, '');
INSERT INTO `act_hi_taskinst` VALUES ('22505', 'LeaveBill:1:12504', 'sid-E9F94BCE-22AE-457F-9A82-79145B67AC64', '17501', '17501', '', null, null, null, null, '2019-05-24 10:50:08', null, null, null, null, '50', null, null, null, '');
INSERT INTO `act_hi_taskinst` VALUES ('22514', 'LeaveBill:2:22509', 'sid-624E8F6A-9961-4C74-8636-4AEF91FBEB69', '22510', '22510', '', null, null, null, null, '2019-05-24 10:54:46', null, '2019-05-24 10:54:56', '10325', 'completed', '50', null, null, null, '');
INSERT INTO `act_hi_taskinst` VALUES ('22520', 'LeaveBill:2:22509', 'sid-E9F94BCE-22AE-457F-9A82-79145B67AC64', '22510', '22510', '', null, null, null, null, '2019-05-24 10:54:56', null, '2019-05-24 10:56:23', '87866', 'completed', '50', null, null, null, '');
INSERT INTO `act_hi_taskinst` VALUES ('22524', 'LeaveBill:2:22509', 'sid-675372E4-60F1-4C6D-9D66-324E7D8BFB42', '22510', '22510', '', null, null, null, null, '2019-05-24 10:56:23', null, '2019-05-24 12:08:05', '4302305', 'completed', '50', null, null, null, '');
INSERT INTO `act_hi_taskinst` VALUES ('25003', 'LeaveBill:2:22509', 'sid-8C4DD975-772D-479C-A003-5646D8B3D91C', '22510', '22510', '', null, null, null, null, '2019-05-24 12:08:05', null, '2019-05-24 12:57:53', '2988318', 'completed', '50', null, null, null, '');
INSERT INTO `act_hi_taskinst` VALUES ('27506', 'LeaveBill:2:22509', 'sid-624E8F6A-9961-4C74-8636-4AEF91FBEB69', '27503', '27503', '', null, null, null, null, '2019-05-24 12:58:15', null, '2019-05-24 12:59:13', '58771', 'completed', '50', null, null, null, '');
INSERT INTO `act_hi_taskinst` VALUES ('27513', 'LeaveBill:2:22509', 'sid-E9F94BCE-22AE-457F-9A82-79145B67AC64', '27503', '27503', '', null, null, null, null, '2019-05-24 12:59:13', null, null, null, null, '50', null, null, null, '');
INSERT INTO `act_hi_taskinst` VALUES ('27518', 'LeaveBill:2:22509', 'sid-624E8F6A-9961-4C74-8636-4AEF91FBEB69', '27515', '27515', '', null, null, null, null, '2019-05-24 13:12:36', null, '2019-05-24 14:30:06', '4650925', 'completed', '50', null, null, null, '');
INSERT INTO `act_hi_taskinst` VALUES ('30005', 'LeaveBill:2:22509', 'sid-E9F94BCE-22AE-457F-9A82-79145B67AC64', '27515', '27515', '', null, null, null, null, '2019-05-24 14:30:06', null, null, null, null, '50', null, null, null, '');
INSERT INTO `act_hi_taskinst` VALUES ('30010', 'LeaveBill:2:22509', 'sid-624E8F6A-9961-4C74-8636-4AEF91FBEB69', '30007', '30007', '', null, null, null, null, '2019-05-24 14:44:07', null, null, null, null, '50', null, null, null, '');
INSERT INTO `act_hi_taskinst` VALUES ('30016', 'LeaveBill:2:22509', 'sid-624E8F6A-9961-4C74-8636-4AEF91FBEB69', '30013', '30013', '', null, null, null, null, '2019-05-24 14:44:12', null, '2019-05-24 14:44:22', '10773', 'completed', '50', null, null, null, '');
INSERT INTO `act_hi_taskinst` VALUES ('30023', 'LeaveBill:2:22509', 'sid-E9F94BCE-22AE-457F-9A82-79145B67AC64', '30013', '30013', '', null, null, null, null, '2019-05-24 14:44:22', null, '2019-05-24 14:44:27', '5344', 'completed', '50', null, null, null, '');
INSERT INTO `act_hi_taskinst` VALUES ('30027', 'LeaveBill:2:22509', 'sid-675372E4-60F1-4C6D-9D66-324E7D8BFB42', '30013', '30013', '', null, null, null, null, '2019-05-24 14:44:27', null, null, null, null, '50', null, null, null, '');
INSERT INTO `act_hi_taskinst` VALUES ('32508', 'LeaveBill:3:32504', 'sid-624E8F6A-9961-4C74-8636-4AEF91FBEB69', '32505', '32505', '', null, null, null, null, '2019-05-24 15:52:38', null, null, null, null, '50', null, null, null, '');
INSERT INTO `act_hi_taskinst` VALUES ('32520', 'LeaveBill:4:32516', 'sid-624E8F6A-9961-4C74-8636-4AEF91FBEB69', '32517', '32517', '', null, null, null, null, '2019-05-24 15:54:08', null, '2019-05-24 15:54:19', '11359', 'completed', '50', null, null, null, '');
INSERT INTO `act_hi_taskinst` VALUES ('32529', 'LeaveBill:4:32516', 'sid-E9F94BCE-22AE-457F-9A82-79145B67AC64', '32517', '32517', '', null, null, null, null, '2019-05-24 15:54:19', null, null, null, null, '50', null, null, null, '');
INSERT INTO `act_hi_taskinst` VALUES ('32535', 'LeaveBill:4:32516', 'sid-624E8F6A-9961-4C74-8636-4AEF91FBEB69', '32532', '32532', '', null, null, null, null, '2019-05-24 17:12:50', null, '2019-05-24 17:13:00', '10799', 'completed', '50', null, null, null, '');
INSERT INTO `act_hi_taskinst` VALUES ('32544', 'LeaveBill:4:32516', 'sid-E9F94BCE-22AE-457F-9A82-79145B67AC64', '32532', '32532', '', null, null, null, null, '2019-05-24 17:13:00', null, null, null, null, '50', null, null, null, '');
INSERT INTO `act_hi_taskinst` VALUES ('32551', 'LeaveBill:4:32516', 'sid-624E8F6A-9961-4C74-8636-4AEF91FBEB69', '32547', '32547', '', null, null, null, null, '2019-05-24 17:23:02', null, '2019-05-24 17:23:21', '19953', 'completed', '50', null, null, null, '');
INSERT INTO `act_hi_taskinst` VALUES ('32559', 'LeaveBill:4:32516', 'sid-E9F94BCE-22AE-457F-9A82-79145B67AC64', '32547', '32547', '', null, null, null, null, '2019-05-24 17:23:21', null, '2019-06-20 09:40:36', '2305035041', 'completed', '50', null, null, null, '');
INSERT INTO `act_hi_taskinst` VALUES ('35003', 'LeaveBill:4:32516', 'sid-675372E4-60F1-4C6D-9D66-324E7D8BFB42', '32547', '32547', '', null, null, null, null, '2019-06-20 09:40:36', null, '2019-06-20 09:41:07', '31346', 'completed', '50', null, null, null, '');
INSERT INTO `act_hi_taskinst` VALUES ('35008', 'LeaveBill:4:32516', 'sid-8C4DD975-772D-479C-A003-5646D8B3D91C', '32547', '32547', '', null, null, null, null, '2019-06-20 09:41:07', null, null, null, null, '50', null, null, null, '');

-- ----------------------------
-- Table structure for act_hi_varinst
-- ----------------------------
DROP TABLE IF EXISTS `act_hi_varinst`;
CREATE TABLE `act_hi_varinst` (
  `ID_` varchar(64) COLLATE utf8_bin NOT NULL,
  `PROC_INST_ID_` varchar(64) COLLATE utf8_bin DEFAULT NULL,
  `EXECUTION_ID_` varchar(64) COLLATE utf8_bin DEFAULT NULL,
  `TASK_ID_` varchar(64) COLLATE utf8_bin DEFAULT NULL,
  `NAME_` varchar(255) COLLATE utf8_bin NOT NULL,
  `VAR_TYPE_` varchar(100) COLLATE utf8_bin DEFAULT NULL,
  `REV_` int(11) DEFAULT NULL,
  `BYTEARRAY_ID_` varchar(64) COLLATE utf8_bin DEFAULT NULL,
  `DOUBLE_` double DEFAULT NULL,
  `LONG_` bigint(20) DEFAULT NULL,
  `TEXT_` varchar(4000) COLLATE utf8_bin DEFAULT NULL,
  `TEXT2_` varchar(4000) COLLATE utf8_bin DEFAULT NULL,
  `CREATE_TIME_` datetime DEFAULT NULL,
  `LAST_UPDATED_TIME_` datetime DEFAULT NULL,
  PRIMARY KEY (`ID_`),
  KEY `ACT_IDX_HI_PROCVAR_PROC_INST` (`PROC_INST_ID_`),
  KEY `ACT_IDX_HI_PROCVAR_NAME_TYPE` (`NAME_`,`VAR_TYPE_`),
  KEY `ACT_IDX_HI_PROCVAR_TASK_ID` (`TASK_ID_`)
) ENGINE=InnoDB DEFAULT CHARSET=utf8 COLLATE=utf8_bin;

-- ----------------------------
-- Records of act_hi_varinst
-- ----------------------------
INSERT INTO `act_hi_varinst` VALUES ('22502', '17501', '17501', null, 'days', 'string', '0', null, null, null, '3', null, '2019-05-24 10:50:08', '2019-05-24 10:50:08');
INSERT INTO `act_hi_varinst` VALUES ('22503', '17501', '17501', null, 'flag', 'null', '0', null, null, null, null, null, '2019-05-24 10:50:08', '2019-05-24 10:50:08');
INSERT INTO `act_hi_varinst` VALUES ('22517', '22510', '22510', null, 'days', 'string', '3', null, null, null, '3', null, '2019-05-24 10:54:56', '2019-05-24 12:57:53');
INSERT INTO `act_hi_varinst` VALUES ('22518', '22510', '22510', null, 'flag', 'null', '3', null, null, null, null, null, '2019-05-24 10:54:56', '2019-05-24 12:57:53');
INSERT INTO `act_hi_varinst` VALUES ('27510', '27503', '27503', null, 'days', 'string', '0', null, null, null, '3', null, '2019-05-24 12:59:13', '2019-05-24 12:59:13');
INSERT INTO `act_hi_varinst` VALUES ('27511', '27503', '27503', null, 'flag', 'null', '0', null, null, null, null, null, '2019-05-24 12:59:13', '2019-05-24 12:59:13');
INSERT INTO `act_hi_varinst` VALUES ('30002', '27515', '27515', null, 'days', 'string', '0', null, null, null, '5', null, '2019-05-24 14:30:06', '2019-05-24 14:30:06');
INSERT INTO `act_hi_varinst` VALUES ('30003', '27515', '27515', null, 'flag', 'null', '0', null, null, null, null, null, '2019-05-24 14:30:06', '2019-05-24 14:30:06');
INSERT INTO `act_hi_varinst` VALUES ('30020', '30013', '30013', null, 'days', 'string', '1', null, null, null, '5', null, '2019-05-24 14:44:22', '2019-05-24 14:44:27');
INSERT INTO `act_hi_varinst` VALUES ('30021', '30013', '30013', null, 'flag', 'null', '1', null, null, null, null, null, '2019-05-24 14:44:22', '2019-05-24 14:44:27');
INSERT INTO `act_hi_varinst` VALUES ('32526', '32517', '32517', null, 'days', 'string', '0', null, null, null, '5', null, '2019-05-24 15:54:19', '2019-05-24 15:54:19');
INSERT INTO `act_hi_varinst` VALUES ('32527', '32517', '32517', null, 'flag', 'null', '0', null, null, null, null, null, '2019-05-24 15:54:19', '2019-05-24 15:54:19');
INSERT INTO `act_hi_varinst` VALUES ('32541', '32532', '32532', null, 'days', 'string', '0', null, null, null, '3', null, '2019-05-24 17:13:00', '2019-05-24 17:13:00');
INSERT INTO `act_hi_varinst` VALUES ('32542', '32532', '32532', null, 'flag', 'null', '0', null, null, null, null, null, '2019-05-24 17:13:00', '2019-05-24 17:13:00');
INSERT INTO `act_hi_varinst` VALUES ('32556', '32547', '32547', null, 'days', 'string', '2', null, null, null, '3', null, '2019-05-24 17:23:21', '2019-06-20 09:41:07');
INSERT INTO `act_hi_varinst` VALUES ('32557', '32547', '32547', null, 'flag', 'null', '2', null, null, null, null, null, '2019-05-24 17:23:21', '2019-06-20 09:41:07');

-- ----------------------------
-- Table structure for act_id_group
-- ----------------------------
DROP TABLE IF EXISTS `act_id_group`;
CREATE TABLE `act_id_group` (
  `ID_` varchar(64) COLLATE utf8_bin NOT NULL DEFAULT '',
  `REV_` int(11) DEFAULT NULL,
  `NAME_` varchar(255) COLLATE utf8_bin DEFAULT NULL,
  `TYPE_` varchar(255) COLLATE utf8_bin DEFAULT NULL,
  PRIMARY KEY (`ID_`)
) ENGINE=InnoDB DEFAULT CHARSET=utf8 COLLATE=utf8_bin;

-- ----------------------------
-- Records of act_id_group
-- ----------------------------
INSERT INTO `act_id_group` VALUES ('1', '1', 'test', '1');

-- ----------------------------
-- Table structure for act_id_info
-- ----------------------------
DROP TABLE IF EXISTS `act_id_info`;
CREATE TABLE `act_id_info` (
  `ID_` varchar(64) COLLATE utf8_bin NOT NULL DEFAULT '',
  `REV_` int(11) DEFAULT NULL,
  `USER_ID_` varchar(64) COLLATE utf8_bin DEFAULT NULL,
  `TYPE_` varchar(64) COLLATE utf8_bin DEFAULT NULL,
  `KEY_` varchar(255) COLLATE utf8_bin DEFAULT NULL,
  `VALUE_` varchar(255) COLLATE utf8_bin DEFAULT NULL,
  `PASSWORD_` longblob,
  `PARENT_ID_` varchar(255) COLLATE utf8_bin DEFAULT NULL,
  PRIMARY KEY (`ID_`)
) ENGINE=InnoDB DEFAULT CHARSET=utf8 COLLATE=utf8_bin;

-- ----------------------------
-- Records of act_id_info
-- ----------------------------
INSERT INTO `act_id_info` VALUES ('1', '1', '1', '1', '1', '1', null, '0');

-- ----------------------------
-- Table structure for act_id_membership
-- ----------------------------
DROP TABLE IF EXISTS `act_id_membership`;
CREATE TABLE `act_id_membership` (
  `USER_ID_` varchar(64) COLLATE utf8_bin NOT NULL DEFAULT '',
  `GROUP_ID_` varchar(64) COLLATE utf8_bin NOT NULL DEFAULT '',
  PRIMARY KEY (`USER_ID_`,`GROUP_ID_`),
  KEY `ACT_FK_MEMB_GROUP` (`GROUP_ID_`),
  CONSTRAINT `ACT_FK_MEMB_GROUP` FOREIGN KEY (`GROUP_ID_`) REFERENCES `act_id_group` (`ID_`),
  CONSTRAINT `ACT_FK_MEMB_USER` FOREIGN KEY (`USER_ID_`) REFERENCES `act_id_user` (`ID_`)
) ENGINE=InnoDB DEFAULT CHARSET=utf8 COLLATE=utf8_bin;

-- ----------------------------
-- Records of act_id_membership
-- ----------------------------
INSERT INTO `act_id_membership` VALUES ('1', '1');

-- ----------------------------
-- Table structure for act_id_user
-- ----------------------------
DROP TABLE IF EXISTS `act_id_user`;
CREATE TABLE `act_id_user` (
  `ID_` varchar(64) COLLATE utf8_bin NOT NULL DEFAULT '',
  `REV_` int(11) DEFAULT NULL,
  `FIRST_` varchar(255) COLLATE utf8_bin DEFAULT NULL,
  `LAST_` varchar(255) COLLATE utf8_bin DEFAULT NULL,
  `EMAIL_` varchar(255) COLLATE utf8_bin DEFAULT NULL,
  `PWD_` varchar(255) COLLATE utf8_bin DEFAULT NULL,
  `PICTURE_ID_` varchar(64) COLLATE utf8_bin DEFAULT NULL,
  PRIMARY KEY (`ID_`)
) ENGINE=InnoDB DEFAULT CHARSET=utf8 COLLATE=utf8_bin;

-- ----------------------------
-- Records of act_id_user
-- ----------------------------
INSERT INTO `act_id_user` VALUES ('1', '1', 'test', 'ltest', '13@qq.com', '123', null);

-- ----------------------------
-- Table structure for act_procdef_info
-- ----------------------------
DROP TABLE IF EXISTS `act_procdef_info`;
CREATE TABLE `act_procdef_info` (
  `ID_` varchar(64) COLLATE utf8_bin NOT NULL,
  `PROC_DEF_ID_` varchar(64) COLLATE utf8_bin NOT NULL,
  `REV_` int(11) DEFAULT NULL,
  `INFO_JSON_ID_` varchar(64) COLLATE utf8_bin DEFAULT NULL,
  PRIMARY KEY (`ID_`),
  UNIQUE KEY `ACT_UNIQ_INFO_PROCDEF` (`PROC_DEF_ID_`),
  KEY `ACT_IDX_INFO_PROCDEF` (`PROC_DEF_ID_`),
  KEY `ACT_FK_INFO_JSON_BA` (`INFO_JSON_ID_`),
  CONSTRAINT `ACT_FK_INFO_JSON_BA` FOREIGN KEY (`INFO_JSON_ID_`) REFERENCES `act_ge_bytearray` (`ID_`),
  CONSTRAINT `ACT_FK_INFO_PROCDEF` FOREIGN KEY (`PROC_DEF_ID_`) REFERENCES `act_re_procdef` (`ID_`)
) ENGINE=InnoDB DEFAULT CHARSET=utf8 COLLATE=utf8_bin;

-- ----------------------------
-- Records of act_procdef_info
-- ----------------------------

-- ----------------------------
-- Table structure for act_re_deployment
-- ----------------------------
DROP TABLE IF EXISTS `act_re_deployment`;
CREATE TABLE `act_re_deployment` (
  `ID_` varchar(64) COLLATE utf8_bin NOT NULL DEFAULT '',
  `NAME_` varchar(255) COLLATE utf8_bin DEFAULT NULL,
  `CATEGORY_` varchar(255) COLLATE utf8_bin DEFAULT NULL,
  `TENANT_ID_` varchar(255) COLLATE utf8_bin DEFAULT '',
  `DEPLOY_TIME_` timestamp NULL DEFAULT NULL,
  PRIMARY KEY (`ID_`)
) ENGINE=InnoDB DEFAULT CHARSET=utf8 COLLATE=utf8_bin;

-- ----------------------------
-- Records of act_re_deployment
-- ----------------------------
INSERT INTO `act_re_deployment` VALUES ('10001', '', null, '', '2019-05-23 09:47:24');
INSERT INTO `act_re_deployment` VALUES ('12501', 'LeaveBill', null, '', '2019-05-23 14:43:26');
INSERT INTO `act_re_deployment` VALUES ('22506', 'LeaveBill', null, '', '2019-05-24 10:53:53');
INSERT INTO `act_re_deployment` VALUES ('32501', 'LeaveBill', null, '', '2019-05-24 15:52:31');
INSERT INTO `act_re_deployment` VALUES ('32513', 'LeaveBill', null, '', '2019-05-24 15:54:02');

-- ----------------------------
-- Table structure for act_re_model
-- ----------------------------
DROP TABLE IF EXISTS `act_re_model`;
CREATE TABLE `act_re_model` (
  `ID_` varchar(64) COLLATE utf8_bin NOT NULL,
  `REV_` int(11) DEFAULT NULL,
  `NAME_` varchar(255) COLLATE utf8_bin DEFAULT NULL,
  `KEY_` varchar(255) COLLATE utf8_bin DEFAULT NULL,
  `CATEGORY_` varchar(255) COLLATE utf8_bin DEFAULT NULL,
  `CREATE_TIME_` timestamp NULL DEFAULT NULL,
  `LAST_UPDATE_TIME_` timestamp NULL DEFAULT NULL,
  `VERSION_` int(11) DEFAULT NULL,
  `META_INFO_` varchar(4000) COLLATE utf8_bin DEFAULT NULL,
  `DEPLOYMENT_ID_` varchar(64) COLLATE utf8_bin DEFAULT NULL,
  `EDITOR_SOURCE_VALUE_ID_` varchar(64) COLLATE utf8_bin DEFAULT NULL,
  `EDITOR_SOURCE_EXTRA_VALUE_ID_` varchar(64) COLLATE utf8_bin DEFAULT NULL,
  `TENANT_ID_` varchar(255) COLLATE utf8_bin DEFAULT '',
  PRIMARY KEY (`ID_`),
  KEY `ACT_FK_MODEL_SOURCE` (`EDITOR_SOURCE_VALUE_ID_`),
  KEY `ACT_FK_MODEL_SOURCE_EXTRA` (`EDITOR_SOURCE_EXTRA_VALUE_ID_`),
  KEY `ACT_FK_MODEL_DEPLOYMENT` (`DEPLOYMENT_ID_`),
  CONSTRAINT `ACT_FK_MODEL_DEPLOYMENT` FOREIGN KEY (`DEPLOYMENT_ID_`) REFERENCES `act_re_deployment` (`ID_`),
  CONSTRAINT `ACT_FK_MODEL_SOURCE` FOREIGN KEY (`EDITOR_SOURCE_VALUE_ID_`) REFERENCES `act_ge_bytearray` (`ID_`),
  CONSTRAINT `ACT_FK_MODEL_SOURCE_EXTRA` FOREIGN KEY (`EDITOR_SOURCE_EXTRA_VALUE_ID_`) REFERENCES `act_ge_bytearray` (`ID_`)
) ENGINE=InnoDB DEFAULT CHARSET=utf8 COLLATE=utf8_bin;

-- ----------------------------
-- Records of act_re_model
-- ----------------------------
INSERT INTO `act_re_model` VALUES ('2501', '15', 'LeaveBill', 'busleavel', '', '2019-05-22 14:40:49', '2019-06-20 09:35:14', '1', '{\"name\":\"LeaveBill\",\"description\":\"\",\"revision\":1}', '32513', '2502', '5001', '');

-- ----------------------------
-- Table structure for act_re_procdef
-- ----------------------------
DROP TABLE IF EXISTS `act_re_procdef`;
CREATE TABLE `act_re_procdef` (
  `ID_` varchar(64) COLLATE utf8_bin NOT NULL,
  `REV_` int(11) DEFAULT NULL,
  `CATEGORY_` varchar(255) COLLATE utf8_bin DEFAULT NULL,
  `NAME_` varchar(255) COLLATE utf8_bin DEFAULT NULL,
  `KEY_` varchar(255) COLLATE utf8_bin NOT NULL,
  `VERSION_` int(11) NOT NULL,
  `DEPLOYMENT_ID_` varchar(64) COLLATE utf8_bin DEFAULT NULL,
  `RESOURCE_NAME_` varchar(4000) COLLATE utf8_bin DEFAULT NULL,
  `DGRM_RESOURCE_NAME_` varchar(4000) COLLATE utf8_bin DEFAULT NULL,
  `DESCRIPTION_` varchar(4000) COLLATE utf8_bin DEFAULT NULL,
  `HAS_START_FORM_KEY_` tinyint(4) DEFAULT NULL,
  `HAS_GRAPHICAL_NOTATION_` tinyint(4) DEFAULT NULL,
  `SUSPENSION_STATE_` int(11) DEFAULT NULL,
  `TENANT_ID_` varchar(255) COLLATE utf8_bin DEFAULT '',
  PRIMARY KEY (`ID_`),
  UNIQUE KEY `ACT_UNIQ_PROCDEF` (`KEY_`,`VERSION_`,`TENANT_ID_`)
) ENGINE=InnoDB DEFAULT CHARSET=utf8 COLLATE=utf8_bin;

-- ----------------------------
-- Records of act_re_procdef
-- ----------------------------
INSERT INTO `act_re_procdef` VALUES ('LeaveBill:1:12504', '1', 'http://www.activiti.org/processdef', 'LeaveBill', 'LeaveBill', '1', '12501', 'LeaveBill.bpmn20.xml', 'LeaveBill.LeaveBill.png', '', '0', '1', '1', '');
INSERT INTO `act_re_procdef` VALUES ('LeaveBill:2:22509', '1', 'http://www.activiti.org/processdef', 'LeaveBill', 'LeaveBill', '2', '22506', 'LeaveBill.bpmn20.xml', 'LeaveBill.LeaveBill.png', '', '0', '1', '1', '');
INSERT INTO `act_re_procdef` VALUES ('LeaveBill:3:32504', '1', 'http://www.activiti.org/processdef', 'LeaveBill', 'LeaveBill', '3', '32501', 'LeaveBill.bpmn20.xml', 'LeaveBill.LeaveBill.png', '', '0', '1', '1', '');
INSERT INTO `act_re_procdef` VALUES ('LeaveBill:4:32516', '1', 'http://www.activiti.org/processdef', 'LeaveBill', 'LeaveBill', '4', '32513', 'LeaveBill.bpmn20.xml', 'LeaveBill.LeaveBill.png', '', '0', '1', '1', '');

-- ----------------------------
-- Table structure for act_ru_event_subscr
-- ----------------------------
DROP TABLE IF EXISTS `act_ru_event_subscr`;
CREATE TABLE `act_ru_event_subscr` (
  `ID_` varchar(64) COLLATE utf8_bin NOT NULL,
  `REV_` int(11) DEFAULT NULL,
  `EVENT_TYPE_` varchar(255) COLLATE utf8_bin NOT NULL,
  `EVENT_NAME_` varchar(255) COLLATE utf8_bin DEFAULT NULL,
  `EXECUTION_ID_` varchar(64) COLLATE utf8_bin DEFAULT NULL,
  `PROC_INST_ID_` varchar(64) COLLATE utf8_bin DEFAULT NULL,
  `ACTIVITY_ID_` varchar(64) COLLATE utf8_bin DEFAULT NULL,
  `CONFIGURATION_` varchar(255) COLLATE utf8_bin DEFAULT NULL,
  `CREATED_` timestamp NOT NULL DEFAULT CURRENT_TIMESTAMP,
  `PROC_DEF_ID_` varchar(64) COLLATE utf8_bin DEFAULT NULL,
  `TENANT_ID_` varchar(255) COLLATE utf8_bin DEFAULT '',
  PRIMARY KEY (`ID_`),
  KEY `ACT_IDX_EVENT_SUBSCR_CONFIG_` (`CONFIGURATION_`),
  KEY `ACT_FK_EVENT_EXEC` (`EXECUTION_ID_`),
  CONSTRAINT `ACT_FK_EVENT_EXEC` FOREIGN KEY (`EXECUTION_ID_`) REFERENCES `act_ru_execution` (`ID_`)
) ENGINE=InnoDB DEFAULT CHARSET=utf8 COLLATE=utf8_bin;

-- ----------------------------
-- Records of act_ru_event_subscr
-- ----------------------------

-- ----------------------------
-- Table structure for act_ru_execution
-- ----------------------------
DROP TABLE IF EXISTS `act_ru_execution`;
CREATE TABLE `act_ru_execution` (
  `ID_` varchar(64) COLLATE utf8_bin NOT NULL DEFAULT '',
  `REV_` int(11) DEFAULT NULL,
  `PROC_INST_ID_` varchar(64) COLLATE utf8_bin DEFAULT NULL,
  `BUSINESS_KEY_` varchar(255) COLLATE utf8_bin DEFAULT NULL,
  `PARENT_ID_` varchar(64) COLLATE utf8_bin DEFAULT NULL,
  `PROC_DEF_ID_` varchar(64) COLLATE utf8_bin DEFAULT NULL,
  `SUPER_EXEC_` varchar(64) COLLATE utf8_bin DEFAULT NULL,
  `ACT_ID_` varchar(255) COLLATE utf8_bin DEFAULT NULL,
  `IS_ACTIVE_` tinyint(4) DEFAULT NULL,
  `IS_CONCURRENT_` tinyint(4) DEFAULT NULL,
  `IS_SCOPE_` tinyint(4) DEFAULT NULL,
  `IS_EVENT_SCOPE_` tinyint(4) DEFAULT NULL,
  `SUSPENSION_STATE_` int(11) DEFAULT NULL,
  `CACHED_ENT_STATE_` int(11) DEFAULT NULL,
  `TENANT_ID_` varchar(255) COLLATE utf8_bin DEFAULT '',
  `NAME_` varchar(255) COLLATE utf8_bin DEFAULT NULL,
  `LOCK_TIME_` timestamp NULL DEFAULT NULL,
  PRIMARY KEY (`ID_`),
  KEY `ACT_IDX_EXEC_BUSKEY` (`BUSINESS_KEY_`),
  KEY `ACT_FK_EXE_PROCINST` (`PROC_INST_ID_`),
  KEY `ACT_FK_EXE_PARENT` (`PARENT_ID_`),
  KEY `ACT_FK_EXE_SUPER` (`SUPER_EXEC_`),
  KEY `ACT_FK_EXE_PROCDEF` (`PROC_DEF_ID_`),
  CONSTRAINT `ACT_FK_EXE_PARENT` FOREIGN KEY (`PARENT_ID_`) REFERENCES `act_ru_execution` (`ID_`),
  CONSTRAINT `ACT_FK_EXE_PROCDEF` FOREIGN KEY (`PROC_DEF_ID_`) REFERENCES `act_re_procdef` (`ID_`),
  CONSTRAINT `ACT_FK_EXE_PROCINST` FOREIGN KEY (`PROC_INST_ID_`) REFERENCES `act_ru_execution` (`ID_`) ON DELETE CASCADE ON UPDATE CASCADE,
  CONSTRAINT `ACT_FK_EXE_SUPER` FOREIGN KEY (`SUPER_EXEC_`) REFERENCES `act_ru_execution` (`ID_`)
) ENGINE=InnoDB DEFAULT CHARSET=utf8 COLLATE=utf8_bin;

-- ----------------------------
-- Records of act_ru_execution
-- ----------------------------
INSERT INTO `act_ru_execution` VALUES ('15001', '1', '15001', 'LeaveBill_3', null, 'LeaveBill:1:12504', null, 'sid-624E8F6A-9961-4C74-8636-4AEF91FBEB69', '1', '0', '1', '0', '1', '2', '', null, null);
INSERT INTO `act_ru_execution` VALUES ('15007', '1', '15007', 'LeaveBill_3', null, 'LeaveBill:1:12504', null, 'sid-624E8F6A-9961-4C74-8636-4AEF91FBEB69', '1', '0', '1', '0', '1', '2', '', null, null);
INSERT INTO `act_ru_execution` VALUES ('15013', '1', '15013', 'LeaveBill_3', null, 'LeaveBill:1:12504', null, 'sid-624E8F6A-9961-4C74-8636-4AEF91FBEB69', '1', '0', '1', '0', '1', '2', '', null, null);
INSERT INTO `act_ru_execution` VALUES ('17501', '2', '17501', 'LeaveBill_3', null, 'LeaveBill:1:12504', null, 'sid-E9F94BCE-22AE-457F-9A82-79145B67AC64', '1', '0', '1', '0', '1', '2', '', null, null);
INSERT INTO `act_ru_execution` VALUES ('20001', '1', '20001', 'LeaveBill_3', null, 'LeaveBill:1:12504', null, 'sid-624E8F6A-9961-4C74-8636-4AEF91FBEB69', '1', '0', '1', '0', '1', '2', '', null, null);
INSERT INTO `act_ru_execution` VALUES ('27503', '2', '27503', 'LeaveBill_3', null, 'LeaveBill:2:22509', null, 'sid-E9F94BCE-22AE-457F-9A82-79145B67AC64', '1', '0', '1', '0', '1', '2', '', null, null);
INSERT INTO `act_ru_execution` VALUES ('27515', '2', '27515', 'LeaveBill_4', null, 'LeaveBill:2:22509', null, 'sid-E9F94BCE-22AE-457F-9A82-79145B67AC64', '1', '0', '1', '0', '1', '2', '', null, null);
INSERT INTO `act_ru_execution` VALUES ('30007', '1', '30007', 'LeaveBill_4', null, 'LeaveBill:2:22509', null, 'sid-624E8F6A-9961-4C74-8636-4AEF91FBEB69', '1', '0', '1', '0', '1', '2', '', null, null);
INSERT INTO `act_ru_execution` VALUES ('30013', '3', '30013', 'LeaveBill_4', null, 'LeaveBill:2:22509', null, 'sid-675372E4-60F1-4C6D-9D66-324E7D8BFB42', '1', '0', '1', '0', '1', '2', '', null, null);
INSERT INTO `act_ru_execution` VALUES ('32505', '1', '32505', 'LeaveBill_4', null, 'LeaveBill:3:32504', null, 'sid-624E8F6A-9961-4C74-8636-4AEF91FBEB69', '1', '0', '1', '0', '1', '2', '', null, null);
INSERT INTO `act_ru_execution` VALUES ('32517', '2', '32517', 'LeaveBill_4', null, 'LeaveBill:4:32516', null, 'sid-E9F94BCE-22AE-457F-9A82-79145B67AC64', '1', '0', '1', '0', '1', '2', '', null, null);
INSERT INTO `act_ru_execution` VALUES ('32532', '2', '32532', 'LeaveBill_5', null, 'LeaveBill:4:32516', null, 'sid-E9F94BCE-22AE-457F-9A82-79145B67AC64', '1', '0', '1', '0', '1', '2', '', null, null);
INSERT INTO `act_ru_execution` VALUES ('32547', '4', '32547', 'LeaveBill_5', null, 'LeaveBill:4:32516', null, 'sid-8C4DD975-772D-479C-A003-5646D8B3D91C', '1', '0', '1', '0', '1', '2', '', null, null);

-- ----------------------------
-- Table structure for act_ru_identitylink
-- ----------------------------
DROP TABLE IF EXISTS `act_ru_identitylink`;
CREATE TABLE `act_ru_identitylink` (
  `ID_` varchar(64) COLLATE utf8_bin NOT NULL DEFAULT '',
  `REV_` int(11) DEFAULT NULL,
  `GROUP_ID_` varchar(255) COLLATE utf8_bin DEFAULT NULL,
  `TYPE_` varchar(255) COLLATE utf8_bin DEFAULT NULL,
  `USER_ID_` varchar(255) COLLATE utf8_bin DEFAULT NULL,
  `TASK_ID_` varchar(64) COLLATE utf8_bin DEFAULT NULL,
  `PROC_INST_ID_` varchar(64) COLLATE utf8_bin DEFAULT NULL,
  `PROC_DEF_ID_` varchar(64) COLLATE utf8_bin DEFAULT NULL,
  PRIMARY KEY (`ID_`),
  KEY `ACT_IDX_IDENT_LNK_USER` (`USER_ID_`),
  KEY `ACT_IDX_IDENT_LNK_GROUP` (`GROUP_ID_`),
  KEY `ACT_IDX_ATHRZ_PROCEDEF` (`PROC_DEF_ID_`),
  KEY `ACT_FK_TSKASS_TASK` (`TASK_ID_`),
  KEY `ACT_FK_IDL_PROCINST` (`PROC_INST_ID_`),
  CONSTRAINT `ACT_FK_ATHRZ_PROCEDEF` FOREIGN KEY (`PROC_DEF_ID_`) REFERENCES `act_re_procdef` (`ID_`),
  CONSTRAINT `ACT_FK_IDL_PROCINST` FOREIGN KEY (`PROC_INST_ID_`) REFERENCES `act_ru_execution` (`ID_`),
  CONSTRAINT `ACT_FK_TSKASS_TASK` FOREIGN KEY (`TASK_ID_`) REFERENCES `act_ru_task` (`ID_`)
) ENGINE=InnoDB DEFAULT CHARSET=utf8 COLLATE=utf8_bin;

-- ----------------------------
-- Records of act_ru_identitylink
-- ----------------------------
INSERT INTO `act_ru_identitylink` VALUES ('15005', '1', null, 'candidate', 'admin', '15004', null, null);
INSERT INTO `act_ru_identitylink` VALUES ('15006', '1', null, 'participant', 'admin', null, '15001', null);
INSERT INTO `act_ru_identitylink` VALUES ('15011', '1', null, 'candidate', 'admin', '15010', null, null);
INSERT INTO `act_ru_identitylink` VALUES ('15012', '1', null, 'participant', 'admin', null, '15007', null);
INSERT INTO `act_ru_identitylink` VALUES ('15017', '1', null, 'candidate', 'admin', '15016', null, null);
INSERT INTO `act_ru_identitylink` VALUES ('15018', '1', null, 'participant', 'admin', null, '15013', null);
INSERT INTO `act_ru_identitylink` VALUES ('17506', '1', null, 'participant', 'admin', null, '17501', null);
INSERT INTO `act_ru_identitylink` VALUES ('20005', '1', null, 'candidate', '000005', '20004', null, null);
INSERT INTO `act_ru_identitylink` VALUES ('20006', '1', null, 'participant', '000005', null, '20001', null);
INSERT INTO `act_ru_identitylink` VALUES ('27508', '1', null, 'participant', 'admin', null, '27503', null);
INSERT INTO `act_ru_identitylink` VALUES ('27514', '1', null, 'candidate', 'admin', '27513', null, null);
INSERT INTO `act_ru_identitylink` VALUES ('27520', '1', null, 'participant', 'admin', null, '27515', null);
INSERT INTO `act_ru_identitylink` VALUES ('30006', '1', null, 'candidate', 'admin', '30005', null, null);
INSERT INTO `act_ru_identitylink` VALUES ('30011', '1', null, 'candidate', 'admin', '30010', null, null);
INSERT INTO `act_ru_identitylink` VALUES ('30012', '1', null, 'participant', 'admin', null, '30007', null);
INSERT INTO `act_ru_identitylink` VALUES ('30018', '1', null, 'participant', 'admin', null, '30013', null);
INSERT INTO `act_ru_identitylink` VALUES ('30028', '1', null, 'candidate', 'admin', '30027', null, null);
INSERT INTO `act_ru_identitylink` VALUES ('32509', '1', null, 'candidate', 'admin', '32508', null, null);
INSERT INTO `act_ru_identitylink` VALUES ('32510', '1', null, 'participant', 'admin', null, '32505', null);
INSERT INTO `act_ru_identitylink` VALUES ('32511', '1', null, 'candidate', '000005', '32508', null, null);
INSERT INTO `act_ru_identitylink` VALUES ('32512', '1', null, 'participant', '000005', null, '32505', null);
INSERT INTO `act_ru_identitylink` VALUES ('32522', '1', null, 'participant', 'admin', null, '32517', null);
INSERT INTO `act_ru_identitylink` VALUES ('32524', '1', null, 'participant', '000005', null, '32517', null);
INSERT INTO `act_ru_identitylink` VALUES ('32530', '1', null, 'candidate', 'admin', '32529', null, null);
INSERT INTO `act_ru_identitylink` VALUES ('32531', '1', null, 'candidate', '000005', '32529', null, null);
INSERT INTO `act_ru_identitylink` VALUES ('32537', '1', null, 'participant', 'admin', null, '32532', null);
INSERT INTO `act_ru_identitylink` VALUES ('32539', '1', null, 'participant', '000005', null, '32532', null);
INSERT INTO `act_ru_identitylink` VALUES ('32545', '1', null, 'candidate', 'admin', '32544', null, null);
INSERT INTO `act_ru_identitylink` VALUES ('32546', '1', null, 'candidate', '000005', '32544', null, null);
INSERT INTO `act_ru_identitylink` VALUES ('32548', '1', null, 'starter', 'admin', null, '32547', null);
INSERT INTO `act_ru_identitylink` VALUES ('32554', '1', null, 'participant', '000005', null, '32547', null);
INSERT INTO `act_ru_identitylink` VALUES ('35009', '1', null, 'candidate', 'admin', '35008', null, null);
INSERT INTO `act_ru_identitylink` VALUES ('35010', '1', null, 'candidate', '000005', '35008', null, null);

-- ----------------------------
-- Table structure for act_ru_job
-- ----------------------------
DROP TABLE IF EXISTS `act_ru_job`;
CREATE TABLE `act_ru_job` (
  `ID_` varchar(64) COLLATE utf8_bin NOT NULL,
  `REV_` int(11) DEFAULT NULL,
  `TYPE_` varchar(255) COLLATE utf8_bin NOT NULL,
  `LOCK_EXP_TIME_` timestamp NULL DEFAULT NULL,
  `LOCK_OWNER_` varchar(255) COLLATE utf8_bin DEFAULT NULL,
  `EXCLUSIVE_` tinyint(1) DEFAULT NULL,
  `EXECUTION_ID_` varchar(64) COLLATE utf8_bin DEFAULT NULL,
  `PROCESS_INSTANCE_ID_` varchar(64) COLLATE utf8_bin DEFAULT NULL,
  `PROC_DEF_ID_` varchar(64) COLLATE utf8_bin DEFAULT NULL,
  `RETRIES_` int(11) DEFAULT NULL,
  `EXCEPTION_STACK_ID_` varchar(64) COLLATE utf8_bin DEFAULT NULL,
  `EXCEPTION_MSG_` varchar(4000) COLLATE utf8_bin DEFAULT NULL,
  `DUEDATE_` timestamp NULL DEFAULT NULL,
  `REPEAT_` varchar(255) COLLATE utf8_bin DEFAULT NULL,
  `HANDLER_TYPE_` varchar(255) COLLATE utf8_bin DEFAULT NULL,
  `HANDLER_CFG_` varchar(4000) COLLATE utf8_bin DEFAULT NULL,
  `TENANT_ID_` varchar(255) COLLATE utf8_bin DEFAULT '',
  PRIMARY KEY (`ID_`),
  KEY `ACT_FK_JOB_EXCEPTION` (`EXCEPTION_STACK_ID_`),
  CONSTRAINT `ACT_FK_JOB_EXCEPTION` FOREIGN KEY (`EXCEPTION_STACK_ID_`) REFERENCES `act_ge_bytearray` (`ID_`)
) ENGINE=InnoDB DEFAULT CHARSET=utf8 COLLATE=utf8_bin;

-- ----------------------------
-- Records of act_ru_job
-- ----------------------------

-- ----------------------------
-- Table structure for act_ru_task
-- ----------------------------
DROP TABLE IF EXISTS `act_ru_task`;
CREATE TABLE `act_ru_task` (
  `ID_` varchar(64) COLLATE utf8_bin NOT NULL DEFAULT '',
  `REV_` int(11) DEFAULT NULL,
  `EXECUTION_ID_` varchar(64) COLLATE utf8_bin DEFAULT NULL,
  `PROC_INST_ID_` varchar(64) COLLATE utf8_bin DEFAULT NULL,
  `PROC_DEF_ID_` varchar(64) COLLATE utf8_bin DEFAULT NULL,
  `NAME_` varchar(255) COLLATE utf8_bin DEFAULT NULL,
  `PARENT_TASK_ID_` varchar(64) COLLATE utf8_bin DEFAULT NULL,
  `DESCRIPTION_` varchar(4000) COLLATE utf8_bin DEFAULT NULL,
  `TASK_DEF_KEY_` varchar(255) COLLATE utf8_bin DEFAULT NULL,
  `OWNER_` varchar(255) COLLATE utf8_bin DEFAULT NULL,
  `ASSIGNEE_` varchar(255) COLLATE utf8_bin DEFAULT NULL,
  `DELEGATION_` varchar(64) COLLATE utf8_bin DEFAULT NULL,
  `PRIORITY_` int(11) DEFAULT NULL,
  `CREATE_TIME_` timestamp NULL DEFAULT NULL,
  `DUE_DATE_` datetime DEFAULT NULL,
  `CATEGORY_` varchar(255) COLLATE utf8_bin DEFAULT NULL,
  `SUSPENSION_STATE_` int(11) DEFAULT NULL,
  `TENANT_ID_` varchar(255) COLLATE utf8_bin DEFAULT '',
  `FORM_KEY_` varchar(255) COLLATE utf8_bin DEFAULT NULL,
  PRIMARY KEY (`ID_`),
  KEY `ACT_IDX_TASK_CREATE` (`CREATE_TIME_`),
  KEY `ACT_FK_TASK_EXE` (`EXECUTION_ID_`),
  KEY `ACT_FK_TASK_PROCINST` (`PROC_INST_ID_`),
  KEY `ACT_FK_TASK_PROCDEF` (`PROC_DEF_ID_`),
  CONSTRAINT `ACT_FK_TASK_EXE` FOREIGN KEY (`EXECUTION_ID_`) REFERENCES `act_ru_execution` (`ID_`),
  CONSTRAINT `ACT_FK_TASK_PROCDEF` FOREIGN KEY (`PROC_DEF_ID_`) REFERENCES `act_re_procdef` (`ID_`),
  CONSTRAINT `ACT_FK_TASK_PROCINST` FOREIGN KEY (`PROC_INST_ID_`) REFERENCES `act_ru_execution` (`ID_`)
) ENGINE=InnoDB DEFAULT CHARSET=utf8 COLLATE=utf8_bin;

-- ----------------------------
-- Records of act_ru_task
-- ----------------------------
INSERT INTO `act_ru_task` VALUES ('15004', '1', '15001', '15001', 'LeaveBill:1:12504', '', null, null, 'sid-624E8F6A-9961-4C74-8636-4AEF91FBEB69', null, null, null, '50', '2019-05-23 16:35:43', null, null, '1', '', null);
INSERT INTO `act_ru_task` VALUES ('15010', '1', '15007', '15007', 'LeaveBill:1:12504', '', null, null, 'sid-624E8F6A-9961-4C74-8636-4AEF91FBEB69', null, null, null, '50', '2019-05-23 16:43:27', null, null, '1', '', null);
INSERT INTO `act_ru_task` VALUES ('15016', '1', '15013', '15013', 'LeaveBill:1:12504', '', null, null, 'sid-624E8F6A-9961-4C74-8636-4AEF91FBEB69', null, null, null, '50', '2019-05-23 16:46:29', null, null, '1', '', null);
INSERT INTO `act_ru_task` VALUES ('20004', '1', '20001', '20001', 'LeaveBill:1:12504', '', null, null, 'sid-624E8F6A-9961-4C74-8636-4AEF91FBEB69', null, null, null, '50', '2019-05-24 09:22:01', null, null, '1', '', null);
INSERT INTO `act_ru_task` VALUES ('22505', '1', '17501', '17501', 'LeaveBill:1:12504', '', null, null, 'sid-E9F94BCE-22AE-457F-9A82-79145B67AC64', null, null, null, '50', '2019-05-24 10:50:08', null, null, '1', '', null);
INSERT INTO `act_ru_task` VALUES ('27513', '1', '27503', '27503', 'LeaveBill:2:22509', '', null, null, 'sid-E9F94BCE-22AE-457F-9A82-79145B67AC64', null, null, null, '50', '2019-05-24 12:59:13', null, null, '1', '', null);
INSERT INTO `act_ru_task` VALUES ('30005', '1', '27515', '27515', 'LeaveBill:2:22509', '', null, null, 'sid-E9F94BCE-22AE-457F-9A82-79145B67AC64', null, null, null, '50', '2019-05-24 14:30:06', null, null, '1', '', null);
INSERT INTO `act_ru_task` VALUES ('30010', '1', '30007', '30007', 'LeaveBill:2:22509', '', null, null, 'sid-624E8F6A-9961-4C74-8636-4AEF91FBEB69', null, null, null, '50', '2019-05-24 14:44:07', null, null, '1', '', null);
INSERT INTO `act_ru_task` VALUES ('30027', '1', '30013', '30013', 'LeaveBill:2:22509', '', null, null, 'sid-675372E4-60F1-4C6D-9D66-324E7D8BFB42', null, null, null, '50', '2019-05-24 14:44:27', null, null, '1', '', null);
INSERT INTO `act_ru_task` VALUES ('32508', '1', '32505', '32505', 'LeaveBill:3:32504', '', null, null, 'sid-624E8F6A-9961-4C74-8636-4AEF91FBEB69', null, null, null, '50', '2019-05-24 15:52:38', null, null, '1', '', null);
INSERT INTO `act_ru_task` VALUES ('32529', '1', '32517', '32517', 'LeaveBill:4:32516', '', null, null, 'sid-E9F94BCE-22AE-457F-9A82-79145B67AC64', null, null, null, '50', '2019-05-24 15:54:19', null, null, '1', '', null);
INSERT INTO `act_ru_task` VALUES ('32544', '1', '32532', '32532', 'LeaveBill:4:32516', '', null, null, 'sid-E9F94BCE-22AE-457F-9A82-79145B67AC64', null, null, null, '50', '2019-05-24 17:13:00', null, null, '1', '', null);
INSERT INTO `act_ru_task` VALUES ('35008', '1', '32547', '32547', 'LeaveBill:4:32516', '', null, null, 'sid-8C4DD975-772D-479C-A003-5646D8B3D91C', null, null, null, '50', '2019-06-20 09:41:07', null, null, '1', '', null);

-- ----------------------------
-- Table structure for act_ru_variable
-- ----------------------------
DROP TABLE IF EXISTS `act_ru_variable`;
CREATE TABLE `act_ru_variable` (
  `ID_` varchar(64) COLLATE utf8_bin NOT NULL,
  `REV_` int(11) DEFAULT NULL,
  `TYPE_` varchar(255) COLLATE utf8_bin NOT NULL,
  `NAME_` varchar(255) COLLATE utf8_bin NOT NULL,
  `EXECUTION_ID_` varchar(64) COLLATE utf8_bin DEFAULT NULL,
  `PROC_INST_ID_` varchar(64) COLLATE utf8_bin DEFAULT NULL,
  `TASK_ID_` varchar(64) COLLATE utf8_bin DEFAULT NULL,
  `BYTEARRAY_ID_` varchar(64) COLLATE utf8_bin DEFAULT NULL,
  `DOUBLE_` double DEFAULT NULL,
  `LONG_` bigint(20) DEFAULT NULL,
  `TEXT_` varchar(4000) COLLATE utf8_bin DEFAULT NULL,
  `TEXT2_` varchar(4000) COLLATE utf8_bin DEFAULT NULL,
  PRIMARY KEY (`ID_`),
  KEY `ACT_IDX_VARIABLE_TASK_ID` (`TASK_ID_`),
  KEY `ACT_FK_VAR_EXE` (`EXECUTION_ID_`),
  KEY `ACT_FK_VAR_PROCINST` (`PROC_INST_ID_`),
  KEY `ACT_FK_VAR_BYTEARRAY` (`BYTEARRAY_ID_`),
  CONSTRAINT `ACT_FK_VAR_BYTEARRAY` FOREIGN KEY (`BYTEARRAY_ID_`) REFERENCES `act_ge_bytearray` (`ID_`),
  CONSTRAINT `ACT_FK_VAR_EXE` FOREIGN KEY (`EXECUTION_ID_`) REFERENCES `act_ru_execution` (`ID_`),
  CONSTRAINT `ACT_FK_VAR_PROCINST` FOREIGN KEY (`PROC_INST_ID_`) REFERENCES `act_ru_execution` (`ID_`)
) ENGINE=InnoDB DEFAULT CHARSET=utf8 COLLATE=utf8_bin;

-- ----------------------------
-- Records of act_ru_variable
-- ----------------------------
INSERT INTO `act_ru_variable` VALUES ('22502', '1', 'string', 'days', '17501', '17501', null, null, null, null, '3', null);
INSERT INTO `act_ru_variable` VALUES ('22503', '1', 'null', 'flag', '17501', '17501', null, null, null, null, null, null);
INSERT INTO `act_ru_variable` VALUES ('27510', '1', 'string', 'days', '27503', '27503', null, null, null, null, '3', null);
INSERT INTO `act_ru_variable` VALUES ('27511', '1', 'null', 'flag', '27503', '27503', null, null, null, null, null, null);
INSERT INTO `act_ru_variable` VALUES ('30002', '1', 'string', 'days', '27515', '27515', null, null, null, null, '5', null);
INSERT INTO `act_ru_variable` VALUES ('30003', '1', 'null', 'flag', '27515', '27515', null, null, null, null, null, null);
INSERT INTO `act_ru_variable` VALUES ('30020', '1', 'string', 'days', '30013', '30013', null, null, null, null, '5', null);
INSERT INTO `act_ru_variable` VALUES ('30021', '1', 'null', 'flag', '30013', '30013', null, null, null, null, null, null);
INSERT INTO `act_ru_variable` VALUES ('32526', '1', 'string', 'days', '32517', '32517', null, null, null, null, '5', null);
INSERT INTO `act_ru_variable` VALUES ('32527', '1', 'null', 'flag', '32517', '32517', null, null, null, null, null, null);
INSERT INTO `act_ru_variable` VALUES ('32541', '1', 'string', 'days', '32532', '32532', null, null, null, null, '3', null);
INSERT INTO `act_ru_variable` VALUES ('32542', '1', 'null', 'flag', '32532', '32532', null, null, null, null, null, null);
INSERT INTO `act_ru_variable` VALUES ('32556', '1', 'string', 'days', '32547', '32547', null, null, null, null, '3', null);
INSERT INTO `act_ru_variable` VALUES ('32557', '1', 'null', 'flag', '32547', '32547', null, null, null, null, null, null);

-- ----------------------------
-- Table structure for bs_chat
-- ----------------------------
DROP TABLE IF EXISTS `bs_chat`;
CREATE TABLE `bs_chat` (
  `int` int(11) NOT NULL AUTO_INCREMENT,
  `chatvalue` varchar(255) DEFAULT NULL,
  PRIMARY KEY (`int`)
) ENGINE=InnoDB AUTO_INCREMENT=27 DEFAULT CHARSET=utf8;

-- ----------------------------
-- Records of bs_chat
-- ----------------------------
INSERT INTO `bs_chat` VALUES ('1', 'A');
INSERT INTO `bs_chat` VALUES ('2', 'B');
INSERT INTO `bs_chat` VALUES ('3', 'C');
INSERT INTO `bs_chat` VALUES ('4', 'D');
INSERT INTO `bs_chat` VALUES ('5', 'E');
INSERT INTO `bs_chat` VALUES ('6', 'F');
INSERT INTO `bs_chat` VALUES ('7', 'G');
INSERT INTO `bs_chat` VALUES ('8', 'H');
INSERT INTO `bs_chat` VALUES ('9', 'I');
INSERT INTO `bs_chat` VALUES ('10', 'J');
INSERT INTO `bs_chat` VALUES ('11', 'K');
INSERT INTO `bs_chat` VALUES ('12', 'L');
INSERT INTO `bs_chat` VALUES ('13', 'M');
INSERT INTO `bs_chat` VALUES ('14', 'N');
INSERT INTO `bs_chat` VALUES ('15', 'O');
INSERT INTO `bs_chat` VALUES ('16', 'P');
INSERT INTO `bs_chat` VALUES ('17', 'Q');
INSERT INTO `bs_chat` VALUES ('18', 'R');
INSERT INTO `bs_chat` VALUES ('19', 'S');
INSERT INTO `bs_chat` VALUES ('20', 'T');
INSERT INTO `bs_chat` VALUES ('21', 'U');
INSERT INTO `bs_chat` VALUES ('22', 'V');
INSERT INTO `bs_chat` VALUES ('23', 'W');
INSERT INTO `bs_chat` VALUES ('24', 'X');
INSERT INTO `bs_chat` VALUES ('25', 'Y');
INSERT INTO `bs_chat` VALUES ('26', 'Z');

-- ----------------------------
-- Table structure for bs_city
-- ----------------------------
DROP TABLE IF EXISTS `bs_city`;
CREATE TABLE `bs_city` (
  `id` int(11) NOT NULL AUTO_INCREMENT,
  `name` varchar(50) DEFAULT NULL COMMENT '',
  `pinyin` varchar(50) DEFAULT NULL COMMENT '',
  `area_code` varchar(50) DEFAULT NULL COMMENT '',
  `abbr` varchar(20) DEFAULT NULL COMMENT '',
  `sort` int(11) DEFAULT NULL COMMENT '',
  `is_map` varchar(1) DEFAULT NULL COMMENT '',
  `delete_status` varchar(10) DEFAULT NULL,
  `longitude` varchar(20) DEFAULT NULL COMMENT '',
  `latitude` varchar(20) DEFAULT NULL COMMENT '',
  `hot` varchar(5) DEFAULT NULL COMMENT '',
  PRIMARY KEY (`id`)
) ENGINE=InnoDB AUTO_INCREMENT=4230 DEFAULT CHARSET=utf8;

-- ----------------------------
-- Records of bs_city
-- ----------------------------
INSERT INTO `bs_city` VALUES ('2444', '', 'anqing', '0556', 'AQ', '2000', null, '1', '117.063538', '30.54294', null);
INSERT INTO `bs_city` VALUES ('2445', '', 'anshan', '0412', 'AS', '2000', null, '1', '122.994598', '41.107769', null);
INSERT INTO `bs_city` VALUES ('2446', '', 'aomen', '00853', 'AM', '2000', null, '1', '113.54303', '22.186834', null);
INSERT INTO `bs_city` VALUES ('2447', '', 'anning', '4401003', 'AN', '2000', null, '1', '102.477997', '24.91954', null);
INSERT INTO `bs_city` VALUES ('2448', '', 'anyang', '0372', 'AY', '2000', null, '1', '114.393097', '36.09771', null);
INSERT INTO `bs_city` VALUES ('2449', '', 'ankang', '0915', 'AK', '2000', null, '1', '109.02932', '32.68486', null);
INSERT INTO `bs_city` VALUES ('2450', '', 'anshun', '085', 'AS', '2000', null, '1', '105.946198', '26.25367', null);
INSERT INTO `bs_city` VALUES ('2451', '', 'alaer', '0997', 'ALE', '2000', null, '1', '81.28067', '40.547981', null);
INSERT INTO `bs_city` VALUES ('2452', '', 'anxi', '200045', 'AX', '2000', null, '1', '118.186852', '25.055441', null);
INSERT INTO `bs_city` VALUES ('2453', '', 'anxin', '200154', 'AX', '2000', null, '1', '115.935638', '38.935349', null);
INSERT INTO `bs_city` VALUES ('2454', '', 'anlu', '200275', 'AL', '2000', null, '1', '113.689133', '31.255541', null);
INSERT INTO `bs_city` VALUES ('2455', '', 'anhua', '200316', 'AH', '2000', null, '1', '111.213028', '28.374281', null);
INSERT INTO `bs_city` VALUES ('2456', '', 'anxiang', '200342', 'AX', '2000', null, '1', '112.170959', '29.411421', null);
INSERT INTO `bs_city` VALUES ('2457', '', 'anren', '200347', 'AR', '2000', null, '1', '113.269478', '26.709419', null);
INSERT INTO `bs_city` VALUES ('2458', '', 'anqiu', '200509', 'AQ', '2000', null, '1', '119.217842', '36.47842', null);
INSERT INTO `bs_city` VALUES ('2459', '', 'anyue', '200578', 'AY', '2000', null, '1', '105.335373', '30.09733', null);
INSERT INTO `bs_city` VALUES ('2460', '', 'akesu', '200603', 'AKS', '2000', null, '1', '81.08432', '39.48328', null);
INSERT INTO `bs_city` VALUES ('2461', '', 'anji', '200651', 'AJ', '2000', null, '1', '119.68219', '30.638241', null);
INSERT INTO `bs_city` VALUES ('2462', '', 'arongqi', '150721', 'ARQ', '9999', null, '1', '123.459442', '48.12582', null);
INSERT INTO `bs_city` VALUES ('2463', '', 'anguo', '130683', 'AG', '9999', null, '1', '115.331413', '38.421368', null);
INSERT INTO `bs_city` VALUES ('2464', '', 'anping', '131125', 'AP', '9999', null, '1', '115.51963', '38.233513', null);
INSERT INTO `bs_city` VALUES ('2465', '', 'alukeerqinqi', '150421', 'ALKEQQ', '9999', null, '1', '120.094971', '43.878769', null);
INSERT INTO `bs_city` VALUES ('2466', '', 'aohanqi', '150430', 'AHQ', '9999', null, '1', '119.906487', '42.28701', null);
INSERT INTO `bs_city` VALUES ('2467', '', 'aershan', '152202', 'AES', '9999', null, '1', '119.943657', '47.176998', null);
INSERT INTO `bs_city` VALUES ('2468', '', 'abagaqi', '152522', 'ABGQ', '9999', null, '1', '114.970619', '44.022728', null);
INSERT INTO `bs_city` VALUES ('2469', '', 'alashanzuoqi', '152921', 'ALSZQ', '9999', null, '1', '105.705528', '38.844841', null);
INSERT INTO `bs_city` VALUES ('2470', '', 'alashanyouqi', '152922', 'ALSYQ', '9999', null, '1', '101.671982', '39.21159', null);
INSERT INTO `bs_city` VALUES ('2471', '', 'antu', '222426', 'AT', '9999', null, '1', '128.901871', '43.110992', null);
INSERT INTO `bs_city` VALUES ('2472', '', 'anda', '231281', 'AD', '9999', null, '1', '125.329926', '46.410614', null);
INSERT INTO `bs_city` VALUES ('2473', '', 'anyi', '360123', 'AY', '9999', null, '1', '115.553108', '28.841333', null);
INSERT INTO `bs_city` VALUES ('2474', '', 'anyuan', '360726', 'AY', '9999', null, '1', '115.392326', '25.13459', null);
INSERT INTO `bs_city` VALUES ('2475', '', 'anfu', '360829', 'AF', '9999', null, '1', '114.613838', '27.382746', null);
INSERT INTO `bs_city` VALUES ('2476', '', 'anyang', '410522', 'AY', '9999', null, '1', '114.130203', '36.130585', null);
INSERT INTO `bs_city` VALUES ('2477', '', 'abazangzuqiangzuzizhizhou', '513200', 'ABZZQZZZZ', '9999', null, '1', '102.221375', '31.899792', null);
INSERT INTO `bs_city` VALUES ('2478', '', 'anlong', '522328', 'AL', '9999', null, '1', '105.469063', '25.106426', null);
INSERT INTO `bs_city` VALUES ('2479', '', 'ansai', '610624', 'AS', '9999', null, '1', '109.32534', '36.86441', null);
INSERT INTO `bs_city` VALUES ('2480', '', 'beijing', '010', 'BJ', '2000', null, '1', '116.407173', '39.90469', null);
INSERT INTO `bs_city` VALUES ('2481', '', 'baotou', '0472', 'BT', '2000', null, '1', '109.84021', '40.65781', null);
INSERT INTO `bs_city` VALUES ('2482', '', 'bengbu', '0552', 'BB', '2000', null, '1', '117.38932', '32.915482', null);
INSERT INTO `bs_city` VALUES ('2483', '', 'baoding', '0312', 'BD', '2000', null, '1', '115.464592', '38.873959', null);
INSERT INTO `bs_city` VALUES ('2484', '', 'binzhou', '0543', 'BZ', '2000', null, '1', '117.972794', '37.382111', null);
INSERT INTO `bs_city` VALUES ('2485', '', 'bijie', '0857', 'BJ', '2000', null, '1', '105.305038', '27.29847', null);
INSERT INTO `bs_city` VALUES ('2486', '', 'baise', '0776', 'BS', '2000', null, '1', '106.618378', '23.902161', null);
INSERT INTO `bs_city` VALUES ('2487', '', 'baicheng', '0436', 'BC', '2000', null, '1', '122.838707', '45.619598', null);
INSERT INTO `bs_city` VALUES ('2488', '', 'baoji', '0917', 'BJ', '2000', null, '1', '107.23732', '34.361938', null);
INSERT INTO `bs_city` VALUES ('2489', '', 'baoshan', '0875', 'BS', '2000', null, '1', '99.161812', '25.112049', null);
INSERT INTO `bs_city` VALUES ('2490', '', 'beihai', '0779', 'BH', '2000', null, '1', '109.120079', '21.481119', null);
INSERT INTO `bs_city` VALUES ('2491', '', 'bozhou', '05581', 'BZ', '2000', null, '1', '115.779312', '33.844608', null);
INSERT INTO `bs_city` VALUES ('2492', '', 'bazhong', '0827', 'BZ', '2000', null, '1', '106.74733', '31.867149', null);
INSERT INTO `bs_city` VALUES ('2493', '', 'benxi', '0414', 'BX', '2000', null, '1', '123.766861', '41.294128', null);
INSERT INTO `bs_city` VALUES ('2494', '', 'baishan', '0439', 'BS', '2000', null, '1', '126.424431', '41.9408', null);
INSERT INTO `bs_city` VALUES ('2495', '', 'banan', '10000', 'BN', '2000', null, '1', '106.540413', '29.402679', null);
INSERT INTO `bs_city` VALUES ('2496', '', 'beibei', '10001', 'BB', '2000', null, '1', '106.396278', '29.80583', null);
INSERT INTO `bs_city` VALUES ('2497', '', 'bishan', '10003', 'BS', '2000', null, '1', '106.227417', '29.59202', null);
INSERT INTO `bs_city` VALUES ('2498', '', 'baiyin', '200068', 'BY', '2000', null, '1', '104.137733', '36.544701', null);
INSERT INTO `bs_city` VALUES ('2499', '', 'boluo', '200080', 'BL', '2000', null, '1', '114.289726', '23.173149', null);
INSERT INTO `bs_city` VALUES ('2500', '', 'beiliu', '200112', 'BL', '2000', null, '1', '110.354263', '22.70837', null);
INSERT INTO `bs_city` VALUES ('2501', '', 'bazhou', '200142', 'BZ', '2000', null, '1', '116.391342', '39.12709', null);
INSERT INTO `bs_city` VALUES ('2502', '', 'biyang', '200198', 'BY', '2000', null, '1', '113.327087', '32.724098', null);
INSERT INTO `bs_city` VALUES ('2503', '', 'boai', '200230', 'BA', '2000', null, '1', '113.064529', '35.17123', null);
INSERT INTO `bs_city` VALUES ('2504', '', 'baofeng', '200236', 'BF', '2000', null, '1', '113.054787', '33.868401', null);
INSERT INTO `bs_city` VALUES ('2505', '', 'beian', '200251', 'BA', '2000', null, '1', '126.491081', '48.241459', null);
INSERT INTO `bs_city` VALUES ('2506', '', 'binhai', '200385', 'BH', '2000', null, '1', '119.820641', '33.98975', null);
INSERT INTO `bs_city` VALUES ('2507', '', 'baoying', '200402', 'BY', '2000', null, '1', '119.358414', '33.241421', null);
INSERT INTO `bs_city` VALUES ('2508', '', 'bayannaoer', '200460', 'BYNE', '2000', null, '1', '107.387733', '40.743172', null);
INSERT INTO `bs_city` VALUES ('2509', '', 'boxing', '200516', 'BX', '2000', null, '1', '118.110962', '37.152988', null);
INSERT INTO `bs_city` VALUES ('2510', '', 'botou', '03174', 'BT', '9999', null, '1', '116.578278', '38.083641', null);
INSERT INTO `bs_city` VALUES ('2511', '', 'binxian', '230125', 'BX', '9999', null, '1', '127.485863', '45.75864', null);
INSERT INTO `bs_city` VALUES ('2512', '', 'baixiang', '130524', 'BX', '9999', null, '1', '114.693382', '37.483597', null);
INSERT INTO `bs_city` VALUES ('2513', '', 'boye', '130637', 'BY', '9999', null, '1', '115.4618', '38.458271', null);
INSERT INTO `bs_city` VALUES ('2514', '', 'balinzuoqi', '150422', 'BLZQ', '9999', null, '1', '119.391739', '43.980717', null);
INSERT INTO `bs_city` VALUES ('2515', '', 'balinyouqi', '150423', 'BLYQ', '9999', null, '1', '118.678345', '43.528961', null);
INSERT INTO `bs_city` VALUES ('2516', '', 'benximanzuzizhixian', '210521', 'BXMZZZX', '9999', null, '1', '124.12616', '41.300343', null);
INSERT INTO `bs_city` VALUES ('2517', '', 'beizhen', '210782', 'BZ', '9999', null, '1', '121.795959', '41.598763', null);
INSERT INTO `bs_city` VALUES ('2518', '', 'beipiao', '211381', 'BP', '9999', null, '1', '120.766953', '41.803288', null);
INSERT INTO `bs_city` VALUES ('2519', '', 'bayan', '230126', 'BY', '9999', null, '1', '127.403603', '46.08189', null);
INSERT INTO `bs_city` VALUES ('2520', '', 'baiquan', '230231', 'BQ', '9999', null, '1', '126.091911', '47.607365', null);
INSERT INTO `bs_city` VALUES ('2521', '', 'baoqing', '230522', 'BQ', '9999', null, '1', '132.206421', '46.328781', null);
INSERT INTO `bs_city` VALUES ('2522', '', 'boli', '230921', 'BL', '9999', null, '1', '130.575027', '45.751572', null);
INSERT INTO `bs_city` VALUES ('2523', '', 'binyang', '450126', 'BY', '9999', null, '1', '108.816734', '23.216885', null);
INSERT INTO `bs_city` VALUES ('2524', '', 'bobai', '450923', 'BB', '9999', null, '1', '109.980003', '22.271284', null);
INSERT INTO `bs_city` VALUES ('2525', '', 'bamayaozuzizhixian', '451227', 'BMYZZZX', '9999', null, '1', '107.253128', '24.139538', null);
INSERT INTO `bs_city` VALUES ('2526', '', 'baishalizuzizhixian', '469025', 'BSLZZZX', '9999', null, '1', '109.122688', '19.360565', null);
INSERT INTO `bs_city` VALUES ('2527', '', 'baotinglizumiaozuzizhixian', '469029', 'BTLZMZZZX', '9999', null, '1', '109.702454', '18.636372', null);
INSERT INTO `bs_city` VALUES ('2528', '', 'binchuan', '532924', 'BC', '9999', null, '1', '100.584801', '25.829161', null);
INSERT INTO `bs_city` VALUES ('2529', '', 'baishui', '610527', 'BS', '9999', null, '1', '109.594307', '35.177292', null);
INSERT INTO `bs_city` VALUES ('2530', '', 'banma', '632622', 'BMX', '9999', null, '1', '100.737953', '32.931587', null);
INSERT INTO `bs_city` VALUES ('2531', '', 'baochiqu', '120115', 'BCQ', '9999', null, '1', '117.30809', '39.716965', null);
INSERT INTO `bs_city` VALUES ('2532', '', 'bayuquanqu', '210804', 'BYQQ', '9999', null, '1', '122.127243', '40.263645', null);
INSERT INTO `bs_city` VALUES ('2533', '', 'chengdu', '028', 'CD', '21', null, '1', '104.064758', '30.5702', null);
INSERT INTO `bs_city` VALUES ('2534', '', 'chifeng', '476', 'CF', '1500', null, '1', '118.888939', '42.258598', null);
INSERT INTO `bs_city` VALUES ('2535', '', 'chaoyang', '04211', 'CY', '1900', null, '1', '120.450798', '41.573471', null);
INSERT INTO `bs_city` VALUES ('2536', '', 'changchun', '0431', 'CC', '2000', null, '1', '125.32357', '43.816021', null);
INSERT INTO `bs_city` VALUES ('2537', '', 'changsha', '0731', 'CS', '2000', null, '1', '112.938858', '28.227779', null);
INSERT INTO `bs_city` VALUES ('2538', '', 'chongqing', '023', 'CQ', '2000', null, '1', '106.550728', '29.564711', null);
INSERT INTO `bs_city` VALUES ('2539', '', 'changzhou', '0519', 'CZ', '2000', null, '1', '119.973648', '31.81072', null);
INSERT INTO `bs_city` VALUES ('2540', '', 'chuzhou', '0550', 'CZ', '2000', null, '1', '118.316833', '32.301811', null);
INSERT INTO `bs_city` VALUES ('2541', '', 'changde', '0736', 'CD', '2000', null, '1', '111.69854', '29.03158', null);
INSERT INTO `bs_city` VALUES ('2542', '', 'chengde', '0314', 'CD', '2000', null, '1', '117.963402', '40.9515', null);
INSERT INTO `bs_city` VALUES ('2543', '', 'cangzhou', '0317', 'CZ', '2000', null, '1', '116.838692', '38.304409', null);
INSERT INTO `bs_city` VALUES ('2544', '', 'chenzhou', '0735', 'CZ', '2000', null, '1', '113.014847', '25.77063', null);
INSERT INTO `bs_city` VALUES ('2545', '', 'chaozhou', '0768', 'CZ', '2000', null, '1', '116.622963', '23.6567', null);
INSERT INTO `bs_city` VALUES ('2546', '', 'changzhi', '0355', 'CZ', '2000', null, '1', '113.116493', '36.195808', null);
INSERT INTO `bs_city` VALUES ('2547', '', 'chaohu', '0565', 'CH', '2000', null, '1', '117.889374', '31.623289', null);
INSERT INTO `bs_city` VALUES ('2548', '', 'chizhou', '0566', 'CZ', '2000', null, '1', '117.491417', '30.66469', null);
INSERT INTO `bs_city` VALUES ('2549', '', 'changji', '0994', 'CJ', '2000', null, '1', '87.267487', '44.01437', null);
INSERT INTO `bs_city` VALUES ('2550', '', 'chuxiong', '0878', 'CX', '2000', null, '1', '101.545822', '25.032881', null);
INSERT INTO `bs_city` VALUES ('2551', '', 'chongzuo', '4401004', 'CZ', '2000', null, '1', '107.364853', '22.37895', null);
INSERT INTO `bs_city` VALUES ('2552', '', 'changfeng', '200028', 'CF', '2000', null, '1', '117.167664', '32.477959', null);
INSERT INTO `bs_city` VALUES ('2553', '', 'changle', '200051', 'CL', '2000', null, '1', '119.523239', '25.96283', null);
INSERT INTO `bs_city` VALUES ('2554', '', 'changting', '200060', 'CT', '2000', null, '1', '116.357651', '25.833481', null);
INSERT INTO `bs_city` VALUES ('2555', '', 'chaoan', '200076', 'CA', '2000', null, '1', '116.678093', '23.46244', null);
INSERT INTO `bs_city` VALUES ('2556', '', 'conghua', '200109', 'CH', '2000', null, '1', '113.586456', '23.548349', null);
INSERT INTO `bs_city` VALUES ('2557', '', 'chengmai', '200128', 'CM', '2000', null, '1', '110.004868', '19.738489', null);
INSERT INTO `bs_city` VALUES ('2558', '', 'cixian', '200138', 'CX', '2000', null, '1', '114.373917', '36.373959', null);
INSERT INTO `bs_city` VALUES ('2559', '', 'changyuan', '200182', 'CY', '2000', null, '1', '114.668861', '35.200489', null);
INSERT INTO `bs_city` VALUES ('2560', '', 'changge', '200187', 'CG', '2000', null, '1', '113.768272', '34.216721', null);
INSERT INTO `bs_city` VALUES ('2561', '', 'chibi', '200286', 'CB', '2000', null, '1', '113.900543', '29.72476', null);
INSERT INTO `bs_city` VALUES ('2562', '', 'chongyang', '200295', 'CY', '2000', null, '1', '114.038918', '29.55537', null);
INSERT INTO `bs_city` VALUES ('2563', '', 'changning', '200304', 'CN', '2000', null, '1', '112.399918', '26.420931', null);
INSERT INTO `bs_city` VALUES ('2564', '', 'chaling', '200306', 'CL', '2000', null, '1', '113.539268', '26.777451', null);
INSERT INTO `bs_city` VALUES ('2565', '', 'cili', '200343', 'CL', '2000', null, '1', '111.139214', '29.429701', null);
INSERT INTO `bs_city` VALUES ('2566', '', 'changling', '200358', 'CL', '2000', null, '1', '123.9673', '44.275909', null);
INSERT INTO `bs_city` VALUES ('2567', '', 'changtu', '200457', 'CT', '2000', null, '1', '124.110924', '42.786129', null);
INSERT INTO `bs_city` VALUES ('2568', '', 'caoxian', '200477', 'CX', '2000', null, '1', '115.542137', '34.825531', null);
INSERT INTO `bs_city` VALUES ('2569', '', 'changyi', '200505', 'CY', '2000', null, '1', '119.398621', '36.858841', null);
INSERT INTO `bs_city` VALUES ('2570', '', 'changle', '200508', 'CL', '2000', null, '1', '118.829842', '36.70702', null);
INSERT INTO `bs_city` VALUES ('2571', '', 'chiping', '200525', 'CP', '2000', null, '1', '116.255219', '36.580681', null);
INSERT INTO `bs_city` VALUES ('2572', '', 'chengwu', '200528', 'CW', '2000', null, '1', '115.889641', '34.95245', null);
INSERT INTO `bs_city` VALUES ('2573', '', 'chongming', '200556', 'CM', '2000', null, '1', '121.397301', '31.6229', null);
INSERT INTO `bs_city` VALUES ('2574', '', 'chongzhou', '200583', 'CZ', '2000', null, '1', '103.67289', '30.630211', null);
INSERT INTO `bs_city` VALUES ('2575', '', 'cixi', '200621', 'CX', '2000', null, '1', '121.266472', '30.16964', null);
INSERT INTO `bs_city` VALUES ('2576', '', 'cangnan', '200626', 'CN', '2000', null, '1', '120.426308', '27.517429', null);
INSERT INTO `bs_city` VALUES ('2577', '', 'changxing', '200642', 'CX', '2000', null, '1', '119.91011', '31.02663', null);
INSERT INTO `bs_city` VALUES ('2578', '', 'chunan', '200664', 'CA', '2000', null, '1', '119.041878', '29.608521', null);
INSERT INTO `bs_city` VALUES ('2579', '', 'changshu', '05121', 'CS', '9999', null, '1', '120.752373', '31.65382', null);
INSERT INTO `bs_city` VALUES ('2580', '', 'chenghai', '07541', 'CH', '9999', null, '1', '116.756081', '23.466129', null);
INSERT INTO `bs_city` VALUES ('2581', '', 'changtai', '350625', 'CT', '9999', null, '1', '117.759483', '24.625799', null);
INSERT INTO `bs_city` VALUES ('2582', '', 'changshan', '330822', 'CS', '9999', null, '1', '118.511162', '28.901409', null);
INSERT INTO `bs_city` VALUES ('2583', '', 'chaonan', '440514', 'CN', '9999', null, '1', '116.433098', '23.25029', null);
INSERT INTO `bs_city` VALUES ('2584', '', 'changli', '130321', 'CL', '9999', null, '1', '119.164543', '39.709728', null);
INSERT INTO `bs_city` VALUES ('2585', '', 'chengan', '130424', 'CA', '9999', null, '1', '114.691841', '36.442997', null);
INSERT INTO `bs_city` VALUES ('2586', '', 'chicheng', '130732', 'CC', '9999', null, '1', '115.83271', '40.912083', null);
INSERT INTO `bs_city` VALUES ('2587', '', 'chenbaerhuqi', '150725', 'CBEHQ', '9999', null, '1', '119.437607', '49.328423', null);
INSERT INTO `bs_city` VALUES ('2588', '', 'chahaeryouyiqianqi', '150926', 'CHEYYQQ', '9999', null, '1', '113.21196', '40.786858', null);
INSERT INTO `bs_city` VALUES ('2589', '', 'chahaeryouyizhongqi', '150927', 'CHEYYZQ', '9999', null, '1', '112.63356', '41.274212', null);
INSERT INTO `bs_city` VALUES ('2590', '', 'chahaeryouyihouqi', '150928', 'CHEYYHQ', '9999', null, '1', '113.190598', '41.447212', null);
INSERT INTO `bs_city` VALUES ('2591', '', 'changhai', '210224', 'CHX', '9999', null, '1', '122.587822', '39.2724', null);
INSERT INTO `bs_city` VALUES ('2592', '', 'changbaichaoxianzuzizhixian', '220623', 'CZBCXZZZX', '9999', null, '1', '128.203384', '41.419361', null);
INSERT INTO `bs_city` VALUES ('2593', '', 'chongyi', '360725', 'CY', '9999', null, '1', '114.30735', '25.68791', null);
INSERT INTO `bs_city` VALUES ('2594', '', 'chongren', '361024', 'CRX', '9999', null, '1', '116.059113', '27.760906', null);
INSERT INTO `bs_city` VALUES ('2595', '', 'chenxi', '431223', 'CXX', '9999', null, '1', '110.196953', '28.005474', null);
INSERT INTO `bs_city` VALUES ('2596', '', 'cangwu', '450421', 'CW', '9999', null, '1', '111.246033', '23.40996', null);
INSERT INTO `bs_city` VALUES ('2597', '', 'cenxi', '450481', 'CX', '9999', null, '1', '110.998116', '22.918406', null);
INSERT INTO `bs_city` VALUES ('2598', '', 'chishui', '520381', 'CS', '9999', null, '1', '105.698112', '28.587057', null);
INSERT INTO `bs_city` VALUES ('2599', '', 'ceheng', '522327', 'CH', '9999', null, '1', '105.812408', '24.983337', null);
INSERT INTO `bs_city` VALUES ('2600', '', 'cengong', '522626', 'CG', '9999', null, '1', '108.81646', '27.173244', null);
INSERT INTO `bs_city` VALUES ('2601', '', 'congjiang', '522633', 'CJ', '9999', null, '1', '108.912651', '25.747059', null);
INSERT INTO `bs_city` VALUES ('2602', '', 'changshun', '522729', 'CS', '9999', null, '1', '106.447372', '26.022116', null);
INSERT INTO `bs_city` VALUES ('2603', '', 'chengjiang', '530422', 'CJ', '9999', null, '1', '102.916649', '24.66968', null);
INSERT INTO `bs_city` VALUES ('2604', '', 'changning', '530524', 'CN', '9999', null, '1', '99.612343', '24.823662', null);
INSERT INTO `bs_city` VALUES ('2605', '', 'cangyuanwazuzizhixian', '530927', 'CYWZZZX', '9999', null, '1', '99.247398', '23.146887', null);
INSERT INTO `bs_city` VALUES ('2606', '', 'changdudiqu', '542100', 'CDDQ', '9999', null, '1', '97.178452', '31.136875', null);
INSERT INTO `bs_city` VALUES ('2607', '', 'chengcheng', '610525', 'CC', '9999', null, '1', '109.937607', '35.183998', null);
INSERT INTO `bs_city` VALUES ('2608', '', 'changjihuizuzizhizhou', '652300', 'CJHZZZZ', '9999', null, '1', '87.304008', '44.014576', null);
INSERT INTO `bs_city` VALUES ('2609', '', 'caofeidianqu', '130209', 'CFD', '9999', null, '1', '118.460228', '39.273129', null);
INSERT INTO `bs_city` VALUES ('2610', '', 'chaoyangqu', '440513', 'CYQ', '9999', null, '1', '116.6026', '23.262337', null);
INSERT INTO `bs_city` VALUES ('2611', '', 'chengzhongqu', '450202', 'CZQ', '9999', null, '1', '0', '0', null);
INSERT INTO `bs_city` VALUES ('2612', '', 'chenggongqu', '530114', 'CGQ', '9999', null, '1', '102.801384', '24.889275', null);
INSERT INTO `bs_city` VALUES ('2613', '', 'dalian', '0411', 'DL', '2000', null, '1', '121.614761', '38.913689', null);
INSERT INTO `bs_city` VALUES ('2614', '', 'dongguan', '0769', 'DG', '2000', null, '1', '113.751808', '23.020691', null);
INSERT INTO `bs_city` VALUES ('2615', '', 'daqing', '0459', 'DQ', '2000', null, '1', '125.103073', '46.587582', null);
INSERT INTO `bs_city` VALUES ('2616', '', 'deyang', '0838', 'DY', '2000', null, '1', '104.397903', '31.126789', null);
INSERT INTO `bs_city` VALUES ('2617', '', 'dongying', '0546', 'DY', '2000', null, '1', '118.67466', '37.433651', null);
INSERT INTO `bs_city` VALUES ('2618', '', 'dandong', '0415', 'DD', '2000', null, '1', '124.35601', '39.999802', null);
INSERT INTO `bs_city` VALUES ('2619', '', 'datong', '0352', 'DT', '2000', null, '1', '113.300011', '40.07637', null);
INSERT INTO `bs_city` VALUES ('2620', '', 'dali', '0872', 'DL', '2000', null, '1', '100.229759', '25.591579', null);
INSERT INTO `bs_city` VALUES ('2621', '', 'dezhou', '0534', 'DZ', '2000', null, '1', '116.359268', '37.435501', null);
INSERT INTO `bs_city` VALUES ('2622', '', 'dazhou', '0818', 'DZ', '2000', null, '1', '107.467911', '31.208639', null);
INSERT INTO `bs_city` VALUES ('2623', '', 'danzhou', '4600003', 'DZ', '2000', null, '1', '109.580688', '19.520929', null);
INSERT INTO `bs_city` VALUES ('2624', '', 'dadukou', '10004', 'DDK', '2000', null, '1', '106.482246', '29.484079', null);
INSERT INTO `bs_city` VALUES ('2625', '', 'dazu', '10005', 'DZ', '2000', null, '1', '105.780167', '29.48604', null);
INSERT INTO `bs_city` VALUES ('2626', '', 'doujiangyan', '10006', 'DJY', '2000', null, '1', '103.646622', '30.988371', null);
INSERT INTO `bs_city` VALUES ('2627', '', 'dangtu', '200010', 'DT', '2000', null, '1', '118.497803', '31.569901', null);
INSERT INTO `bs_city` VALUES ('2628', '', 'dangshan', '200011', 'DS', '2000', null, '1', '116.366058', '34.440971', null);
INSERT INTO `bs_city` VALUES ('2629', '', 'dingyuan', '200025', 'DY', '2000', null, '1', '117.698563', '32.52998', null);
INSERT INTO `bs_city` VALUES ('2630', '', 'dongzhi', '200030', 'DZ', '2000', null, '1', '117.027657', '30.09663', null);
INSERT INTO `bs_city` VALUES ('2631', '', 'dehua', '200057', 'DH', '2000', null, '1', '118.240982', '25.4916', null);
INSERT INTO `bs_city` VALUES ('2632', '', 'datian', '200064', 'DT', '2000', null, '1', '117.84713', '25.69261', null);
INSERT INTO `bs_city` VALUES ('2633', '', 'dianbai', '200091', 'DB', '2000', null, '1', '111.013557', '21.514139', null);
INSERT INTO `bs_city` VALUES ('2634', '', 'dafang', '200121', 'DF', '2000', null, '1', '105.612999', '27.141609', null);
INSERT INTO `bs_city` VALUES ('2635', '', 'duyun', '200122', 'DY', '2000', null, '1', '107.518669', '26.25979', null);
INSERT INTO `bs_city` VALUES ('2636', '', 'dongfang', '200129', 'DF', '2000', null, '1', '108.653671', '19.09614', null);
INSERT INTO `bs_city` VALUES ('2637', '', 'dingan', '200132', 'DA', '2000', null, '1', '110.359299', '19.68121', null);
INSERT INTO `bs_city` VALUES ('2638', '', 'dingzhou', '200133', 'DZ', '2000', null, '1', '114.99025', '38.516258', null);
INSERT INTO `bs_city` VALUES ('2639', '', 'daming', '200141', 'DM', '2000', null, '1', '115.147881', '36.28558', null);
INSERT INTO `bs_city` VALUES ('2640', '', 'daicheng', '200164', 'DC', '2000', null, '1', '116.654228', '38.704689', null);
INSERT INTO `bs_city` VALUES ('2641', '', 'dengzhou', '200167', 'DZ', '2000', null, '1', '112.087357', '32.687771', null);
INSERT INTO `bs_city` VALUES ('2642', '', 'dengfeng', '200176', 'DF', '2000', null, '1', '113.050278', '34.45348', null);
INSERT INTO `bs_city` VALUES ('2643', '', 'dancheng', '200188', 'DC', '2000', null, '1', '115.17704', '33.644749', null);
INSERT INTO `bs_city` VALUES ('2644', '', 'daye', '200258', 'DY', '2000', null, '1', '114.979767', '30.09551', null);
INSERT INTO `bs_city` VALUES ('2645', '', 'dawu', '200274', 'DW', '2000', null, '1', '114.126938', '31.560961', null);
INSERT INTO `bs_city` VALUES ('2646', '', 'danjiangkou', '200290', 'DJK', '2000', null, '1', '111.513222', '32.540401', null);
INSERT INTO `bs_city` VALUES ('2647', '', 'dangyang', '200292', 'DY', '2000', null, '1', '111.78833', '30.82118', null);
INSERT INTO `bs_city` VALUES ('2648', '', 'dongkou', '200330', 'DK', '2000', null, '1', '110.575829', '27.060381', null);
INSERT INTO `bs_city` VALUES ('2649', '', 'dongan', '200335', 'DA', '2000', null, '1', '111.316437', '26.392059', null);
INSERT INTO `bs_city` VALUES ('2650', '', 'daoxian', '200338', 'DX', '2000', null, '1', '111.600067', '25.527531', null);
INSERT INTO `bs_city` VALUES ('2651', '', 'dunhua', '200352', 'DH', '2000', null, '1', '128.232056', '43.372711', null);
INSERT INTO `bs_city` VALUES ('2652', '', 'daan', '200359', 'DA', '2000', null, '1', '124.292519', '45.507111', null);
INSERT INTO `bs_city` VALUES ('2653', '', 'dehui', '200364', 'DH', '2000', null, '1', '125.705582', '44.53709', null);
INSERT INTO `bs_city` VALUES ('2654', '', 'dongtai', '200380', 'DT', '2000', null, '1', '120.320503', '32.866951', null);
INSERT INTO `bs_city` VALUES ('2655', '', 'donghai', '200390', 'DH', '2000', null, '1', '118.771469', '34.54216', null);
INSERT INTO `bs_city` VALUES ('2656', '', 'dafeng', '200401', 'DF', '2000', null, '1', '120.501022', '33.201069', null);
INSERT INTO `bs_city` VALUES ('2657', '', 'dongxiang', '200441', 'DX', '2000', null, '1', '116.60334', '28.247709', null);
INSERT INTO `bs_city` VALUES ('2658', '', 'duchang', '200442', 'DC', '2000', null, '1', '116.204086', '29.273069', null);
INSERT INTO `bs_city` VALUES ('2659', '', 'dashiqiao', '200447', 'DSQ', '2000', null, '1', '122.509171', '40.644482', null);
INSERT INTO `bs_city` VALUES ('2660', '', 'donggang', '200448', 'DG', '2000', null, '1', '124.152092', '39.861721', null);
INSERT INTO `bs_city` VALUES ('2661', '', 'dawa', '200451', 'DW', '2000', null, '1', '122.082451', '41.002468', null);
INSERT INTO `bs_city` VALUES ('2662', '', 'dalate', '200465', 'DLT', '2000', null, '1', '110.032928', '40.400162', null);
INSERT INTO `bs_city` VALUES ('2663', '', 'danxian', '200483', 'DX', '2000', null, '1', '116.087242', '34.79438', null);
INSERT INTO `bs_city` VALUES ('2664', '', 'dongping', '200512', 'DP', '2000', null, '1', '116.470238', '35.93708', null);
INSERT INTO `bs_city` VALUES ('2665', '', 'dongming', '200517', 'DM', '2000', null, '1', '115.090157', '35.289532', null);
INSERT INTO `bs_city` VALUES ('2666', '', 'daxian', '200564', 'DX', '2000', null, '1', '107.511772', '31.19603', null);
INSERT INTO `bs_city` VALUES ('2667', '', 'dazhu', '200570', 'DZ', '2000', null, '1', '107.204407', '30.736071', null);
INSERT INTO `bs_city` VALUES ('2668', '', 'dayi', '200591', 'DY', '2000', null, '1', '103.520851', '30.58757', null);
INSERT INTO `bs_city` VALUES ('2669', '', 'dongyang', '200629', 'DY', '2000', null, '1', '120.241913', '29.289459', null);
INSERT INTO `bs_city` VALUES ('2670', '', 'deqing', '200646', 'DQ', '2000', null, '1', '119.977539', '30.54269', null);
INSERT INTO `bs_city` VALUES ('2671', '', 'daishan', '200662', 'DS', '2000', null, '1', '122.204979', '30.24369', null);
INSERT INTO `bs_city` VALUES ('2672', '', 'dianjiang', '200675', 'DJ', '2000', null, '1', '107.335152', '30.326799', null);
INSERT INTO `bs_city` VALUES ('2673', '', 'danyang', '05111', 'DY', '9999', null, '1', '119.606941', '32.009449', null);
INSERT INTO `bs_city` VALUES ('2674', '', 'dingbian', '610825', 'DB', '9999', null, '1', '107.60128', '37.59454', null);
INSERT INTO `bs_city` VALUES ('2675', '', 'daixian', '140923', 'DX', '9999', null, '1', '112.959961', '39.066891', null);
INSERT INTO `bs_city` VALUES ('2676', '', 'dingxing', '130626', 'DXX', '9999', null, '1', '115.796898', '39.266193', null);
INSERT INTO `bs_city` VALUES ('2677', '', 'dongguang', '130923', 'DG', '9999', null, '1', '116.542061', '37.886551', null);
INSERT INTO `bs_city` VALUES ('2678', '', 'dachanghuizuzizhixian', '131028', 'DCHZZZX', '9999', null, '1', '116.986504', '39.889267', null);
INSERT INTO `bs_city` VALUES ('2679', '', 'dengkou', '150822', 'DK', '9999', null, '1', '107.006058', '40.330479', null);
INSERT INTO `bs_city` VALUES ('2680', '', 'dongwuzhumuqinqi', '152525', 'DWZMQQ', '9999', null, '1', '116.980019', '45.510307', null);
INSERT INTO `bs_city` VALUES ('2681', '', 'dengta', '211081', 'DT', '9999', null, '1', '123.325867', '41.427837', null);
INSERT INTO `bs_city` VALUES ('2682', '', 'dongfeng', '220421', 'DF', '9999', null, '1', '125.529625', '42.675228', null);
INSERT INTO `bs_city` VALUES ('2683', '', 'dongliao', '220422', 'DL', '9999', null, '1', '124.991997', '42.927723', null);
INSERT INTO `bs_city` VALUES ('2684', '', 'duerbotemengguzuzizhixian', '230624', 'DEBTMGZZZX', '9999', null, '1', '124.446259', '46.865974', null);
INSERT INTO `bs_city` VALUES ('2685', '', 'dongning', '231024', 'DN', '9999', null, '1', '131.12529', '44.06358', null);
INSERT INTO `bs_city` VALUES ('2686', '', 'dongtou', '330322', 'DT', '9999', null, '1', '121.156181', '27.836058', null);
INSERT INTO `bs_city` VALUES ('2687', '', 'dongshan', '350626', 'DS', '9999', null, '1', '117.427681', '23.702845', null);
INSERT INTO `bs_city` VALUES ('2688', '', 'dean', '360426', 'DA', '9999', null, '1', '115.762611', '29.327475', null);
INSERT INTO `bs_city` VALUES ('2689', '', 'dayu', '360723', 'DY', '9999', null, '1', '114.362244', '25.395937', null);
INSERT INTO `bs_city` VALUES ('2690', '', 'dingnan', '360728', 'DN', '9999', null, '1', '115.032669', '24.774277', null);
INSERT INTO `bs_city` VALUES ('2691', '', 'dexing', '361181', 'DX', '9999', null, '1', '117.578735', '28.945034', null);
INSERT INTO `bs_city` VALUES ('2692', '', 'donge', '371524', 'DE', '9999', null, '1', '116.248856', '36.336002', null);
INSERT INTO `bs_city` VALUES ('2693', '', 'dingtao', '371727', 'DT', '9999', null, '1', '115.569603', '35.072701', null);
INSERT INTO `bs_city` VALUES ('2694', '', 'dapu', '441422', 'DP', '9999', null, '1', '116.695518', '24.351587', null);
INSERT INTO `bs_city` VALUES ('2695', '', 'dongyuan', '441625', 'DY', '9999', null, '1', '114.742714', '23.789093', null);
INSERT INTO `bs_city` VALUES ('2696', '', 'dongxing', '450681', 'DX', '9999', null, '1', '107.970169', '21.541172', null);
INSERT INTO `bs_city` VALUES ('2697', '', 'debao', '451024', 'DB', '9999', null, '1', '106.618164', '23.321465', null);
INSERT INTO `bs_city` VALUES ('2698', '', 'donglan', '451224', 'DL', '9999', null, '1', '107.373695', '24.509367', null);
INSERT INTO `bs_city` VALUES ('2699', '', 'duanyaozuzizhixian', '451228', 'DAYZZZX', '9999', null, '1', '108.10276', '23.934963', null);
INSERT INTO `bs_city` VALUES ('2700', '', 'dahuayaozuzizhixian', '451229', 'DHYZZZX', '9999', null, '1', '107.994499', '23.739595', null);
INSERT INTO `bs_city` VALUES ('2701', '', 'daxin', '451424', 'DX', '9999', null, '1', '107.200806', '22.833368', null);
INSERT INTO `bs_city` VALUES ('2702', '', 'daozhengelaozumiaozuzizhixian', '520325', 'DZGLZMZZZX', '9999', null, '1', '107.605339', '28.880089', null);
INSERT INTO `bs_city` VALUES ('2703', '', 'dejiang', '520626', 'DJ', '9999', null, '1', '108.117317', '28.260941', null);
INSERT INTO `bs_city` VALUES ('2704', '', 'danzhai', '522636', 'DZ', '9999', null, '1', '107.792107', '26.19875', null);
INSERT INTO `bs_city` VALUES ('2705', '', 'dushan', '522726', 'DS', '9999', null, '1', '107.542755', '25.826283', null);
INSERT INTO `bs_city` VALUES ('2706', '', 'daguan', '530624', 'DG', '9999', null, '1', '103.891609', '27.747114', null);
INSERT INTO `bs_city` VALUES ('2707', '', 'dayao', '532326', 'DY', '9999', null, '1', '101.323601', '25.722347', null);
INSERT INTO `bs_city` VALUES ('2708', '', 'dehongdaizujingpozuzizhizhou', '533100', 'DHDZJPZZZZ', '9999', null, '1', '98.578362', '24.436693', null);
INSERT INTO `bs_city` VALUES ('2709', '', 'diqingzangzuzizhizhou', '533400', 'DQZZZZZ', '9999', null, '1', '99.706467', '27.826853', null);
INSERT INTO `bs_city` VALUES ('2710', '', 'deqin', '533422', 'DQ', '9999', null, '1', '98.915062', '28.483273', null);
INSERT INTO `bs_city` VALUES ('2711', '', 'dali', '610523', 'DL', '9999', null, '1', '109.943123', '34.79501', null);
INSERT INTO `bs_city` VALUES ('2712', '', 'danfeng', '611022', 'DF', '9999', null, '1', '110.331909', '33.69471', null);
INSERT INTO `bs_city` VALUES ('2713', '', 'dunhuang', '620982', 'DH', '9999', null, '1', '94.664276', '40.141117', null);
INSERT INTO `bs_city` VALUES ('2714', '', 'dingxi', '621100', 'DX', '9999', null, '1', '104.626297', '35.579578', null);
INSERT INTO `bs_city` VALUES ('2715', '', 'dari', '632624', 'DRX', '9999', null, '1', '99.651718', '33.753258', null);
INSERT INTO `bs_city` VALUES ('2716', '', 'delingha', '632802', 'DLH', '9999', null, '1', '97.37014', '37.374554', null);
INSERT INTO `bs_city` VALUES ('2717', '', 'ezhou', '0711', 'EZ', '2000', null, '1', '114.894951', '30.39085', null);
INSERT INTO `bs_city` VALUES ('2718', '', 'emeishan', '440100', 'EMS', '2000', null, '1', '103.484467', '29.60125', null);
INSERT INTO `bs_city` VALUES ('2719', '', 'enshi', '0718', 'ES', '2000', null, '1', '109.479179', '30.29504', null);
INSERT INTO `bs_city` VALUES ('2720', '', 'eerduosi', '0477', 'EEDS', '2000', null, '1', '109.780869', '39.608452', null);
INSERT INTO `bs_city` VALUES ('2721', '', 'enping', '200101', 'EP', '2000', null, '1', '112.305321', '22.18294', null);
INSERT INTO `bs_city` VALUES ('2722', '', 'etuokeqianqi', '150623', 'ETKQQ', '9999', null, '1', '107.48172', '38.183258', null);
INSERT INTO `bs_city` VALUES ('2723', '', 'etuokeqi', '150624', 'ETKQ', '9999', null, '1', '107.982605', '39.095753', null);
INSERT INTO `bs_city` VALUES ('2724', '', 'elunchunzizhiqi', '150723', 'ELCZZQ', '9999', null, '1', '123.725685', '50.590176', null);
INSERT INTO `bs_city` VALUES ('2725', '', 'ewenkezuzizhiqi', '150724', 'EWKZZZQ', '9999', null, '1', '119.754044', '49.143291', null);
INSERT INTO `bs_city` VALUES ('2726', '', 'eerguna', '150784', 'EEGN', '9999', null, '1', '120.178635', '50.2439', null);
INSERT INTO `bs_city` VALUES ('2727', '', 'erlianhaote', '152501', 'ELHT', '9999', null, '1', '111.979813', '43.652897', null);
INSERT INTO `bs_city` VALUES ('2728', '', 'ejinaqi', '152923', 'EJNQ', '9999', null, '1', '101.069443', '41.958813', null);
INSERT INTO `bs_city` VALUES ('2729', '', 'eshanyizuzizhixian', '530426', 'ESYZZZX', '9999', null, '1', '102.404358', '24.173256', null);
INSERT INTO `bs_city` VALUES ('2730', '', 'eryuan', '532930', 'EY', '9999', null, '1', '99.951706', '26.111183', null);
INSERT INTO `bs_city` VALUES ('2731', '', 'foshan', '0757', 'FS', '23', null, '1', '113.121918', '23.021851', null);
INSERT INTO `bs_city` VALUES ('2732', '', 'fuzhou', '0591', 'FZ', '2000', null, '1', '119.296471', '26.074209', null);
INSERT INTO `bs_city` VALUES ('2733', '', 'fushun', '0413', 'FS', '2000', null, '1', '123.957222', '41.879711', null);
INSERT INTO `bs_city` VALUES ('2734', '', 'fuxin', '0418', 'FX', '2000', null, '1', '121.670113', '42.02166', null);
INSERT INTO `bs_city` VALUES ('2735', '', 'fuyang', '0558', 'FY', '2000', null, '1', '115.814949', '32.889629', null);
INSERT INTO `bs_city` VALUES ('2736', '', 'fuzhou', '0794', 'FZ', '2000', null, '1', '116.358093', '27.947809', null);
INSERT INTO `bs_city` VALUES ('2737', '', 'fuling', '10007', 'FL', '2000', null, '1', '107.389816', '29.70315', null);
INSERT INTO `bs_city` VALUES ('2738', '', 'feidong', '200005', 'FD', '2000', null, '1', '117.469276', '31.887699', null);
INSERT INTO `bs_city` VALUES ('2739', '', 'feixi', '200006', 'FX', '2000', null, '1', '117.158401', '31.70653', null);
INSERT INTO `bs_city` VALUES ('2740', '', 'funan', '200014', 'FN', '2000', null, '1', '115.593193', '32.658871', null);
INSERT INTO `bs_city` VALUES ('2741', '', 'fengtai', '200021', 'FT', '2000', null, '1', '116.71077', '32.709461', null);
INSERT INTO `bs_city` VALUES ('2742', '', 'fengyang', '200036', 'FY', '2000', null, '1', '117.561241', '32.866001', null);
INSERT INTO `bs_city` VALUES ('2743', '', 'fuqing', '200043', 'FQ', '2000', null, '1', '119.384109', '25.72024', null);
INSERT INTO `bs_city` VALUES ('2744', '', 'fuan', '200046', 'FA', '2000', null, '1', '119.647682', '27.087971', null);
INSERT INTO `bs_city` VALUES ('2745', '', 'fuding', '200050', 'FD', '2000', null, '1', '120.216713', '27.32436', null);
INSERT INTO `bs_city` VALUES ('2746', '', 'fangcheng', '200181', 'FC', '2000', null, '1', '113.01255', '33.254391', null);
INSERT INTO `bs_city` VALUES ('2747', '', 'fengqiu', '200213', 'FQ', '2000', null, '1', '114.41861', '35.041191', null);
INSERT INTO `bs_city` VALUES ('2748', '', 'fugou', '200226', 'FG', '2000', null, '1', '114.394821', '34.060001', null);
INSERT INTO `bs_city` VALUES ('2749', '', 'fujin', '200254', 'FJ', '2000', null, '1', '132.037277', '47.250221', null);
INSERT INTO `bs_city` VALUES ('2750', '', 'fusong', '200357', 'FS', '2000', null, '1', '127.280357', '42.342018', null);
INSERT INTO `bs_city` VALUES ('2751', '', 'fuyu', '200367', 'FY', '2000', null, '1', '126.049721', '44.990139', null);
INSERT INTO `bs_city` VALUES ('2752', '', 'fengxian', '200386', 'FX', '2000', null, '1', '116.595322', '34.693958', null);
INSERT INTO `bs_city` VALUES ('2753', '', 'funing', '200394', 'FN', '2000', null, '1', '119.802582', '33.759312', null);
INSERT INTO `bs_city` VALUES ('2754', '', 'fengcheng', '200417', 'FC', '2000', null, '1', '115.77121', '28.159201', null);
INSERT INTO `bs_city` VALUES ('2755', '', 'fuliang', '200430', 'FL', '2000', null, '1', '117.215233', '29.351589', null);
INSERT INTO `bs_city` VALUES ('2756', '', 'fengcheng', '200450', 'FC', '2000', null, '1', '124.066048', '40.452789', null);
INSERT INTO `bs_city` VALUES ('2757', '', 'feixian', '200480', 'FX', '2000', null, '1', '117.977112', '35.26659', null);
INSERT INTO `bs_city` VALUES ('2758', '', 'feicheng', '200481', 'FC', '2000', null, '1', '116.769173', '36.182449', null);
INSERT INTO `bs_city` VALUES ('2759', '', 'fushun', '200576', 'FS', '2000', null, '1', '104.974953', '29.181271', null);
INSERT INTO `bs_city` VALUES ('2760', '', 'fuyuan', '200606', 'FY', '2000', null, '1', '104.254852', '25.674219', null);
INSERT INTO `bs_city` VALUES ('2761', '', 'fuyang', '200633', 'FY', '2000', null, '1', '119.960426', '30.048849', null);
INSERT INTO `bs_city` VALUES ('2762', '', 'fenghua', '200648', 'FH', '2000', null, '1', '121.40686', '29.655029', null);
INSERT INTO `bs_city` VALUES ('2763', '', 'fengjie', '200668', 'FJ', '2000', null, '1', '109.464058', '31.018459', null);
INSERT INTO `bs_city` VALUES ('2764', '', 'fengdu', '200677', 'FD', '2000', null, '1', '107.73085', '29.86352', null);
INSERT INTO `bs_city` VALUES ('2765', '', 'fanchang', '340222', 'FC', '9999', null, '1', '118.199341', '31.082911', null);
INSERT INTO `bs_city` VALUES ('2766', '', 'funing', '130323', 'FN', '9999', null, '1', '119.240654', '39.887054', null);
INSERT INTO `bs_city` VALUES ('2767', '', 'feixiang', '130428', 'FX', '9999', null, '1', '114.805153', '36.555779', null);
INSERT INTO `bs_city` VALUES ('2768', '', 'fuping', '130624', 'FP', '9999', null, '1', '114.198799', '38.847275', null);
INSERT INTO `bs_city` VALUES ('2769', '', 'fengningmanzuzizhixian', '130826', 'FNMZZZX', '9999', null, '1', '116.651207', '41.209904', null);
INSERT INTO `bs_city` VALUES ('2770', '', 'fucheng', '131128', 'FC', '9999', null, '1', '116.164726', '37.869946', null);
INSERT INTO `bs_city` VALUES ('2771', '', 'fanzhi', '140924', 'FZX', '9999', null, '1', '113.559258', '39.2663', null);
INSERT INTO `bs_city` VALUES ('2772', '', 'fenyang', '141182', 'FY', '9999', null, '1', '111.785271', '37.267742', null);
INSERT INTO `bs_city` VALUES ('2773', '', 'fengzhen', '150981', 'FZ', '9999', null, '1', '113.16346', '40.437534', null);
INSERT INTO `bs_city` VALUES ('2774', '', 'faku', '210124', 'FKX', '9999', null, '1', '123.416725', '42.507046', null);
INSERT INTO `bs_city` VALUES ('2775', '', 'fuxinmengguzuzizhixian', '210921', 'FXMGZZZX', '9999', null, '1', '121.743126', '42.058605', null);
INSERT INTO `bs_city` VALUES ('2776', '', 'fangzheng', '230124', 'FZ', '9999', null, '1', '128.836136', '45.839535', null);
INSERT INTO `bs_city` VALUES ('2777', '', 'fuyu', '230227', 'FY', '9999', null, '1', '124.469109', '47.797173', null);
INSERT INTO `bs_city` VALUES ('2778', '', 'fuyuan', '230833', 'FY', '9999', null, '1', '134.294495', '48.364708', null);
INSERT INTO `bs_city` VALUES ('2779', '', 'fenyi', '360521', 'FY', '9999', null, '1', '114.675262', '27.8113', null);
INSERT INTO `bs_city` VALUES ('2780', '', 'fengxin', '360921', 'FX', '9999', null, '1', '115.3899', '28.700672', null);
INSERT INTO `bs_city` VALUES ('2781', '', 'fanxian', '410926', 'FX', '9999', null, '1', '115.504204', '35.851955', null);
INSERT INTO `bs_city` VALUES ('2782', '', 'fengshun', '441423', 'FS', '9999', null, '1', '116.184418', '23.752771', null);
INSERT INTO `bs_city` VALUES ('2783', '', 'fogang', '441821', 'FG', '9999', null, '1', '113.534096', '23.866739', null);
INSERT INTO `bs_city` VALUES ('2784', '', 'fangchenggang', '450600', 'FCG', '9999', null, '1', '108.33799', '21.6138', null);
INSERT INTO `bs_city` VALUES ('2785', '', 'fuchuanyaozuzizhixian', '451123', 'FCYZZZX', '9999', null, '1', '111.277229', '24.81896', null);
INSERT INTO `bs_city` VALUES ('2786', '', 'fengshan', '451223', 'FS', '9999', null, '1', '107.044594', '24.544561', null);
INSERT INTO `bs_city` VALUES ('2787', '', 'fusui', '451421', 'FS', '9999', null, '1', '107.91153', '22.63582', null);
INSERT INTO `bs_city` VALUES ('2788', '', 'fenggang', '520327', 'FG', '9999', null, '1', '107.722023', '27.960857', null);
INSERT INTO `bs_city` VALUES ('2789', '', 'fuquan', '522702', 'FQ', '9999', null, '1', '107.513512', '26.702509', null);
INSERT INTO `bs_city` VALUES ('2790', '', 'fumin', '530124', 'FM', '9999', null, '1', '102.497887', '25.219667', null);
INSERT INTO `bs_city` VALUES ('2791', '', 'fengqing', '530921', 'FQ', '9999', null, '1', '99.918709', '24.592737', null);
INSERT INTO `bs_city` VALUES ('2792', '', 'funing', '532628', 'FN', '9999', null, '1', '105.628563', '23.626493', null);
INSERT INTO `bs_city` VALUES ('2793', '', 'fugong', '533323', 'FG', '9999', null, '1', '98.867416', '26.902739', null);
INSERT INTO `bs_city` VALUES ('2794', '', 'fuping', '610528', 'FP', '9999', null, '1', '109.187172', '34.746677', null);
INSERT INTO `bs_city` VALUES ('2795', '', 'fugu', '610822', 'FG', '9999', null, '1', '111.069649', '39.029243', null);
INSERT INTO `bs_city` VALUES ('2796', '', 'fulaerjiqu', '230206', 'FLEJQ', '9999', null, '1', '123.63887', '47.20697', null);
INSERT INTO `bs_city` VALUES ('2797', '', 'guangzhou', '020', 'GZ', '6', null, '1', '113.264359', '23.12908', '1');
INSERT INTO `bs_city` VALUES ('2798', '', 'gongyi', '03712', 'GY', '1900', null, '1', '113.022057', '34.747978', null);
INSERT INTO `bs_city` VALUES ('2799', '', 'guilin', '0773', 'GL', '2000', null, '1', '110.290024', '25.273609', null);
INSERT INTO `bs_city` VALUES ('2800', '', 'ganzhou', '0797', 'GZ', '2000', null, '1', '114.934761', '25.831091', null);
INSERT INTO `bs_city` VALUES ('2801', '', 'guiyang', '0851', 'GY', '2000', null, '1', '106.630241', '26.64702', null);
INSERT INTO `bs_city` VALUES ('2802', '', 'guanghanshi', '510600', 'GHS', '2000', null, '1', '104.282494', '30.97706', null);
INSERT INTO `bs_city` VALUES ('2803', '', 'guangyuan', '0839', 'GY', '2000', null, '1', '105.843567', '32.43549', null);
INSERT INTO `bs_city` VALUES ('2804', '', 'guangan', '0826', 'GA', '2000', null, '1', '106.633217', '30.455959', null);
INSERT INTO `bs_city` VALUES ('2805', '', 'guigang', '10009', 'GG', '2000', null, '1', '109.597641', '23.11306', null);
INSERT INTO `bs_city` VALUES ('2806', '', 'guangde', '200023', 'GD', '2000', null, '1', '119.417053', '30.893801', null);
INSERT INTO `bs_city` VALUES ('2807', '', 'gaozhou', '200097', 'GZ', '2000', null, '1', '110.853378', '21.918119', null);
INSERT INTO `bs_city` VALUES ('2808', '', 'gaoyao', '200107', 'GY', '2000', null, '1', '112.458389', '23.02581', null);
INSERT INTO `bs_city` VALUES ('2809', '', 'guiping', '200114', 'GP', '2000', null, '1', '110.07901', '23.3941', null);
INSERT INTO `bs_city` VALUES ('2810', '', 'gaocheng', '200139', 'GC', '2000', null, '1', '114.846764', '38.02166', null);
INSERT INTO `bs_city` VALUES ('2811', '', 'gaobeidian', '200140', 'GBD', '2000', null, '1', '115.873734', '39.32658', null);
INSERT INTO `bs_city` VALUES ('2812', '', 'guan', '200165', 'GA', '2000', null, '1', '116.298523', '39.438251', null);
INSERT INTO `bs_city` VALUES ('2813', '', 'gushi', '200178', 'GS', '2000', null, '1', '115.654808', '32.168388', null);
INSERT INTO `bs_city` VALUES ('2814', '', 'guangshan', '200229', 'GS', '2000', null, '1', '114.918777', '32.009972', null);
INSERT INTO `bs_city` VALUES ('2815', '', 'gongan', '200264', 'GA', '2000', null, '1', '112.229477', '30.0583', null);
INSERT INTO `bs_city` VALUES ('2816', '', 'guangshui', '200270', 'GS', '2000', null, '1', '113.825996', '31.616859', null);
INSERT INTO `bs_city` VALUES ('2817', '', 'gucheng', '200287', 'GC', '2000', null, '1', '111.653038', '32.263378', null);
INSERT INTO `bs_city` VALUES ('2818', '', 'guiyang', '200319', 'GY', '2000', null, '1', '112.733681', '25.754101', null);
INSERT INTO `bs_city` VALUES ('2819', '', 'gongzhuling', '200350', 'GZL', '2000', null, '1', '124.8228', '43.504681', null);
INSERT INTO `bs_city` VALUES ('2820', '', 'ganyu', '200387', 'GY', '2000', null, '1', '119.177299', '34.840649', null);
INSERT INTO `bs_city` VALUES ('2821', '', 'gaoyou', '200400', 'GY', '2000', null, '1', '119.455582', '32.78112', null);
INSERT INTO `bs_city` VALUES ('2822', '', 'guanyun', '200403', 'GY', '2000', null, '1', '119.240959', '34.284069', null);
INSERT INTO `bs_city` VALUES ('2823', '', 'guannan', '200407', 'GN', '2000', null, '1', '119.315628', '34.086731', null);
INSERT INTO `bs_city` VALUES ('2824', '', 'gaochun', '200410', 'GC', '2000', null, '1', '118.892097', '31.327511', null);
INSERT INTO `bs_city` VALUES ('2825', '', 'guangfeng', '200415', 'GF', '2000', null, '1', '118.19133', '28.43631', null);
INSERT INTO `bs_city` VALUES ('2826', '', 'gaoan', '200420', 'GA', '2000', null, '1', '115.375618', '28.41729', null);
INSERT INTO `bs_city` VALUES ('2827', '', 'guixi', '200431', 'GX', '2000', null, '1', '117.245247', '28.292521', null);
INSERT INTO `bs_city` VALUES ('2828', '', 'ganxian', '200438', 'GX', '2000', null, '1', '115.011749', '25.86062', null);
INSERT INTO `bs_city` VALUES ('2829', '', 'gaizhou', '200452', 'GZ', '2000', null, '1', '122.348801', '40.400532', null);
INSERT INTO `bs_city` VALUES ('2830', '', 'geermu', '200468', 'GEM', '2000', null, '1', '90', '33.660332', null);
INSERT INTO `bs_city` VALUES ('2831', '', 'gaomi', '200475', 'GM', '2000', null, '1', '119.755676', '36.382568', null);
INSERT INTO `bs_city` VALUES ('2832', '', 'guanxian', '200527', 'GX', '2000', null, '1', '115.442627', '36.483349', null);
INSERT INTO `bs_city` VALUES ('2833', '', 'gaotang', '200531', 'GT', '2000', null, '1', '116.23111', '36.86602', null);
INSERT INTO `bs_city` VALUES ('2834', '', 'guangrao', '200533', 'GR', '2000', null, '1', '118.407021', '37.053589', null);
INSERT INTO `bs_city` VALUES ('2835', '', 'gaoping', '200545', 'GP', '2000', null, '1', '112.923576', '35.798069', null);
INSERT INTO `bs_city` VALUES ('2836', '', 'gejiu', '200617', 'GJ', '2000', null, '1', '103.160042', '23.35899', null);
INSERT INTO `bs_city` VALUES ('2837', '', 'gutian', '350922', 'GT', '9999', null, '1', '118.746063', '26.57762', null);
INSERT INTO `bs_city` VALUES ('2838', '', 'gaoling', '610126', 'GL', '9999', null, '1', '109.088219', '34.53487', null);
INSERT INTO `bs_city` VALUES ('2839', '', 'guangping', '130432', 'GP', '9999', null, '1', '114.950859', '36.483604', null);
INSERT INTO `bs_city` VALUES ('2840', '', 'guantao', '130433', 'GT', '9999', null, '1', '115.289055', '36.539459', null);
INSERT INTO `bs_city` VALUES ('2841', '', 'guangzong', '130531', 'GZX', '9999', null, '1', '115.142799', '37.075546', null);
INSERT INTO `bs_city` VALUES ('2842', '', 'gaoyangxian', '130628', 'GYX', '9999', null, '1', '115.778839', '38.700069', null);
INSERT INTO `bs_city` VALUES ('2843', '', 'guyuan', '130724', 'GY', '9999', null, '1', '115.684837', '41.667419', null);
INSERT INTO `bs_city` VALUES ('2844', '', 'gucheng', '131126', 'GC', '9999', null, '1', '115.966743', '37.350983', null);
INSERT INTO `bs_city` VALUES ('2845', '', 'genhe', '150785', 'GH', '9999', null, '1', '121.532722', '50.780453', null);
INSERT INTO `bs_city` VALUES ('2846', '', 'gannan', '230225', 'GN', '9999', null, '1', '123.506035', '47.917839', null);
INSERT INTO `bs_city` VALUES ('2847', '', 'guzhen', '340323', 'GZX', '9999', null, '1', '117.315964', '33.31868', null);
INSERT INTO `bs_city` VALUES ('2848', '', 'guangze', '350723', 'GZ', '9999', null, '1', '117.337898', '27.542803', null);
INSERT INTO `bs_city` VALUES ('2849', '', 'gongqingcheng', '360482', 'GQC', '9999', null, '1', '115.79406', '29.2484', null);
INSERT INTO `bs_city` VALUES ('2850', '', 'gaoyi', '130127', 'GY', '9999', null, '1', '114.610703', '37.605713', null);
INSERT INTO `bs_city` VALUES ('2851', '', 'guangchang', '361030', 'GCX', '9999', null, '1', '116.327293', '26.838427', null);
INSERT INTO `bs_city` VALUES ('2852', '', 'gaoqing', '370322', 'GQ', '9999', null, '1', '117.829842', '37.169582', null);
INSERT INTO `bs_city` VALUES ('2853', '', 'guidong', '431027', 'GD', '9999', null, '1', '113.945877', '26.073917', null);
INSERT INTO `bs_city` VALUES ('2854', '', 'guanyang', '450327', 'GY', '9999', null, '1', '111.160248', '25.489098', null);
INSERT INTO `bs_city` VALUES ('2855', '', 'gongchengyaozuzizhixian', '450332', 'GCYZZZX', '9999', null, '1', '110.829521', '24.833612', null);
INSERT INTO `bs_city` VALUES ('2856', '', 'ganzizangzuzizhizhou', '513300', 'GZZZZZZ', '9999', null, '1', '99.991486', '31.618486', null);
INSERT INTO `bs_city` VALUES ('2857', '', 'guanlingbuyizumiaozuzizhixian', '520424', 'GLBYZMZZZX', '9999', null, '1', '105.666855', '25.980713', null);
INSERT INTO `bs_city` VALUES ('2858', '', 'guiding', '522723', 'GD', '9999', null, '1', '107.233589', '26.580807', null);
INSERT INTO `bs_city` VALUES ('2859', '', 'gengmadaizuwazuzizhixian', '530926', 'GMDZWZZZX', '9999', null, '1', '99.402496', '23.534578', null);
INSERT INTO `bs_city` VALUES ('2860', '', 'guangnan', '532627', 'GN', '9999', null, '1', '105.049263', '24.050699', null);
INSERT INTO `bs_city` VALUES ('2861', '', 'gongshandulongzunuzuzizhixian', '533324', 'GSDLZNZZZX', '9999', null, '1', '98.666138', '27.738054', null);
INSERT INTO `bs_city` VALUES ('2862', '', 'gaotai', '620724', 'GT', '9999', null, '1', '99.81665', '39.376308', null);
INSERT INTO `bs_city` VALUES ('2863', '', 'guoluozangzuzizhizhou', '632600', 'GLZZZZZ', '9999', null, '1', '100.247078', '34.468685', null);
INSERT INTO `bs_city` VALUES ('2864', '', 'gande', '632623', 'GDX', '9999', null, '1', '99.902588', '33.966988', null);
INSERT INTO `bs_city` VALUES ('2865', '', 'guyuan', '640400', 'GY', '9999', null, '1', '106.28524', '36.004562', null);
INSERT INTO `bs_city` VALUES ('2866', '', 'guyequ', '130204', 'GYQ', '9999', null, '1', '118.454292', '39.715736', null);
INSERT INTO `bs_city` VALUES ('2867', '', 'haerbin', '0451', 'HEB', '4', null, '1', '126.535797', '45.802158', '1');
INSERT INTO `bs_city` VALUES ('2868', '', 'hangzhou', '0571', 'HZ', '8', null, '1', '120.155151', '30.274151', '1');
INSERT INTO `bs_city` VALUES ('2869', '', 'huanghua', '03172', 'HH', '1900', null, '1', '117.330116', '38.371391', null);
INSERT INTO `bs_city` VALUES ('2870', '', 'hebi', '0392', 'HB', '1900', null, '1', '114.297447', '35.747002', null);
INSERT INTO `bs_city` VALUES ('2871', '', 'hefei', '0551', 'HF', '2000', null, '1', '117.229012', '31.82057', null);
INSERT INTO `bs_city` VALUES ('2872', '', 'huainan', '0554', 'HN', '2000', null, '1', '116.999802', '32.625488', null);
INSERT INTO `bs_city` VALUES ('2873', '', 'huizhou', '0752', 'HZ', '2000', null, '1', '114.416786', '23.11075', null);
INSERT INTO `bs_city` VALUES ('2874', '', 'huzhou', '0572', 'HZ', '2000', null, '1', '120.088051', '30.893049', null);
INSERT INTO `bs_city` VALUES ('2875', '', 'haikou', '0898', 'HK', '2000', null, '1', '110.19989', '20.04422', null);
INSERT INTO `bs_city` VALUES ('2876', '', 'huhehaote', '0471', 'HHHT', '2000', null, '1', '111.751991', '40.841492', null);
INSERT INTO `bs_city` VALUES ('2877', '', 'huaian', '0517', 'HA', '2000', null, '1', '119.015953', '33.610161', null);
INSERT INTO `bs_city` VALUES ('2878', '', 'hengyang', '0734', 'HY', '2000', null, '1', '112.571953', '26.89324', null);
INSERT INTO `bs_city` VALUES ('2879', '', 'huaihua', '0745', 'HH', '2000', null, '1', '110.001602', '27.56974', null);
INSERT INTO `bs_city` VALUES ('2880', '', 'huangshi', '0714', 'HS', '2000', null, '1', '115.038902', '30.19953', null);
INSERT INTO `bs_city` VALUES ('2881', '', 'handan', '0310', 'HD', '2000', null, '1', '114.539177', '36.625561', null);
INSERT INTO `bs_city` VALUES ('2882', '', 'heze', '0530', 'HZ', '2000', null, '1', '115.481148', '35.233631', null);
INSERT INTO `bs_city` VALUES ('2883', '', 'huangshan', '0559', 'HS', '2000', null, '1', '118.338661', '29.71517', null);
INSERT INTO `bs_city` VALUES ('2884', '', 'huaibei', '0561', 'HB', '2000', null, '1', '116.926224', '33.67078', null);
INSERT INTO `bs_city` VALUES ('2885', '', 'huanggang', '0713', 'HG', '2000', null, '1', '114.872383', '30.45347', null);
INSERT INTO `bs_city` VALUES ('2886', '', 'huludao', '0429', 'HLD', '2000', null, '1', '120.83699', '40.710999', null);
INSERT INTO `bs_city` VALUES ('2887', '', 'honghezizhizhou', '0873', 'HHZZZ', '2000', null, '1', '102.420792', '23.36907', null);
INSERT INTO `bs_city` VALUES ('2888', '', 'hezhou', '4401002', 'HZ', '2000', null, '1', '111.566551', '24.40346', null);
INSERT INTO `bs_city` VALUES ('2889', '', 'hanzhong', '0916', 'HZ', '2000', null, '1', '107.023773', '33.067612', null);
INSERT INTO `bs_city` VALUES ('2890', '', 'hengshui', '0318', 'HS', '2000', null, '1', '115.67054', '37.738861', null);
INSERT INTO `bs_city` VALUES ('2891', '', 'hulunbeier', '0470', 'HLBE', '2000', null, '1', '119.765839', '49.211632', null);
INSERT INTO `bs_city` VALUES ('2892', '', 'hechuan', '10010', 'HC', '2000', null, '1', '106.276787', '29.972879', null);
INSERT INTO `bs_city` VALUES ('2893', '', 'hexi', '10011', 'HX', '2000', null, '1', '117.223358', '39.109539', null);
INSERT INTO `bs_city` VALUES ('2894', '', 'huoqiu', '200012', 'HQ', '2000', null, '1', '116.278229', '32.353199', null);
INSERT INTO `bs_city` VALUES ('2895', '', 'huaiyuan', '200017', 'HY', '2000', null, '1', '117.205139', '32.9701', null);
INSERT INTO `bs_city` VALUES ('2896', '', 'hexian', '200024', 'HX', '2000', null, '1', '118.351448', '31.74423', null);
INSERT INTO `bs_city` VALUES ('2897', '', 'huaining', '200027', 'HN', '2000', null, '1', '116.829742', '30.73381', null);
INSERT INTO `bs_city` VALUES ('2898', '', 'huoshan', '200034', 'HS', '2000', null, '1', '116.332687', '31.39279', null);
INSERT INTO `bs_city` VALUES ('2899', '', 'huian', '200042', 'HA', '2000', null, '1', '118.796951', '25.030649', null);
INSERT INTO `bs_city` VALUES ('2900', '', 'haifeng', '200081', 'HF', '2000', null, '1', '115.32341', '22.96657', null);
INSERT INTO `bs_city` VALUES ('2901', '', 'huilai', '200082', 'HL', '2000', null, '1', '116.295113', '23.033211', null);
INSERT INTO `bs_city` VALUES ('2902', '', 'huidong', '200083', 'HD', '2000', null, '1', '114.719994', '22.984859', null);
INSERT INTO `bs_city` VALUES ('2903', '', 'heshan', '200096', 'HS', '2000', null, '1', '112.964363', '22.765301', null);
INSERT INTO `bs_city` VALUES ('2904', '', 'huazhou', '200100', 'HZ', '2000', null, '1', '110.639542', '21.663971', null);
INSERT INTO `bs_city` VALUES ('2905', '', 'huaiyang', '200179', 'HY', '2000', null, '1', '114.886139', '33.731499', null);
INSERT INTO `bs_city` VALUES ('2906', '', 'huangchuan', '200194', 'HC', '2000', null, '1', '115.051292', '32.131561', null);
INSERT INTO `bs_city` VALUES ('2907', '', 'huixian', '200199', 'HX', '2000', null, '1', '113.805397', '35.46212', null);
INSERT INTO `bs_city` VALUES ('2908', '', 'huaxian', '200206', 'HX', '2000', null, '1', '114.519302', '35.57534', null);
INSERT INTO `bs_city` VALUES ('2909', '', 'huixian', '200218', 'HX', '2000', null, '1', '115.071533', '34.445259', null);
INSERT INTO `bs_city` VALUES ('2910', '', 'huaibin', '200228', 'HB', '2000', null, '1', '115.419868', '32.473389', null);
INSERT INTO `bs_city` VALUES ('2911', '', 'hegang', '200243', 'HG', '2000', null, '1', '130.297852', '47.349892', null);
INSERT INTO `bs_city` VALUES ('2912', '', 'hanchuan', '200257', 'HC', '2000', null, '1', '113.839073', '30.661221', null);
INSERT INTO `bs_city` VALUES ('2913', '', 'huangmei', '200263', 'HM', '2000', null, '1', '115.944321', '30.07037', null);
INSERT INTO `bs_city` VALUES ('2914', '', 'honghu', '200266', 'HH', '2000', null, '1', '113.477753', '29.82756', null);
INSERT INTO `bs_city` VALUES ('2915', '', 'hongan', '200284', 'HA', '2000', null, '1', '114.618134', '31.288099', null);
INSERT INTO `bs_city` VALUES ('2916', '', 'hengnan', '200305', 'HN', '2000', null, '1', '112.677917', '26.73831', null);
INSERT INTO `bs_city` VALUES ('2917', '', 'hanshou', '200321', 'HS', '2000', null, '1', '111.970428', '28.905491', null);
INSERT INTO `bs_city` VALUES ('2918', '', 'huarong', '200324', 'HR', '2000', null, '1', '112.540947', '29.53023', null);
INSERT INTO `bs_city` VALUES ('2919', '', 'hengdong', '200333', 'HD', '2000', null, '1', '112.953247', '27.08116', null);
INSERT INTO `bs_city` VALUES ('2920', '', 'hongjiang', '200339', 'HJ', '2000', null, '1', '109.836548', '27.209249', null);
INSERT INTO `bs_city` VALUES ('2921', '', 'huadian', '200362', 'HD', '2000', null, '1', '126.746269', '42.97208', null);
INSERT INTO `bs_city` VALUES ('2922', '', 'hunchun', '200366', 'HC', '2000', null, '1', '130.365768', '42.862492', null);
INSERT INTO `bs_city` VALUES ('2923', '', 'huinan', '200368', 'HN', '2000', null, '1', '126.046867', '42.68499', null);
INSERT INTO `bs_city` VALUES ('2924', '', 'huining', '200381', 'HN', '2000', null, '1', '117.941078', '33.912739', null);
INSERT INTO `bs_city` VALUES ('2925', '', 'haimen', '200383', 'HM', '2000', null, '1', '121.181793', '31.871651', null);
INSERT INTO `bs_city` VALUES ('2926', '', 'haian', '200384', 'HA', '2000', null, '1', '120.46759', '32.533081', null);
INSERT INTO `bs_city` VALUES ('2927', '', 'huichang', '200428', 'HC', '2000', null, '1', '115.786003', '25.600389', null);
INSERT INTO `bs_city` VALUES ('2928', '', 'heishan', '200454', 'HS', '2000', null, '1', '122.120659', '41.693909', null);
INSERT INTO `bs_city` VALUES ('2929', '', 'huantai', '200507', 'HT', '2000', null, '1', '118.097969', '36.959332', null);
INSERT INTO `bs_city` VALUES ('2930', '', 'haiyang', '200521', 'HY', '2000', null, '1', '121.158463', '36.776451', null);
INSERT INTO `bs_city` VALUES ('2931', '', 'huimin', '200524', 'HM', '2000', null, '1', '117.509201', '37.489819', null);
INSERT INTO `bs_city` VALUES ('2932', '', 'hongdong', '200544', 'HD', '2000', null, '1', '111.674957', '36.253738', null);
INSERT INTO `bs_city` VALUES ('2933', '', 'hejin', '200552', 'HJ', '2000', null, '1', '110.711861', '35.596432', null);
INSERT INTO `bs_city` VALUES ('2934', '', 'hejiang', '200584', 'HJ', '2000', null, '1', '105.831352', '28.81147', null);
INSERT INTO `bs_city` VALUES ('2935', '', 'huize', '200607', 'HZ', '2000', null, '1', '103.297371', '26.41791', null);
INSERT INTO `bs_city` VALUES ('2936', '', 'haining', '200631', 'HN', '2000', null, '1', '120.681023', '30.50938', null);
INSERT INTO `bs_city` VALUES ('2937', '', 'haiyan', '200647', 'HY', '2000', null, '1', '120.945793', '30.52553', null);
INSERT INTO `bs_city` VALUES ('2938', '', 'heyuan', '0762', 'HY', '9999', null, '1', '114.700653', '23.74365', null);
INSERT INTO `bs_city` VALUES ('2939', '', 'hejian', '03173', 'HJ', '9999', null, '1', '116.098999', '38.44548', null);
INSERT INTO `bs_city` VALUES ('2940', '', 'haicheng', '04121', 'HC', '9999', null, '1', '122.684631', '40.881451', null);
INSERT INTO `bs_city` VALUES ('2941', '', 'heihe', '231100', 'HH', '9999', null, '1', '127.528519', '50.245232', null);
INSERT INTO `bs_city` VALUES ('2942', '', 'hailun', '231283', 'HL', '9999', null, '1', '126.973381', '47.462101', null);
INSERT INTO `bs_city` VALUES ('2943', '', 'hechi', '451200', 'HC', '9999', null, '1', '108.085403', '24.692909', null);
INSERT INTO `bs_city` VALUES ('2944', '', 'huairou', '110116', 'HY', '9999', null, '1', '116.631767', '40.316002', null);
INSERT INTO `bs_city` VALUES ('2945', '', 'huaian', '130728', 'HA', '9999', null, '1', '114.718155', '40.678555', null);
INSERT INTO `bs_city` VALUES ('2946', '', 'huailai', '130730', 'HL', '9999', null, '1', '115.520844', '40.405403', null);
INSERT INTO `bs_city` VALUES ('2947', '', 'haixing', '130924', 'HX', '9999', null, '1', '117.496605', '38.141582', null);
INSERT INTO `bs_city` VALUES ('2948', '', 'huairen', '140624', 'HRX', '9999', null, '1', '113.10051', '39.820789', null);
INSERT INTO `bs_city` VALUES ('2949', '', 'houma', '141081', 'HM', '9999', null, '1', '111.371269', '35.6203', null);
INSERT INTO `bs_city` VALUES ('2950', '', 'helingeer', '150123', 'HLGE', '9999', null, '1', '111.824142', '40.380287', null);
INSERT INTO `bs_city` VALUES ('2951', '', 'huolinguole', '150581', 'HLGL', '9999', null, '1', '119.65786', '45.53236', null);
INSERT INTO `bs_city` VALUES ('2952', '', 'hangjinqi', '150625', 'HJQ', '9999', null, '1', '108.73632', '39.831787', null);
INSERT INTO `bs_city` VALUES ('2953', '', 'hangjinhouqi', '150826', 'HJHQ', '9999', null, '1', '107.147682', '40.888798', null);
INSERT INTO `bs_city` VALUES ('2954', '', 'huade', '150922', 'HD', '9999', null, '1', '114.010078', '41.899334', null);
INSERT INTO `bs_city` VALUES ('2955', '', 'huanrenmanzuzizhixian', '210522', 'HRMZZZX', '9999', null, '1', '125.359192', '41.268997', null);
INSERT INTO `bs_city` VALUES ('2956', '', 'helong', '222406', 'HL', '9999', null, '1', '129.008743', '42.547005', null);
INSERT INTO `bs_city` VALUES ('2957', '', 'hulin', '230381', 'HL', '9999', null, '1', '132.973877', '45.767986', null);
INSERT INTO `bs_city` VALUES ('2958', '', 'huanan', '230822', 'HN', '9999', null, '1', '130.570114', '46.240116', null);
INSERT INTO `bs_city` VALUES ('2959', '', 'huachuan', '230826', 'HC', '9999', null, '1', '130.723709', '47.023041', null);
INSERT INTO `bs_city` VALUES ('2960', '', 'hailin', '231082', 'HL', '9999', null, '1', '129.387909', '44.57415', null);
INSERT INTO `bs_city` VALUES ('2961', '', 'huma', '232721', 'HM', '9999', null, '1', '126.662102', '51.726997', null);
INSERT INTO `bs_city` VALUES ('2962', '', 'hongze', '320829', 'HZ', '9999', null, '1', '118.867874', '33.294975', null);
INSERT INTO `bs_city` VALUES ('2963', '', 'huaan', '350629', 'HA', '9999', null, '1', '117.536308', '25.001415', null);
INSERT INTO `bs_city` VALUES ('2964', '', 'hukou', '360429', 'HK', '9999', null, '1', '116.244316', '29.726299', null);
INSERT INTO `bs_city` VALUES ('2965', '', 'hengfeng', '361125', 'HF', '9999', null, '1', '117.608246', '28.415104', null);
INSERT INTO `bs_city` VALUES ('2966', '', 'huojia', '410724', 'HJ', '9999', null, '1', '113.657249', '35.261684', null);
INSERT INTO `bs_city` VALUES ('2967', '', 'hengshan', '430423', 'HS', '9999', null, '1', '112.869713', '27.234808', null);
INSERT INTO `bs_city` VALUES ('2968', '', 'heping', '441624', 'HP', '9999', null, '1', '114.941475', '24.44318', null);
INSERT INTO `bs_city` VALUES ('2969', '', 'hengxian', '450127', 'HX', '9999', null, '1', '109.270988', '22.687429', null);
INSERT INTO `bs_city` VALUES ('2970', '', 'hepu', '450521', 'HP', '9999', null, '1', '109.200691', '21.663553', null);
INSERT INTO `bs_city` VALUES ('2971', '', 'huanjiangmaonanzuzizhixian', '451226', 'HJMNZZZX', '9999', null, '1', '108.258667', '24.827627', null);
INSERT INTO `bs_city` VALUES ('2972', '', 'heshan', '451381', 'HS', '9999', null, '1', '108.88858', '23.81311', null);
INSERT INTO `bs_city` VALUES ('2973', '', 'huaying', '511681', 'HY', '9999', null, '1', '106.777885', '30.380573', null);
INSERT INTO `bs_city` VALUES ('2974', '', 'hezhang', '520527', 'HZ', '9999', null, '1', '104.72644', '27.119244', null);
INSERT INTO `bs_city` VALUES ('2975', '', 'huangping', '522622', 'HP', '9999', null, '1', '107.901337', '26.896973', null);
INSERT INTO `bs_city` VALUES ('2976', '', 'huishui', '522731', 'HS', '9999', null, '1', '106.657845', '26.128637', null);
INSERT INTO `bs_city` VALUES ('2977', '', 'huaning', '530424', 'HN', '9999', null, '1', '102.928986', '24.189808', null);
INSERT INTO `bs_city` VALUES ('2978', '', 'huaping', '530723', 'HP', '9999', null, '1', '101.267799', '26.628834', null);
INSERT INTO `bs_city` VALUES ('2979', '', 'honghehanizuyizuzizhizhou', '532500', 'HHHNZYZZZZ', '9999', null, '1', '103.384186', '23.366776', null);
INSERT INTO `bs_city` VALUES ('2980', '', 'hekouyaozuzizhixian', '532532', 'HKYZZZX', '9999', null, '1', '103.961594', '22.507563', null);
INSERT INTO `bs_city` VALUES ('2981', '', 'heqing', '532932', 'HQ', '9999', null, '1', '100.173378', '26.55839', null);
INSERT INTO `bs_city` VALUES ('2982', '', 'heyang', '610524', 'HY', '9999', null, '1', '110.14798', '35.237099', null);
INSERT INTO `bs_city` VALUES ('2983', '', 'hancheng', '610581', 'HC', '9999', null, '1', '110.452393', '35.475239', null);
INSERT INTO `bs_city` VALUES ('2984', '', 'huayin', '610582', 'HY', '9999', null, '1', '110.089523', '34.565357', null);
INSERT INTO `bs_city` VALUES ('2985', '', 'hengshan', '610823', 'HS', '9999', null, '1', '109.292595', '37.964046', null);
INSERT INTO `bs_city` VALUES ('2986', '', 'hanyin', '610921', 'HY', '9999', null, '1', '108.510948', '32.891121', null);
INSERT INTO `bs_city` VALUES ('2987', '', 'hezuo', '623001', 'HZ', '9999', null, '1', '102.911491', '34.985973', null);
INSERT INTO `bs_city` VALUES ('2988', '', 'haidong', '630200', 'HD', '9999', null, '1', '102.103271', '36.502914', null);
INSERT INTO `bs_city` VALUES ('2989', '', 'hami', '650500', 'HM', '9999', null, '1', '93.513161', '42.833248', null);
INSERT INTO `bs_city` VALUES ('2990', '', 'hailaerqu', '150702', 'HLEQ', '9999', null, '1', '119.758965', '49.215385', null);
INSERT INTO `bs_city` VALUES ('2991', '', 'jiyuan', '03912', 'JY', '1867', null, '1', '112.60273', '35.06707', null);
INSERT INTO `bs_city` VALUES ('2992', '', 'jinan', '0531', 'JN', '2000', null, '1', '116.994926', '36.665291', null);
INSERT INTO `bs_city` VALUES ('2993', '', 'jining', '0537', 'JN', '2000', null, '1', '116.587242', '35.414589', null);
INSERT INTO `bs_city` VALUES ('2994', '', 'jingdezhen', '0798', 'JDZ', '2000', null, '1', '117.178391', '29.26869', null);
INSERT INTO `bs_city` VALUES ('2995', '', 'jiaxing', '0573', 'JX', '2000', null, '1', '120.755501', '30.74501', null);
INSERT INTO `bs_city` VALUES ('2996', '', 'jiujiang', '0792', 'JJ', '2000', null, '1', '116.001457', '29.705481', null);
INSERT INTO `bs_city` VALUES ('2997', '', 'jinhua', '0579', 'JH', '2000', null, '1', '119.647591', '29.078119', null);
INSERT INTO `bs_city` VALUES ('2998', '', 'jiamusi', '0454', 'JMS', '2000', null, '1', '130.320602', '46.80019', null);
INSERT INTO `bs_city` VALUES ('2999', '', 'jingzhou', '0716', 'JZ', '2000', null, '1', '112.240692', '30.334789', null);
INSERT INTO `bs_city` VALUES ('3000', '', 'jilin', '0432', 'JL', '2000', null, '1', '126.549438', '43.837841', null);
INSERT INTO `bs_city` VALUES ('3001', '', 'jinzhou', '0416', 'JZ', '2000', null, '1', '121.127029', '41.09515', null);
INSERT INTO `bs_city` VALUES ('3002', '', 'jiangmen', '0750', 'JM', '2000', null, '1', '113.081612', '22.57865', null);
INSERT INTO `bs_city` VALUES ('3003', '', 'jiaozuo', '03911', 'JZ', '2000', null, '1', '113.242012', '35.21563', null);
INSERT INTO `bs_city` VALUES ('3004', '', 'jingmen', '0724', 'JM', '2000', null, '1', '112.199448', '31.03546', null);
INSERT INTO `bs_city` VALUES ('3005', '', 'jinzhong', '0354', 'JZ', '2000', null, '1', '112.752777', '37.687019', null);
INSERT INTO `bs_city` VALUES ('3006', '', 'jian', '0796', 'JA', '2000', null, '1', '114.993759', '27.113819', null);
INSERT INTO `bs_city` VALUES ('3007', '', 'jixi', '0467', 'JX', '2000', null, '1', '130.969543', '45.295238', null);
INSERT INTO `bs_city` VALUES ('3008', '', 'jieyang', '0663', 'JY', '2000', null, '1', '116.372711', '23.549721', null);
INSERT INTO `bs_city` VALUES ('3009', '', 'jishou', '0743', 'JS', '2000', null, '1', '109.698112', '28.26244', null);
INSERT INTO `bs_city` VALUES ('3010', '', 'jiangyou', '08161', 'JY', '2000', null, '1', '104.724579', '31.75691', null);
INSERT INTO `bs_city` VALUES ('3011', '', 'jinjiang', '0595111', 'JJ', '2000', null, '1', '118.551987', '24.781441', null);
INSERT INTO `bs_city` VALUES ('3012', '', 'jianyang', '10012', 'JY', '2000', null, '1', '104.547333', '30.411329', null);
INSERT INTO `bs_city` VALUES ('3013', '', 'jiangbei', '10013', 'JB', '2000', null, '1', '106.574387', '29.606609', null);
INSERT INTO `bs_city` VALUES ('3014', '', 'jiangjin', '10014', 'JJ', '2000', null, '1', '106.259361', '29.29014', null);
INSERT INTO `bs_city` VALUES ('3015', '', 'jincheng', '10015', 'JC', '2000', null, '1', '112.851128', '35.490391', null);
INSERT INTO `bs_city` VALUES ('3016', '', 'jiulongpo', '10016', 'JLP', '2000', null, '1', '106.511398', '29.502069', null);
INSERT INTO `bs_city` VALUES ('3017', '', 'jieshou', '200033', 'JS', '2000', null, '1', '115.374512', '33.257179', null);
INSERT INTO `bs_city` VALUES ('3018', '', 'jianou', '200055', 'JO', '2000', null, '1', '118.304977', '27.022659', null);
INSERT INTO `bs_city` VALUES ('3019', '', 'jianyang', '200063', 'JY', '2000', null, '1', '118.12043', '27.331751', null);
INSERT INTO `bs_city` VALUES ('3020', '', 'jiuquan', '200072', 'JQ', '2000', null, '1', '98.493942', '39.732552', null);
INSERT INTO `bs_city` VALUES ('3021', '', 'jiayuguan', '200073', 'JYG', '2000', null, '1', '98.290108', '39.772011', null);
INSERT INTO `bs_city` VALUES ('3022', '', 'jinchang', '200074', 'JC', '2000', null, '1', '102.187592', '38.520061', null);
INSERT INTO `bs_city` VALUES ('3023', '', 'jiedong', '200079', 'JD', '2000', null, '1', '116.412109', '23.566059', null);
INSERT INTO `bs_city` VALUES ('3024', '', 'jiexi', '200098', 'JX', '2000', null, '1', '115.841888', '23.43141', null);
INSERT INTO `bs_city` VALUES ('3025', '', 'jinsha', '200126', 'JS', '2000', null, '1', '106.220139', '27.459221', null);
INSERT INTO `bs_city` VALUES ('3026', '', 'jingxian', '200156', 'JX', '2000', null, '1', '116.270599', '37.692341', null);
INSERT INTO `bs_city` VALUES ('3027', '', 'jiaxian', '200220', 'JX', '2000', null, '1', '113.212624', '33.971802', null);
INSERT INTO `bs_city` VALUES ('3028', '', 'junxian', '200235', 'JX', '2000', null, '1', '114.550781', '35.67617', null);
INSERT INTO `bs_city` VALUES ('3029', '', 'jianli', '200262', 'JL', '2000', null, '1', '112.904922', '29.839279', null);
INSERT INTO `bs_city` VALUES ('3030', '', 'jingshan', '200269', 'JS', '2000', null, '1', '113.11953', '31.01848', null);
INSERT INTO `bs_city` VALUES ('3031', '', 'jinshi', '200346', 'JS', '2000', null, '1', '111.877411', '29.605431', null);
INSERT INTO `bs_city` VALUES ('3032', '', 'jiaohe', '200360', 'JH', '2000', null, '1', '127.344772', '43.72393', null);
INSERT INTO `bs_city` VALUES ('3033', '', 'jiutai', '200363', 'JT', '2000', null, '1', '125.839493', '44.151741', null);
INSERT INTO `bs_city` VALUES ('3034', '', 'jiangdu', '200379', 'JD', '2000', null, '1', '119.570061', '32.434582', null);
INSERT INTO `bs_city` VALUES ('3035', '', 'jingjiang', '200392', 'JJ', '2000', null, '1', '120.274544', '32.014938', null);
INSERT INTO `bs_city` VALUES ('3036', '', 'jiangyan', '200396', 'JY', '2000', null, '1', '120.127007', '32.50882', null);
INSERT INTO `bs_city` VALUES ('3037', '', 'jianhu', '200397', 'JH', '2000', null, '1', '119.798576', '33.464062', null);
INSERT INTO `bs_city` VALUES ('3038', '', 'jurong', '200404', 'JR', '2000', null, '1', '119.16864', '31.94482', null);
INSERT INTO `bs_city` VALUES ('3039', '', 'jintan', '200406', 'JT', '2000', null, '1', '119.597939', '31.723221', null);
INSERT INTO `bs_city` VALUES ('3040', '', 'jinhu', '200413', 'JH', '2000', null, '1', '119.020432', '33.02359', null);
INSERT INTO `bs_city` VALUES ('3041', '', 'jinxian', '200433', 'JX', '2000', null, '1', '116.242493', '28.376789', null);
INSERT INTO `bs_city` VALUES ('3042', '', 'jishui', '200434', 'JS', '2000', null, '1', '115.135498', '27.229759', null);
INSERT INTO `bs_city` VALUES ('3043', '', 'jiaozhou', '200486', 'JZ', '2000', null, '1', '120.033539', '36.26445', null);
INSERT INTO `bs_city` VALUES ('3044', '', 'juye', '200491', 'JY', '2000', null, '1', '116.094948', '35.396332', null);
INSERT INTO `bs_city` VALUES ('3045', '', 'junan', '200496', 'JN', '2000', null, '1', '118.835426', '35.174858', null);
INSERT INTO `bs_city` VALUES ('3046', '', 'juxian', '200514', 'JX', '2000', null, '1', '118.836868', '35.579971', null);
INSERT INTO `bs_city` VALUES ('3047', '', 'juancheng', '200515', 'JC', '2000', null, '1', '115.510048', '35.563499', null);
INSERT INTO `bs_city` VALUES ('3048', '', 'jinxiang', '200522', 'JX', '2000', null, '1', '116.311478', '35.066608', null);
INSERT INTO `bs_city` VALUES ('3049', '', 'jiaxiang', '200534', 'JX', '2000', null, '1', '116.342491', '35.407501', null);
INSERT INTO `bs_city` VALUES ('3050', '', 'jiexiu', '200546', 'JX', '2000', null, '1', '111.916718', '37.0271', null);
INSERT INTO `bs_city` VALUES ('3051', '', 'jintang', '200589', 'JT', '2000', null, '1', '104.412048', '30.86203', null);
INSERT INTO `bs_city` VALUES ('3052', '', 'jinghai', '200595', 'JH', '2000', null, '1', '116.974281', '38.947369', null);
INSERT INTO `bs_city` VALUES ('3053', '', 'jixian', '200596', 'JX', '2000', null, '1', '117.408287', '40.045769', null);
INSERT INTO `bs_city` VALUES ('3054', '', 'jianshui', '200615', 'JS', '2000', null, '1', '102.826988', '23.634991', null);
INSERT INTO `bs_city` VALUES ('3055', '', 'jiashan', '200641', 'JS', '2000', null, '1', '120.927162', '30.83075', null);
INSERT INTO `bs_city` VALUES ('3056', '', 'jiangshan', '200653', 'JS', '2000', null, '1', '118.6269', '28.737249', null);
INSERT INTO `bs_city` VALUES ('3057', '', 'jiande', '200657', 'JD', '2000', null, '1', '119.281212', '29.474751', null);
INSERT INTO `bs_city` VALUES ('3058', '', 'jinyun', '200658', 'JY', '2000', null, '1', '120.091583', '28.659281', null);
INSERT INTO `bs_city` VALUES ('3059', '', 'jimo', '05321', 'JM', '9999', null, '1', '120.447151', '36.38932', null);
INSERT INTO `bs_city` VALUES ('3060', '', 'jinghong', '0691', 'JH', '9999', null, '1', '100.771629', '22.00008', null);
INSERT INTO `bs_city` VALUES ('3061', '', 'jiangyin', '05101', 'JY', '9999', null, '1', '120.2854', '31.92005', null);
INSERT INTO `bs_city` VALUES ('3062', '', 'jingbian', '610824', 'JBX', '9999', null, '1', '108.795677', '37.599312', null);
INSERT INTO `bs_city` VALUES ('3063', '', 'jinzhou', '130183', 'JZ', '9999', null, '1', '115.044098', '38.033562', null);
INSERT INTO `bs_city` VALUES ('3064', '', 'jize', '130431', 'JZ', '9999', null, '1', '114.878517', '36.914909', null);
INSERT INTO `bs_city` VALUES ('3065', '', 'julu', '130529', 'JL', '9999', null, '1', '115.03878', '37.217682', null);
INSERT INTO `bs_city` VALUES ('3066', '', 'jizhou', '131181', 'JZ', '9999', null, '1', '115.57917', '37.542789', null);
INSERT INTO `bs_city` VALUES ('3067', '', 'jishan', '140824', 'JS', '9999', null, '1', '110.978996', '35.60041', null);
INSERT INTO `bs_city` VALUES ('3068', '', 'jianchang', '211422', 'JC', '9999', null, '1', '119.804108', '40.81308', null);
INSERT INTO `bs_city` VALUES ('3069', '', 'jian', '220582', 'JA', '9999', null, '1', '126.186203', '41.126274', null);
INSERT INTO `bs_city` VALUES ('3070', '', 'jingyu', '220622', 'JY', '9999', null, '1', '126.808388', '42.38969', null);
INSERT INTO `bs_city` VALUES ('3071', '', 'jidong', '230321', 'JD', '9999', null, '1', '131.146378', '45.252918', null);
INSERT INTO `bs_city` VALUES ('3072', '', 'jixian', '230521', 'JX', '9999', null, '1', '131.139328', '46.728981', null);
INSERT INTO `bs_city` VALUES ('3073', '', 'jiayin', '230722', 'JY', '9999', null, '1', '130.39769', '48.891376', null);
INSERT INTO `bs_city` VALUES ('3074', '', 'jingningshezuzizhixian', '331127', 'JNSZZZX', '9999', null, '1', '119.634666', '27.977247', null);
INSERT INTO `bs_city` VALUES ('3075', '', 'jinzhai', '341524', 'JZ', '9999', null, '1', '115.878517', '31.681623', null);
INSERT INTO `bs_city` VALUES ('3076', '', 'jiangle', '350428', 'JL', '9999', null, '1', '117.473557', '26.728666', null);
INSERT INTO `bs_city` VALUES ('3077', '', 'jianning', '350430', 'JN', '9999', null, '1', '116.845833', '26.831398', null);
INSERT INTO `bs_city` VALUES ('3078', '', 'jiujiang', '360421', 'JJ', '9999', null, '1', '115.892975', '29.610264', null);
INSERT INTO `bs_city` VALUES ('3079', '', 'jianxian', '360821', 'JAX', '9999', null, '1', '114.905113', '27.040043', null);
INSERT INTO `bs_city` VALUES ('3080', '', 'jinggangshan', '360881', 'JGS', '9999', null, '1', '114.166115', '26.57053', null);
INSERT INTO `bs_city` VALUES ('3081', '', 'jingan', '360925', 'JA', '9999', null, '1', '115.361748', '28.86054', null);
INSERT INTO `bs_city` VALUES ('3082', '', 'jinxi', '361027', 'JX', '9999', null, '1', '116.778748', '27.907387', null);
INSERT INTO `bs_city` VALUES ('3083', '', 'jiyang', '370125', 'JY', '9999', null, '1', '117.176033', '36.976772', null);
INSERT INTO `bs_city` VALUES ('3084', '', 'jiangling', '421024', 'JL', '9999', null, '1', '112.417351', '30.033918', null);
INSERT INTO `bs_city` VALUES ('3085', '', 'jianshi', '422822', 'JS', '9999', null, '1', '109.723824', '30.601631', null);
INSERT INTO `bs_city` VALUES ('3086', '', 'jiahe', '431024', 'JH', '9999', null, '1', '112.370621', '25.587309', null);
INSERT INTO `bs_city` VALUES ('3087', '', 'jiangyong', '431125', 'JY', '9999', null, '1', '111.346802', '25.268154', null);
INSERT INTO `bs_city` VALUES ('3088', '', 'jianghuayaozuzizhixian', '431129', 'JHYZZZX', '9999', null, '1', '111.577278', '25.182596', null);
INSERT INTO `bs_city` VALUES ('3089', '', 'jiaoling', '441427', 'JLX', '9999', null, '1', '116.170532', '24.653313', null);
INSERT INTO `bs_city` VALUES ('3090', '', 'jingxi', '451025', 'JX', '9999', null, '1', '106.417549', '23.134766', null);
INSERT INTO `bs_city` VALUES ('3091', '', 'jingxing', '130121', 'JX', '9999', null, '1', '114.144485', '38.033615', null);
INSERT INTO `bs_city` VALUES ('3092', '', 'jinxiuyaozuzizhixian', '451324', 'JXYZZZX', '9999', null, '1', '110.188553', '24.134941', null);
INSERT INTO `bs_city` VALUES ('3093', '', 'jiangkou', '520621', 'JK', '9999', null, '1', '108.848427', '27.691904', null);
INSERT INTO `bs_city` VALUES ('3094', '', 'jinping', '522628', 'JP', '9999', null, '1', '109.202522', '26.680626', null);
INSERT INTO `bs_city` VALUES ('3095', '', 'jianhe', '522629', 'JH', '9999', null, '1', '108.589508', '26.652386', null);
INSERT INTO `bs_city` VALUES ('3096', '', 'jinning', '530122', 'JN', '9999', null, '1', '102.594986', '24.666945', null);
INSERT INTO `bs_city` VALUES ('3097', '', 'jiangchuan', '530421', 'JC', '9999', null, '1', '102.74984', '24.291006', null);
INSERT INTO `bs_city` VALUES ('3098', '', 'jingdongyizuzizhixian', '530823', 'JDYZZZX', '9999', null, '1', '100.840012', '24.448523', null);
INSERT INTO `bs_city` VALUES ('3099', '', 'jinggudaizuyizuzizhixian', '530824', 'JGDZYZZZX', '9999', null, '1', '100.701424', '23.500278', null);
INSERT INTO `bs_city` VALUES ('3100', '', 'jiangchenghanizuyizuzizhixian', '530826', 'JCHNZYZZZX', '9999', null, '1', '101.859146', '22.583361', null);
INSERT INTO `bs_city` VALUES ('3101', '', 'jinpingmiaozuyaozudaizuzizhixian', '532530', 'JPMZYZDZZZX', '9999', null, '1', '103.228355', '22.779982', null);
INSERT INTO `bs_city` VALUES ('3102', '', 'jianchuan', '532931', 'JC', '9999', null, '1', '99.905884', '26.530066', null);
INSERT INTO `bs_city` VALUES ('3103', '', 'jingyang', '610423', 'JY', '9999', null, '1', '108.837837', '34.528492', null);
INSERT INTO `bs_city` VALUES ('3104', '', 'jiuzhi', '632625', 'JZX', '9999', null, '1', '101.484886', '33.430218', null);
INSERT INTO `bs_city` VALUES ('3105', '', 'jiagedaqiqu', '232701', 'JGDQQ', '9999', null, '1', '124.126717', '50.424652', null);
INSERT INTO `bs_city` VALUES ('3106', '', 'kunming', '0871', 'KM', '2000', null, '1', '102.833221', '24.87966', null);
INSERT INTO `bs_city` VALUES ('3107', '', 'kaili', '0855', 'KL', '2000', null, '1', '107.9804', '26.56756', null);
INSERT INTO `bs_city` VALUES ('3108', '', 'kaifeng', '410203', 'KF', '2000', null, '1', '114.307312', '34.79726', null);
INSERT INTO `bs_city` VALUES ('3109', '', 'kuerle', '0996', 'KEL', '2000', null, '1', '86.173691', '41.726429', null);
INSERT INTO `bs_city` VALUES ('3110', '', 'kaixian', '10017', 'KX', '2000', null, '1', '108.393112', '31.16098', null);
INSERT INTO `bs_city` VALUES ('3111', '', 'kaiping', '200093', 'KP', '2000', null, '1', '112.698509', '22.376381', null);
INSERT INTO `bs_city` VALUES ('3112', '', 'kaiyuan', '200449', 'KY', '2000', null, '1', '124.0382', '42.546452', null);
INSERT INTO `bs_city` VALUES ('3113', '', 'kelamayi', '200599', 'KLMY', '2000', null, '1', '84.76297', '44.67762', null);
INSERT INTO `bs_city` VALUES ('3114', '', 'kashi', '200601', 'KS', '2000', null, '1', '75.993813', '39.46772', null);
INSERT INTO `bs_city` VALUES ('3115', '', 'kuche', '200604', 'KC', '2000', null, '1', '82.96212', '41.717411', null);
INSERT INTO `bs_city` VALUES ('3116', '', 'kaiyuan', '200616', 'KY', '2000', null, '1', '103.266762', '23.71434', null);
INSERT INTO `bs_city` VALUES ('3117', '', 'kunshan', '05122', 'KS', '9999', null, '1', '120.981812', '31.38475', null);
INSERT INTO `bs_city` VALUES ('3118', '', 'kangbao', '130723', 'KB', '9999', null, '1', '114.615807', '41.850044', null);
INSERT INTO `bs_city` VALUES ('3119', '', 'kuanchengmanzuzizhixian', '130827', 'KCMZZZX', '9999', null, '1', '118.48864', '40.607983', null);
INSERT INTO `bs_city` VALUES ('3120', '', 'keshiketengqi', '150425', 'KSKTQ', '9999', null, '1', '117.542465', '43.256233', null);
INSERT INTO `bs_city` VALUES ('3121', '', 'kalaqinqi', '150428', 'KLQQ', '9999', null, '1', '118.708572', '41.92778', null);
INSERT INTO `bs_city` VALUES ('3122', '', 'keerqinzuoyizhongqi', '150521', 'KEQZYZQ', '9999', null, '1', '123.313873', '44.127167', null);
INSERT INTO `bs_city` VALUES ('3123', '', 'keerqinzuoyihouqi', '150522', 'KEQZYHQ', '9999', null, '1', '122.355156', '42.954563', null);
INSERT INTO `bs_city` VALUES ('3124', '', 'kailu', '150523', 'KL', '9999', null, '1', '121.3088', '43.602432', null);
INSERT INTO `bs_city` VALUES ('3125', '', 'kulunqi', '150524', 'KLQ', '9999', null, '1', '121.774887', '42.734692', null);
INSERT INTO `bs_city` VALUES ('3126', '', 'keerqinyouyiqianqi', '152221', 'KEQYYQQ', '9999', null, '1', '121.957542', '46.076496', null);
INSERT INTO `bs_city` VALUES ('3127', '', 'keerqinyouyizhongqi', '152222', 'KEQYYZQ', '9999', null, '1', '121.472816', '45.059647', null);
INSERT INTO `bs_city` VALUES ('3128', '', 'kangping', '210123', 'KP', '9999', null, '1', '124.352699', '42.741531', null);
INSERT INTO `bs_city` VALUES ('3129', '', 'kuandianmanzuzizhixian', '210624', 'KDMZZZX', '9999', null, '1', '124.784866', '40.730412', null);
INSERT INTO `bs_city` VALUES ('3130', '', 'keshan', '230229', 'KS', '9999', null, '1', '125.874352', '48.034344', null);
INSERT INTO `bs_city` VALUES ('3131', '', 'kedong', '230230', 'KD', '9999', null, '1', '126.249092', '48.037319', null);
INSERT INTO `bs_city` VALUES ('3132', '', 'kaihua', '330824', 'KH', '9999', null, '1', '118.414436', '29.136503', null);
INSERT INTO `bs_city` VALUES ('3133', '', 'kenli', '370521', 'KLX', '9999', null, '1', '118.551315', '37.58868', null);
INSERT INTO `bs_city` VALUES ('3134', '', 'kaiyang', '520121', 'KY', '9999', null, '1', '106.969437', '27.056793', null);
INSERT INTO `bs_city` VALUES ('3135', '', 'kuitun', '654003', 'KT', '9999', null, '1', '84.901604', '44.423447', null);
INSERT INTO `bs_city` VALUES ('3136', '', 'luohe', '0395', 'LH', '1868', null, '1', '114.016808', '33.58149', null);
INSERT INTO `bs_city` VALUES ('3137', '', 'langfang', '0316', 'LF', '2000', null, '1', '116.756378', '39.02177', null);
INSERT INTO `bs_city` VALUES ('3138', '', 'lanzhou', '0931', 'LZ', '2000', null, '1', '103.125', '36.19622', null);
INSERT INTO `bs_city` VALUES ('3139', '', 'linyi', '0539', 'LY', '2000', null, '1', '118.356461', '35.104649', null);
INSERT INTO `bs_city` VALUES ('3140', '', 'lishui', '0578', 'LS', '2000', null, '1', '119.922928', '28.467199', null);
INSERT INTO `bs_city` VALUES ('3141', '', 'liuzhou', '0772', 'LZ', '2000', null, '1', '109.41552', '24.32543', null);
INSERT INTO `bs_city` VALUES ('3142', '', 'liaocheng', '0635', 'LC', '2000', null, '1', '115.985489', '36.45702', null);
INSERT INTO `bs_city` VALUES ('3143', '', 'luan', '0564', 'LA', '2000', null, '1', '116.523239', '31.73488', null);
INSERT INTO `bs_city` VALUES ('3144', '', 'lianyungang', '0518', 'LYG', '2000', null, '1', '119.222954', '34.596691', null);
INSERT INTO `bs_city` VALUES ('3145', '', 'luoyang', '0379', 'LY', '2000', null, '1', '112.453613', '34.618118', null);
INSERT INTO `bs_city` VALUES ('3146', '', 'luzhou', '0830', 'LZ', '2000', null, '1', '105.442574', '28.8717', null);
INSERT INTO `bs_city` VALUES ('3147', '', 'leshan', '0833', 'LS', '2000', null, '1', '103.765388', '29.55221', null);
INSERT INTO `bs_city` VALUES ('3148', '', 'loudi', '0738', 'LD', '2000', null, '1', '111.994583', '27.697281', null);
INSERT INTO `bs_city` VALUES ('3149', '', 'lijiang', '0888', 'LJ', '2000', null, '1', '100.227097', '26.85648', null);
INSERT INTO `bs_city` VALUES ('3150', '', 'linfen', '0357', 'LF', '2000', null, '1', '111.519623', '36.088219', null);
INSERT INTO `bs_city` VALUES ('3151', '', 'longyan', '0597', 'LY', '2000', null, '1', '117.01722', '25.075041', null);
INSERT INTO `bs_city` VALUES ('3152', '', 'luoding', '0766', 'LD', '2000', null, '1', '111.570038', '22.768299', null);
INSERT INTO `bs_city` VALUES ('3153', '', 'liaoyangshi', '0419', 'LYS', '2000', null, '1', '123.237358', '41.268089', null);
INSERT INTO `bs_city` VALUES ('3154', '', 'liaoyuan', '0437', 'LY', '2000', null, '1', '125.143677', '42.88805', null);
INSERT INTO `bs_city` VALUES ('3155', '', 'lasa', '0891', 'LS', '2000', null, '1', '91.114502', '29.64415', null);
INSERT INTO `bs_city` VALUES ('3156', '', 'lvliang', '0358', 'LL', '2000', null, '1', '111.141647', '37.519341', null);
INSERT INTO `bs_city` VALUES ('3157', '', 'laiwu', '0634', 'LW', '2000', null, '1', '117.676666', '36.213589', null);
INSERT INTO `bs_city` VALUES ('3158', '', 'liupanshui', '10019', 'LPS', '2000', null, '1', '104.746681', '26.68469', null);
INSERT INTO `bs_city` VALUES ('3159', '', 'lujiang', '200002', 'LJ', '2000', null, '1', '117.287361', '31.255671', null);
INSERT INTO `bs_city` VALUES ('3160', '', 'linquan', '200008', 'LQ', '2000', null, '1', '115.25811', '33.064571', null);
INSERT INTO `bs_city` VALUES ('3161', '', 'lixin', '200016', 'LX', '2000', null, '1', '116.208389', '33.14484', null);
INSERT INTO `bs_city` VALUES ('3162', '', 'lingbi', '200018', 'LB', '2000', null, '1', '117.558548', '33.54232', null);
INSERT INTO `bs_city` VALUES ('3163', '', 'longhai', '200044', 'LH', '2000', null, '1', '117.81813', '24.446581', null);
INSERT INTO `bs_city` VALUES ('3164', '', 'lianjiang', '200056', 'LJ', '2000', null, '1', '119.539574', '26.197531', null);
INSERT INTO `bs_city` VALUES ('3165', '', 'linxia', '200071', 'LX', '2000', null, '1', '103.243172', '35.6045', null);
INSERT INTO `bs_city` VALUES ('3166', '', 'lufeng', '200078', 'LF', '2000', null, '1', '115.644623', '22.94511', null);
INSERT INTO `bs_city` VALUES ('3167', '', 'lianjiang', '200084', 'LJ', '2000', null, '1', '110.286247', '21.609619', null);
INSERT INTO `bs_city` VALUES ('3168', '', 'leizhou', '200087', 'LZ', '2000', null, '1', '110.096512', '20.91444', null);
INSERT INTO `bs_city` VALUES ('3169', '', 'lingao', '200130', 'LG', '2000', null, '1', '109.690773', '19.91243', null);
INSERT INTO `bs_city` VALUES ('3170', '', 'linzhang', '200145', 'LZ', '2000', null, '1', '114.619553', '36.334641', null);
INSERT INTO `bs_city` VALUES ('3171', '', 'luanxian', '200146', 'LX', '2000', null, '1', '118.703506', '39.740582', null);
INSERT INTO `bs_city` VALUES ('3172', '', 'luannan', '200149', 'LN', '2000', null, '1', '118.068031', '39.166672', null);
INSERT INTO `bs_city` VALUES ('3173', '', 'longyao', '200153', 'LY', '2000', null, '1', '114.770309', '37.35025', null);
INSERT INTO `bs_city` VALUES ('3174', '', 'linzhou', '200185', 'LZ', '2000', null, '1', '113.819077', '36.08308', null);
INSERT INTO `bs_city` VALUES ('3175', '', 'luyi', '200189', 'LY', '2000', null, '1', '115.484428', '33.860088', null);
INSERT INTO `bs_city` VALUES ('3176', '', 'linying', '200195', 'LY', '2000', null, '1', '113.934433', '33.809582', null);
INSERT INTO `bs_city` VALUES ('3177', '', 'lingbao', '200205', 'LB', '2000', null, '1', '110.894562', '34.51685', null);
INSERT INTO `bs_city` VALUES ('3178', '', 'lushan', '200208', 'LS', '2000', null, '1', '112.90802', '33.738541', null);
INSERT INTO `bs_city` VALUES ('3179', '', 'lankao', '200227', 'LK', '2000', null, '1', '114.821152', '34.8223', null);
INSERT INTO `bs_city` VALUES ('3180', '', 'luoshan', '200241', 'LS', '2000', null, '1', '114.513069', '32.20314', null);
INSERT INTO `bs_city` VALUES ('3181', '', 'lichuan', '200280', 'LC', '2000', null, '1', '108.935951', '30.29121', null);
INSERT INTO `bs_city` VALUES ('3182', '', 'laohekou', '200281', 'LHK', '2000', null, '1', '111.675072', '32.386711', null);
INSERT INTO `bs_city` VALUES ('3183', '', 'luotian', '200283', 'LT', '2000', null, '1', '115.399429', '30.78397', null);
INSERT INTO `bs_city` VALUES ('3184', '', 'liuyang', '200296', 'LY', '2000', null, '1', '113.643173', '28.16378', null);
INSERT INTO `bs_city` VALUES ('3185', '', 'leiyang', '200298', 'LY', '2000', null, '1', '112.859879', '26.42243', null);
INSERT INTO `bs_city` VALUES ('3186', '', 'liling', '200299', 'LL', '2000', null, '1', '113.497032', '27.64617', null);
INSERT INTO `bs_city` VALUES ('3187', '', 'longhui', '200308', 'LH', '2000', null, '1', '111.032494', '27.114019', null);
INSERT INTO `bs_city` VALUES ('3188', '', 'lixian', '200313', 'LX', '2000', null, '1', '111.758682', '29.633181', null);
INSERT INTO `bs_city` VALUES ('3189', '', 'lianyuan', '200315', 'LY', '2000', null, '1', '111.664459', '27.692711', null);
INSERT INTO `bs_city` VALUES ('3190', '', 'lengshuijiang', '200325', 'LSJ', '2000', null, '1', '111.435249', '27.68615', null);
INSERT INTO `bs_city` VALUES ('3191', '', 'linxiang', '200328', 'LX', '2000', null, '1', '113.450577', '29.476839', null);
INSERT INTO `bs_city` VALUES ('3192', '', 'linli', '200344', 'LL', '2000', null, '1', '111.647346', '29.440981', null);
INSERT INTO `bs_city` VALUES ('3193', '', 'longshan', '200345', 'LS', '2000', null, '1', '109.443871', '29.457899', null);
INSERT INTO `bs_city` VALUES ('3194', '', 'lishu', '200355', 'LS', '2000', null, '1', '124.33564', '43.307171', null);
INSERT INTO `bs_city` VALUES ('3195', '', 'liyang', '200398', 'LY', '2000', null, '1', '119.484596', '31.415859', null);
INSERT INTO `bs_city` VALUES ('3196', '', 'lianshui', '200399', 'LS', '2000', null, '1', '119.260887', '33.780979', null);
INSERT INTO `bs_city` VALUES ('3197', '', 'lishui', '200411', 'LS', '2000', null, '1', '118.969948', '31.381029', null);
INSERT INTO `bs_city` VALUES ('3198', '', 'leping', '200419', 'LP', '2000', null, '1', '117.128998', '28.961729', null);
INSERT INTO `bs_city` VALUES ('3199', '', 'longnan', '200443', 'LN', '2000', null, '1', '114.789932', '24.911051', null);
INSERT INTO `bs_city` VALUES ('3200', '', 'lingyuan', '200455', 'LY', '2000', null, '1', '119.401337', '41.24548', null);
INSERT INTO `bs_city` VALUES ('3201', '', 'lanling', '200484', 'LL', '2000', null, '1', '118.070717', '34.857288', null);
INSERT INTO `bs_city` VALUES ('3202', '', 'longkou', '200490', 'LK', '2000', null, '1', '120.478722', '37.643452', null);
INSERT INTO `bs_city` VALUES ('3203', '', 'laixi', '200494', 'LX', '2000', null, '1', '120.517769', '36.888081', null);
INSERT INTO `bs_city` VALUES ('3204', '', 'laizhou', '200495', 'LZ', '2000', null, '1', '119.942169', '37.177021', null);
INSERT INTO `bs_city` VALUES ('3205', '', 'laiyang', '200498', 'LY', '2000', null, '1', '120.711807', '36.978779', null);
INSERT INTO `bs_city` VALUES ('3206', '', 'linqing', '200500', 'LQ', '2000', null, '1', '115.70504', '36.838341', null);
INSERT INTO `bs_city` VALUES ('3207', '', 'linshu', '200501', 'LS', '2000', null, '1', '118.650627', '34.919849', null);
INSERT INTO `bs_city` VALUES ('3208', '', 'linqu', '200519', 'LQ', '2000', null, '1', '118.542999', '36.51231', null);
INSERT INTO `bs_city` VALUES ('3209', '', 'liangshan', '200520', 'LS', '2000', null, '1', '116.09584', '35.802399', null);
INSERT INTO `bs_city` VALUES ('3210', '', 'leling', '200526', 'LL', '2000', null, '1', '117.231712', '37.72979', null);
INSERT INTO `bs_city` VALUES ('3211', '', 'linyi', '200532', 'LY', '2000', null, '1', '116.8666', '37.18998', null);
INSERT INTO `bs_city` VALUES ('3212', '', 'lingxian', '200539', 'LX', '2000', null, '1', '116.57634', '37.335659', null);
INSERT INTO `bs_city` VALUES ('3213', '', 'linyi', '200547', 'LY', '2000', null, '1', '110.774078', '35.144711', null);
INSERT INTO `bs_city` VALUES ('3214', '', 'longchang', '200569', 'LC', '2000', null, '1', '105.287727', '29.339479', null);
INSERT INTO `bs_city` VALUES ('3215', '', 'luxian', '200572', 'LX', '2000', null, '1', '105.381851', '29.1516', null);
INSERT INTO `bs_city` VALUES ('3216', '', 'langzhong', '200581', 'LZ', '2000', null, '1', '106.00499', '31.558371', null);
INSERT INTO `bs_city` VALUES ('3217', '', 'linshui', '200582', 'LS', '2000', null, '1', '106.930481', '30.334579', null);
INSERT INTO `bs_city` VALUES ('3218', '', 'luliang', '200609', 'LL', '2000', null, '1', '103.666832', '25.029409', null);
INSERT INTO `bs_city` VALUES ('3219', '', 'luoping', '200610', 'LP', '2000', null, '1', '104.308701', '24.88468', null);
INSERT INTO `bs_city` VALUES ('3220', '', 'leqing', '200624', 'LQ', '2000', null, '1', '120.983383', '28.11289', null);
INSERT INTO `bs_city` VALUES ('3221', '', 'linhai', '200628', 'LH', '2000', null, '1', '121.144951', '28.8584', null);
INSERT INTO `bs_city` VALUES ('3222', '', 'linan', '200643', 'LA', '2000', null, '1', '119.7248', '30.233829', null);
INSERT INTO `bs_city` VALUES ('3223', '', 'lanxi', '200652', 'LX', '2000', null, '1', '119.46051', '29.20838', null);
INSERT INTO `bs_city` VALUES ('3224', '', 'longyou', '200661', 'LY', '2000', null, '1', '119.172249', '29.028271', null);
INSERT INTO `bs_city` VALUES ('3225', '', 'longquan', '200663', 'LQ', '2000', null, '1', '119.141678', '28.074341', null);
INSERT INTO `bs_city` VALUES ('3226', '', 'liangping', '200676', 'LP', '2000', null, '1', '107.802353', '30.673731', null);
INSERT INTO `bs_city` VALUES ('3227', '', 'lingshuilizuzizhixian', '469028', 'LSLZZZX', '9999', null, '1', '110.037201', '18.50596', null);
INSERT INTO `bs_city` VALUES ('3228', '', 'lanxi', '231222', 'LX', '9999', null, '1', '126.28788', '46.252411', null);
INSERT INTO `bs_city` VALUES ('3229', '', 'longjiang', '230221', 'LJ', '9999', null, '1', '123.204826', '47.337372', null);
INSERT INTO `bs_city` VALUES ('3230', '', 'liaozhongqu', '210122', 'LZQ', '9999', null, '1', '122.731613', '41.511799', null);
INSERT INTO `bs_city` VALUES ('3231', '', 'lulong', '130324', 'LL', '9999', null, '1', '118.872932', '39.883953', null);
INSERT INTO `bs_city` VALUES ('3232', '', 'lincheng', '130522', 'LC', '9999', null, '1', '114.506874', '37.444008', null);
INSERT INTO `bs_city` VALUES ('3233', '', 'linxi', '130535', 'LX', '9999', null, '1', '115.498688', '36.864201', null);
INSERT INTO `bs_city` VALUES ('3234', '', 'laishui', '130623', 'LS', '9999', null, '1', '115.711983', '39.393147', null);
INSERT INTO `bs_city` VALUES ('3235', '', 'laiyuan', '130630', 'LY', '9999', null, '1', '114.692566', '39.357552', null);
INSERT INTO `bs_city` VALUES ('3236', '', 'lixian', '130635', 'LX', '9999', null, '1', '115.583633', '38.496429', null);
INSERT INTO `bs_city` VALUES ('3237', '', 'luanping', '130824', 'LP', '9999', null, '1', '117.337128', '40.936646', null);
INSERT INTO `bs_city` VALUES ('3238', '', 'longhua', '130825', 'LH', '9999', null, '1', '117.736343', '41.316666', null);
INSERT INTO `bs_city` VALUES ('3239', '', 'lingshi', '140729', 'LS', '9999', null, '1', '111.772758', '36.847469', null);
INSERT INTO `bs_city` VALUES ('3240', '', 'linxi', '150424', 'LX', '9999', null, '1', '118.057747', '43.605328', null);
INSERT INTO `bs_city` VALUES ('3241', '', 'lingshou', '130126', 'LS', '9999', null, '1', '114.379463', '38.306545', null);
INSERT INTO `bs_city` VALUES ('3242', '', 'liangcheng', '150925', 'LC', '9999', null, '1', '112.500908', '40.531628', null);
INSERT INTO `bs_city` VALUES ('3243', '', 'linghai', '210781', 'LH', '9999', null, '1', '121.364235', '41.171738', null);
INSERT INTO `bs_city` VALUES ('3244', '', 'liaoyangxian', '211021', 'LYX', '9999', null, '1', '123.079674', '41.21648', null);
INSERT INTO `bs_city` VALUES ('3245', '', 'liuhe', '220524', 'LH', '9999', null, '1', '125.74054', '42.281483', null);
INSERT INTO `bs_city` VALUES ('3246', '', 'linjiang', '220681', 'LJ', '9999', null, '1', '126.919296', '41.810688', null);
INSERT INTO `bs_city` VALUES ('3247', '', 'longjing', '222405', 'LJ', '9999', null, '1', '129.425751', '42.77103', null);
INSERT INTO `bs_city` VALUES ('3248', '', 'luobei', '230421', 'LB', '9999', null, '1', '130.544571', '47.429726', null);
INSERT INTO `bs_city` VALUES ('3249', '', 'lindian', '230623', 'LD', '9999', null, '1', '124.877739', '47.186413', null);
INSERT INTO `bs_city` VALUES ('3250', '', 'linkou', '231025', 'LK', '9999', null, '1', '130.268402', '45.286644', null);
INSERT INTO `bs_city` VALUES ('3251', '', 'luoyuan', '350123', 'LY', '9999', null, '1', '119.552643', '26.487234', null);
INSERT INTO `bs_city` VALUES ('3252', '', 'liancheng', '350825', 'LC', '9999', null, '1', '116.756683', '25.708506', null);
INSERT INTO `bs_city` VALUES ('3253', '', 'lianhua', '360321', 'LH', '9999', null, '1', '113.955582', '27.127808', null);
INSERT INTO `bs_city` VALUES ('3254', '', 'luxi', '360323', 'LX', '9999', null, '1', '114.041206', '27.633633', null);
INSERT INTO `bs_city` VALUES ('3255', '', 'lichuan', '361022', 'LC', '9999', null, '1', '116.914574', '27.292561', null);
INSERT INTO `bs_city` VALUES ('3256', '', 'lean', '361025', 'LA', '9999', null, '1', '115.838432', '27.420101', null);
INSERT INTO `bs_city` VALUES ('3257', '', 'lijin', '370522', 'LJX', '9999', null, '1', '118.248856', '37.493366', null);
INSERT INTO `bs_city` VALUES ('3258', '', 'luanchuan', '410324', 'LC', '9999', null, '1', '111.618385', '33.783195', null);
INSERT INTO `bs_city` VALUES ('3259', '', 'luoning', '410328', 'LN', '9999', null, '1', '111.655396', '34.38718', null);
INSERT INTO `bs_city` VALUES ('3260', '', 'lushi', '411224', 'LS', '9999', null, '1', '111.05265', '34.053993', null);
INSERT INTO `bs_city` VALUES ('3261', '', 'linwu', '431025', 'LW', '9999', null, '1', '112.56459', '25.279119', null);
INSERT INTO `bs_city` VALUES ('3262', '', 'lanshan', '431127', 'LS', '9999', null, '1', '112.194199', '25.375256', null);
INSERT INTO `bs_city` VALUES ('3263', '', 'lechang', '440281', 'LC', '9999', null, '1', '113.352409', '25.128445', null);
INSERT INTO `bs_city` VALUES ('3264', '', 'longmen', '441324', 'LM', '9999', null, '1', '114.259987', '23.723894', null);
INSERT INTO `bs_city` VALUES ('3265', '', 'luhe', '441523', 'LH', '9999', null, '1', '115.657562', '23.302683', null);
INSERT INTO `bs_city` VALUES ('3266', '', 'longchuan', '441622', 'LC', '9999', null, '1', '115.256416', '24.101173', null);
INSERT INTO `bs_city` VALUES ('3267', '', 'lianping', '441623', 'LP', '9999', null, '1', '114.495949', '24.364227', null);
INSERT INTO `bs_city` VALUES ('3268', '', 'longan', '450123', 'LA', '9999', null, '1', '107.68866', '23.174763', null);
INSERT INTO `bs_city` VALUES ('3269', '', 'liujiang', '450221', 'LJ', '9999', null, '1', '109.334503', '24.257511', null);
INSERT INTO `bs_city` VALUES ('3270', '', 'liucheng', '450222', 'LC', '9999', null, '1', '109.245811', '24.655121', null);
INSERT INTO `bs_city` VALUES ('3271', '', 'luzhai', '450223', 'LZ', '9999', null, '1', '109.740807', '24.483404', null);
INSERT INTO `bs_city` VALUES ('3272', '', 'lingchuan', '450323', 'LC', '9999', null, '1', '110.325714', '25.408541', null);
INSERT INTO `bs_city` VALUES ('3273', '', 'longshenggezuzizhixian', '450328', 'LSGZZZX', '9999', null, '1', '110.009422', '25.796429', null);
INSERT INTO `bs_city` VALUES ('3274', '', 'lipu', '450331', 'LP', '9999', null, '1', '110.400146', '24.497786', null);
INSERT INTO `bs_city` VALUES ('3275', '', 'lingshan', '450721', 'LSX', '9999', null, '1', '109.293465', '22.418041', null);
INSERT INTO `bs_city` VALUES ('3276', '', 'luchuan', '450922', 'LC', '9999', null, '1', '110.264839', '22.321054', null);
INSERT INTO `bs_city` VALUES ('3277', '', 'lingyun', '451027', 'LY', '9999', null, '1', '106.564873', '24.345642', null);
INSERT INTO `bs_city` VALUES ('3278', '', 'leye', '451028', 'LY', '9999', null, '1', '106.559639', '24.782204', null);
INSERT INTO `bs_city` VALUES ('3279', '', 'longlingezuzizhixian', '451031', 'LLGZZZX', '9999', null, '1', '105.342361', '24.774319', null);
INSERT INTO `bs_city` VALUES ('3280', '', 'luochengmulaozuzizhixian', '451225', 'LCMLZZZX', '9999', null, '1', '108.902451', '24.779327', null);
INSERT INTO `bs_city` VALUES ('3281', '', 'laibin', '451300', 'LB', '9999', null, '1', '109.229774', '23.733767', null);
INSERT INTO `bs_city` VALUES ('3282', '', 'lezhi', '512022', 'LZ', '9999', null, '1', '105.031143', '30.27562', null);
INSERT INTO `bs_city` VALUES ('3283', '', 'liangshanyizuzizhizhou', '513400', 'LSYZZZZ', '9999', null, '1', '102.258743', '27.886763', null);
INSERT INTO `bs_city` VALUES ('3284', '', 'laoting', '130225', 'LT', '9999', null, '1', '118.905342', '39.428131', null);
INSERT INTO `bs_city` VALUES ('3285', '', 'liping', '522631', 'LP', '9999', null, '1', '109.136505', '26.230637', null);
INSERT INTO `bs_city` VALUES ('3286', '', 'leishan', '522634', 'LS', '9999', null, '1', '108.079613', '26.381027', null);
INSERT INTO `bs_city` VALUES ('3287', '', 'libo', '522722', 'LB', '9999', null, '1', '107.883797', '25.412239', null);
INSERT INTO `bs_city` VALUES ('3288', '', 'luodian', '522728', 'LD', '9999', null, '1', '106.750008', '25.429893', null);
INSERT INTO `bs_city` VALUES ('3289', '', 'longli', '522730', 'LL', '9999', null, '1', '106.97773', '26.448809', null);
INSERT INTO `bs_city` VALUES ('3290', '', 'luquanyizumiaozuzizhixian', '530128', 'LQYZMZZZX', '9999', null, '1', '102.469048', '25.556534', null);
INSERT INTO `bs_city` VALUES ('3291', '', 'longling', '530523', 'LL', '9999', null, '1', '98.693565', '24.591911', null);
INSERT INTO `bs_city` VALUES ('3292', '', 'ludian', '530621', 'LD', '9999', null, '1', '103.549332', '27.191637', null);
INSERT INTO `bs_city` VALUES ('3293', '', 'lancanglahuzuzizhixian', '530828', 'LCLHZZZX', '9999', null, '1', '99.931198', '22.553083', null);
INSERT INTO `bs_city` VALUES ('3294', '', 'lincang', '530900', 'LC', '9999', null, '1', '100.086967', '23.886566', null);
INSERT INTO `bs_city` VALUES ('3295', '', 'lufeng', '532331', 'LF', '9999', null, '1', '102.075691', '25.14327', null);
INSERT INTO `bs_city` VALUES ('3296', '', 'luxi', '532527', 'LX', '9999', null, '1', '103.759621', '24.532368', null);
INSERT INTO `bs_city` VALUES ('3297', '', 'lvchun', '532531', 'LC', '9999', null, '1', '102.39286', '22.993521', null);
INSERT INTO `bs_city` VALUES ('3298', '', 'lianghe', '533122', 'LH', '9999', null, '1', '98.298195', '24.807421', null);
INSERT INTO `bs_city` VALUES ('3299', '', 'longchuan', '533124', 'LC', '9999', null, '1', '97.794441', '24.184065', null);
INSERT INTO `bs_city` VALUES ('3300', '', 'lushui', '533321', 'LS', '9999', null, '1', '98.854065', '25.851143', null);
INSERT INTO `bs_city` VALUES ('3301', '', 'lanpingbaizupumizuzizhixian', '533325', 'LPBZPMZZZX', '9999', null, '1', '99.421379', '26.453838', null);
INSERT INTO `bs_city` VALUES ('3302', '', 'linzhidiqu', '542600', 'LZDQ', '9999', null, '1', '94.36235', '29.654694', null);
INSERT INTO `bs_city` VALUES ('3303', '', 'lantian', '610122', 'LTX', '9999', null, '1', '109.317635', '34.156189', null);
INSERT INTO `bs_city` VALUES ('3304', '', 'luonan', '611021', 'LN', '9999', null, '1', '110.145714', '34.088501', null);
INSERT INTO `bs_city` VALUES ('3305', '', 'linze', '620723', 'LZ', '9999', null, '1', '100.166336', '39.152149', null);
INSERT INTO `bs_city` VALUES ('3306', '', 'longnan', '621200', 'LN', '9999', null, '1', '104.929382', '33.388599', null);
INSERT INTO `bs_city` VALUES ('3307', '', 'lingwu', '640181', 'LW', '9999', null, '1', '106.334702', '38.094059', null);
INSERT INTO `bs_city` VALUES ('3308', '', 'luquanqu', '130110', 'LQQ', '9999', null, '1', '114.313438', '38.085869', null);
INSERT INTO `bs_city` VALUES ('3309', '', 'luanchengqu', '130111', 'LCQ', '9999', null, '1', '114.648392', '37.900249', null);
INSERT INTO `bs_city` VALUES ('3310', '', 'linguiqu', '450312', 'LGQ', '9999', null, '1', '110.201714', '25.24774', null);
INSERT INTO `bs_city` VALUES ('3311', '', 'linxiangqu', '530902', 'LXQ', '9999', null, '1', '100.086487', '23.886562', null);
INSERT INTO `bs_city` VALUES ('3312', '', 'lintongqu', '610115', 'LTQ', '9999', null, '1', '109.213989', '34.372066', null);
INSERT INTO `bs_city` VALUES ('3313', '', 'meizhou', '0753', 'MZ', '2000', null, '1', '116.122643', '24.288441', null);
INSERT INTO `bs_city` VALUES ('3314', '', 'mianyang', '0816', 'MY', '2000', null, '1', '104.679604', '31.46751', null);
INSERT INTO `bs_city` VALUES ('3315', '', 'maanshan', '0555', 'MAS', '2000', null, '1', '118.506111', '31.67067', null);
INSERT INTO `bs_city` VALUES ('3316', '', 'maoming', '0668', 'MM', '2000', null, '1', '110.925232', '21.66329', null);
INSERT INTO `bs_city` VALUES ('3317', '', 'mudanjiang', '0453', 'MDJ', '2000', null, '1', '129.632446', '44.552689', null);
INSERT INTO `bs_city` VALUES ('3318', '', 'meishan', '0281', 'MS', '2000', null, '1', '103.848511', '30.07563', null);
INSERT INTO `bs_city` VALUES ('3319', '', 'mianzhu', '08381', 'MZ', '2000', null, '1', '104.220833', '31.337761', null);
INSERT INTO `bs_city` VALUES ('3320', '', 'mengcheng', '200015', 'MC', '2000', null, '1', '116.564499', '33.265839', null);
INSERT INTO `bs_city` VALUES ('3321', '', 'mingguang', '200032', 'MG', '2000', null, '1', '117.989441', '32.776989', null);
INSERT INTO `bs_city` VALUES ('3322', '', 'miyun', '200039', 'MY', '2000', null, '1', '116.84317', '40.376251', null);
INSERT INTO `bs_city` VALUES ('3323', '', 'minhou', '200048', 'MH', '2000', null, '1', '119.131393', '26.150209', null);
INSERT INTO `bs_city` VALUES ('3324', '', 'meixian', '200105', 'MX', '2000', null, '1', '116.082451', '24.26539', null);
INSERT INTO `bs_city` VALUES ('3325', '', 'minquan', '200225', 'MQ', '2000', null, '1', '115.147659', '34.646912', null);
INSERT INTO `bs_city` VALUES ('3326', '', 'macheng', '200265', 'MC', '2000', null, '1', '115.00869', '31.17333', null);
INSERT INTO `bs_city` VALUES ('3327', '', 'miluo', '200302', 'ML', '2000', null, '1', '113.067108', '28.806419', null);
INSERT INTO `bs_city` VALUES ('3328', '', 'meihekou', '200353', 'MHK', '2000', null, '1', '125.712097', '42.538731', null);
INSERT INTO `bs_city` VALUES ('3329', '', 'manzhouli', '200463', 'MZL', '2000', null, '1', '117.378357', '49.59655', null);
INSERT INTO `bs_city` VALUES ('3330', '', 'mengyin', '200540', 'MY', '2000', null, '1', '117.944939', '35.710098', null);
INSERT INTO `bs_city` VALUES ('3331', '', 'mile', '200611', 'ML', '2000', null, '1', '103.41465', '24.410509', null);
INSERT INTO `bs_city` VALUES ('3332', '', 'mohe', '333333', 'MH', '2000', null, '1', '122.538643', '52.972092', null);
INSERT INTO `bs_city` VALUES ('3333', '', 'mengzi', '08731', 'MZ', '9999', null, '1', '103.364807', '23.396219', null);
INSERT INTO `bs_city` VALUES ('3334', '', 'manchengxian', '130621', 'MCX', '9999', null, '1', '115.322166', '38.948921', null);
INSERT INTO `bs_city` VALUES ('3335', '', 'mengcunhuizuzizhixian', '130930', 'MCHZZZX', '9999', null, '1', '117.105103', '38.057953', null);
INSERT INTO `bs_city` VALUES ('3336', '', 'molidawadawoerzuzizhiqi', '150722', 'MLDWDWEZZZQ', '9999', null, '1', '124.507401', '48.478386', null);
INSERT INTO `bs_city` VALUES ('3337', '', 'mulan', '230127', 'ML', '9999', null, '1', '128.042679', '45.949825', null);
INSERT INTO `bs_city` VALUES ('3338', '', 'mishan', '230382', 'MS', '9999', null, '1', '131.872726', '45.5457', null);
INSERT INTO `bs_city` VALUES ('3339', '', 'muleng', '231085', 'ML', '9999', null, '1', '130.527084', '44.91967', null);
INSERT INTO `bs_city` VALUES ('3340', '', 'mingshui', '231225', 'MS', '9999', null, '1', '125.907547', '47.183529', null);
INSERT INTO `bs_city` VALUES ('3341', '', 'minqing', '350124', 'MQ', '9999', null, '1', '118.868416', '26.223793', null);
INSERT INTO `bs_city` VALUES ('3342', '', 'mingxi', '350421', 'MX', '9999', null, '1', '117.201843', '26.357374', null);
INSERT INTO `bs_city` VALUES ('3343', '', 'mengjin', '410322', 'MJ', '9999', null, '1', '112.443893', '34.826485', null);
INSERT INTO `bs_city` VALUES ('3344', '', 'mengzhou', '410883', 'MZ', '9999', null, '1', '112.787079', '34.90963', null);
INSERT INTO `bs_city` VALUES ('3345', '', 'mianchi', '411221', 'MC', '9999', null, '1', '111.762993', '34.763489', null);
INSERT INTO `bs_city` VALUES ('3346', '', 'mashan', '450124', 'MS', '9999', null, '1', '108.172905', '23.711758', null);
INSERT INTO `bs_city` VALUES ('3347', '', 'mengshan', '450423', 'MS', '9999', null, '1', '110.522598', '24.199829', null);
INSERT INTO `bs_city` VALUES ('3348', '', 'meitan', '520328', 'MT', '9999', null, '1', '107.485725', '27.765839', null);
INSERT INTO `bs_city` VALUES ('3349', '', 'majiang', '522635', 'MJ', '9999', null, '1', '107.59317', '26.494802', null);
INSERT INTO `bs_city` VALUES ('3350', '', 'malong', '530321', 'ML', '9999', null, '1', '103.578758', '25.429451', null);
INSERT INTO `bs_city` VALUES ('3351', '', 'mojianghanizuzizhixian', '530822', 'MJHNZZZX', '9999', null, '1', '101.687607', '23.428165', null);
INSERT INTO `bs_city` VALUES ('3352', '', 'mengliandaizulahuzuwazuzizhixian', '530827', 'MLDZLHZWZZZX', '9999', null, '1', '99.585403', '22.325924', null);
INSERT INTO `bs_city` VALUES ('3353', '', 'mouding', '532323', 'MD', '9999', null, '1', '101.543045', '25.312111', null);
INSERT INTO `bs_city` VALUES ('3354', '', 'malipo', '532624', 'MLP', '9999', null, '1', '104.701897', '23.124203', null);
INSERT INTO `bs_city` VALUES ('3355', '', 'maguan', '532625', 'MG', '9999', null, '1', '104.398621', '23.011723', null);
INSERT INTO `bs_city` VALUES ('3356', '', 'menghai', '532822', 'MH', '9999', null, '1', '100.448288', '21.955866', null);
INSERT INTO `bs_city` VALUES ('3357', '', 'mengla', '532823', 'ML', '9999', null, '1', '101.567055', '21.479448', null);
INSERT INTO `bs_city` VALUES ('3358', '', 'midu', '532925', 'MD', '9999', null, '1', '100.490669', '25.342594', null);
INSERT INTO `bs_city` VALUES ('3359', '', 'mangshi', '533103', 'MS', '9999', null, '1', '98.577606', '24.436699', null);
INSERT INTO `bs_city` VALUES ('3360', '', 'mianxian', '610725', 'MX', '9999', null, '1', '106.680176', '33.155617', null);
INSERT INTO `bs_city` VALUES ('3361', '', 'minle', '620722', 'ML', '9999', null, '1', '100.81662', '38.434456', null);
INSERT INTO `bs_city` VALUES ('3362', '', 'maqin', '632621', 'MQX', '9999', null, '1', '100.24353', '34.473385', null);
INSERT INTO `bs_city` VALUES ('3363', '', 'maduo', '632626', 'MDX', '9999', null, '1', '98.211342', '34.915279', null);
INSERT INTO `bs_city` VALUES ('3364', '', 'nanjing', '025', 'NJ', '5', null, '1', '118.504669', '31.84178', '1');
INSERT INTO `bs_city` VALUES ('3365', '', 'ningbo', '0574', 'NB', '18', null, '1', '121.55027', '29.873859', null);
INSERT INTO `bs_city` VALUES ('3366', '', 'nanchang', '0791', 'NC', '2000', null, '1', '115.857941', '28.68202', null);
INSERT INTO `bs_city` VALUES ('3367', '', 'nantong', '0513', 'NT', '2000', null, '1', '120.893707', '31.97958', null);
INSERT INTO `bs_city` VALUES ('3368', '', 'nanning', '0771', 'NN', '2000', null, '1', '108.366898', '22.81673', null);
INSERT INTO `bs_city` VALUES ('3369', '', 'nanchong', '0817', 'NC', '2000', null, '1', '106.110733', '30.837311', null);
INSERT INTO `bs_city` VALUES ('3370', '', 'neijiang', '0832', 'NJ', '2000', null, '1', '105.058441', '29.580151', null);
INSERT INTO `bs_city` VALUES ('3371', '', 'nanping', '0599', 'NP', '2000', null, '1', '118.177834', '26.64152', null);
INSERT INTO `bs_city` VALUES ('3372', '', 'nanyang', '0377', 'NY', '2000', null, '1', '112.528511', '32.99073', null);
INSERT INTO `bs_city` VALUES ('3373', '', 'ningde', '0593', 'ND', '2000', null, '1', '119.548187', '26.66571', null);
INSERT INTO `bs_city` VALUES ('3374', '', 'nanan', '10020', 'NA', '2000', null, '1', '106.562561', '29.521681', null);
INSERT INTO `bs_city` VALUES ('3375', '', 'nanchuan', '10021', 'NC', '2000', null, '1', '107.098961', '29.157881', null);
INSERT INTO `bs_city` VALUES ('3376', '', 'ningguo', '200026', 'NG', '2000', null, '1', '118.98336', '30.63364', null);
INSERT INTO `bs_city` VALUES ('3377', '', 'nanan', '200041', 'NA', '2000', null, '1', '118.386269', '24.9604', null);
INSERT INTO `bs_city` VALUES ('3378', '', 'nayong', '200125', 'NY', '2000', null, '1', '105.38269', '26.7777', null);
INSERT INTO `bs_city` VALUES ('3379', '', 'ningjin', '200136', 'NJ', '2000', null, '1', '114.919319', '37.619801', null);
INSERT INTO `bs_city` VALUES ('3380', '', 'nangong', '200162', 'NG', '2000', null, '1', '115.408661', '37.357948', null);
INSERT INTO `bs_city` VALUES ('3381', '', 'nanzhao', '200233', 'NZ', '2000', null, '1', '112.429138', '33.489792', null);
INSERT INTO `bs_city` VALUES ('3382', '', 'neixiang', '200237', 'NX', '2000', null, '1', '111.849258', '33.04483', null);
INSERT INTO `bs_city` VALUES ('3383', '', 'nenjiang', '200249', 'NJ', '2000', null, '1', '125.22094', '49.185719', null);
INSERT INTO `bs_city` VALUES ('3384', '', 'nehe', '200252', 'NH', '2000', null, '1', '124.883972', '48.484192', null);
INSERT INTO `bs_city` VALUES ('3385', '', 'nanzhang', '200288', 'NZ', '2000', null, '1', '111.83902', '31.77471', null);
INSERT INTO `bs_city` VALUES ('3386', '', 'ningxiang', '200297', 'NX', '2000', null, '1', '112.551826', '28.277411', null);
INSERT INTO `bs_city` VALUES ('3387', '', 'nanxian', '200311', 'NX', '2000', null, '1', '112.396362', '29.36162', null);
INSERT INTO `bs_city` VALUES ('3388', '', 'ningyuan', '200317', 'NY', '2000', null, '1', '111.94445', '25.569189', null);
INSERT INTO `bs_city` VALUES ('3389', '', 'nongan', '200361', 'NA', '2000', null, '1', '125.18512', '44.43195', null);
INSERT INTO `bs_city` VALUES ('3390', '', 'nankang', '200418', 'NK', '2000', null, '1', '114.76535', '25.66144', null);
INSERT INTO `bs_city` VALUES ('3391', '', 'ningdu', '200427', 'ND', '2000', null, '1', '116.009407', '26.47019', null);
INSERT INTO `bs_city` VALUES ('3392', '', 'ningyang', '200513', 'NY', '2000', null, '1', '116.807266', '35.759609', null);
INSERT INTO `bs_city` VALUES ('3393', '', 'nanbu', '200579', 'NB', '2000', null, '1', '106.067337', '31.353161', null);
INSERT INTO `bs_city` VALUES ('3394', '', 'ninghe', '200597', 'NH', '2000', null, '1', '117.824738', '39.330761', null);
INSERT INTO `bs_city` VALUES ('3395', '', 'ninghai', '200636', 'NH', '2000', null, '1', '121.429611', '29.288071', null);
INSERT INTO `bs_city` VALUES ('3396', '', 'ninghua', '350424', 'NH', '9999', null, '1', '116.654427', '26.26178', null);
INSERT INTO `bs_city` VALUES ('3397', '', 'neiqiu', '130523', 'NQ', '9999', null, '1', '114.51152', '37.287663', null);
INSERT INTO `bs_city` VALUES ('3398', '', 'nanhe', '130527', 'NH', '9999', null, '1', '114.691376', '37.003811', null);
INSERT INTO `bs_city` VALUES ('3399', '', 'nanpi', '130927', 'NP', '9999', null, '1', '116.709167', '38.042439', null);
INSERT INTO `bs_city` VALUES ('3400', '', 'ningcheng', '150429', 'NC', '9999', null, '1', '119.339241', '41.598694', null);
INSERT INTO `bs_city` VALUES ('3401', '', 'naimanqi', '150525', 'NMQ', '9999', null, '1', '120.662544', '42.846851', null);
INSERT INTO `bs_city` VALUES ('3402', '', 'ningan', '231084', 'NA', '9999', null, '1', '129.470016', '44.346836', null);
INSERT INTO `bs_city` VALUES ('3403', '', 'nanling', '340223', 'NL', '9999', null, '1', '118.337105', '30.919638', null);
INSERT INTO `bs_city` VALUES ('3404', '', 'nanjing', '350627', 'NJ', '9999', null, '1', '117.365463', '24.516424', null);
INSERT INTO `bs_city` VALUES ('3405', '', 'nancheng', '361021', 'NC', '9999', null, '1', '116.63945', '27.555309', null);
INSERT INTO `bs_city` VALUES ('3406', '', 'nanfeng', '361023', 'NF', '9999', null, '1', '116.532997', '27.210133', null);
INSERT INTO `bs_city` VALUES ('3407', '', 'ningjin', '371422', 'NJ', '9999', null, '1', '116.793716', '37.64962', null);
INSERT INTO `bs_city` VALUES ('3408', '', 'neihuang', '410527', 'NH', '9999', null, '1', '114.904579', '35.953701', null);
INSERT INTO `bs_city` VALUES ('3409', '', 'nanle', '410923', 'NL', '9999', null, '1', '115.204338', '36.075203', null);
INSERT INTO `bs_city` VALUES ('3410', '', 'ningling', '411423', 'NL', '9999', null, '1', '115.320053', '34.449299', null);
INSERT INTO `bs_city` VALUES ('3411', '', 'nanxiongshi', '440282', 'NXS', '9999', null, '1', '114.311234', '25.115328', null);
INSERT INTO `bs_city` VALUES ('3412', '', 'napo', '451026', 'NP', '9999', null, '1', '105.833549', '23.400785', null);
INSERT INTO `bs_city` VALUES ('3413', '', 'nandan', '451221', 'ND', '9999', null, '1', '107.546608', '24.983192', null);
INSERT INTO `bs_city` VALUES ('3414', '', 'ninglangyizuzizhixian', '530724', 'NLYZZZX', '9999', null, '1', '100.852425', '27.281109', null);
INSERT INTO `bs_city` VALUES ('3415', '', 'ningerhanizuyizuzizhixian', '530821', 'NEHNZYZZZX', '9999', null, '1', '101.045242', '23.062508', null);
INSERT INTO `bs_city` VALUES ('3416', '', 'nanhua', '532324', 'NH', '9999', null, '1', '101.274994', '25.192408', null);
INSERT INTO `bs_city` VALUES ('3417', '', 'nanjianyizuzizhixian', '532926', 'NJYZZZX', '9999', null, '1', '100.518684', '25.041279', null);
INSERT INTO `bs_city` VALUES ('3418', '', 'naqudiqu', '542400', 'NQDQ', '9999', null, '1', '92.058083', '31.47694', null);
INSERT INTO `bs_city` VALUES ('3419', '', 'nanchaqu', '230703', 'NCQ', '9999', null, '1', '129.282455', '47.137314', null);
INSERT INTO `bs_city` VALUES ('3420', '', 'panjin', '0427', 'PJ', '80', null, '1', '122.070778', '41.119961', null);
INSERT INTO `bs_city` VALUES ('3421', '', 'pingxiang', '0799', 'PX', '2000', null, '1', '113.854271', '27.62289', null);
INSERT INTO `bs_city` VALUES ('3422', '', 'putian', '0594', 'PT', '2000', null, '1', '119.007713', '25.454', null);
INSERT INTO `bs_city` VALUES ('3423', '', 'pingdingshan', '0375', 'PDS', '2000', null, '1', '113.192413', '33.76609', null);
INSERT INTO `bs_city` VALUES ('3424', '', 'puer', '0879', 'PE', '2000', null, '1', '100.96624', '22.825211', null);
INSERT INTO `bs_city` VALUES ('3425', '', 'panzhihua', '0812', 'PZH', '2000', null, '1', '101.718719', '26.582279', null);
INSERT INTO `bs_city` VALUES ('3426', '', 'pinghe', '200062', 'PH', '2000', null, '1', '117.315872', '24.36344', null);
INSERT INTO `bs_city` VALUES ('3427', '', 'pucheng', '200066', 'PC', '2000', null, '1', '118.541382', '27.91721', null);
INSERT INTO `bs_city` VALUES ('3428', '', 'pingliang', '200070', 'PL', '2000', null, '1', '106.665298', '35.54303', null);
INSERT INTO `bs_city` VALUES ('3429', '', 'puning', '200075', 'PN', '2000', null, '1', '116.165688', '23.297359', null);
INSERT INTO `bs_city` VALUES ('3430', '', 'pingnan', '200115', 'PN', '2000', null, '1', '110.392151', '23.53919', null);
INSERT INTO `bs_city` VALUES ('3431', '', 'panxian', '200124', 'PX', '2000', null, '1', '104.471581', '25.70993', null);
INSERT INTO `bs_city` VALUES ('3432', '', 'pingyu', '200210', 'PY', '2000', null, '1', '114.619408', '32.96183', null);
INSERT INTO `bs_city` VALUES ('3433', '', 'pingjiang', '200303', 'PJ', '2000', null, '1', '113.581337', '28.70203', null);
INSERT INTO `bs_city` VALUES ('3434', '', 'panshi', '200356', 'PS', '2000', null, '1', '126.060463', '42.946621', null);
INSERT INTO `bs_city` VALUES ('3435', '', 'pizhou', '200373', 'PZ', '2000', null, '1', '118.012459', '34.335201', null);
INSERT INTO `bs_city` VALUES ('3436', '', 'peixian', '200376', 'PX', '2000', null, '1', '116.9375', '34.721661', null);
INSERT INTO `bs_city` VALUES ('3437', '', 'poyang', '200416', 'PY', '2000', null, '1', '116.70343', '29.00563', null);
INSERT INTO `bs_city` VALUES ('3438', '', 'pulandian', '200446', 'PLD', '2000', null, '1', '121.963226', '39.394428', null);
INSERT INTO `bs_city` VALUES ('3439', '', 'pingdu', '200479', 'PD', '2000', null, '1', '119.959938', '36.786701', null);
INSERT INTO `bs_city` VALUES ('3440', '', 'pingyi', '200497', 'PY', '2000', null, '1', '117.64048', '35.505871', null);
INSERT INTO `bs_city` VALUES ('3441', '', 'pingyao', '200551', 'PY', '2000', null, '1', '112.175568', '37.189339', null);
INSERT INTO `bs_city` VALUES ('3442', '', 'pixian', '200558', 'PX', '2000', null, '1', '103.902557', '30.795891', null);
INSERT INTO `bs_city` VALUES ('3443', '', 'pengzhou', '200575', 'PZ', '2000', null, '1', '103.958107', '30.990179', null);
INSERT INTO `bs_city` VALUES ('3444', '', 'pingchang', '200580', 'PC', '2000', null, '1', '107.103577', '31.560539', null);
INSERT INTO `bs_city` VALUES ('3445', '', 'pengan', '200587', 'PA', '2000', null, '1', '106.4123', '31.028601', null);
INSERT INTO `bs_city` VALUES ('3446', '', 'pinghu', '200634', 'PH', '2000', null, '1', '121.01606', '30.67585', null);
INSERT INTO `bs_city` VALUES ('3447', '', 'pingyang', '200639', 'PY', '2000', null, '1', '120.565948', '27.6621', null);
INSERT INTO `bs_city` VALUES ('3448', '', 'pujiang', '200645', 'PJ', '2000', null, '1', '119.892059', '29.452511', null);
INSERT INTO `bs_city` VALUES ('3449', '', 'puyang', '03931', 'PA', '9999', null, '1', '115.498688', '35.895161', null);
INSERT INTO `bs_city` VALUES ('3450', '', 'pinggu', '110117', 'PG', '9999', null, '1', '117.121407', '40.140621', null);
INSERT INTO `bs_city` VALUES ('3451', '', 'puyangxian', '410928', 'PY', '9999', null, '1', '115.02903', '35.712212', null);
INSERT INTO `bs_city` VALUES ('3452', '', 'pingxiang', '130532', 'PX', '9999', null, '1', '115.029221', '37.069405', null);
INSERT INTO `bs_city` VALUES ('3453', '', 'pingquan', '130823', 'PQ', '9999', null, '1', '118.690239', '41.005611', null);
INSERT INTO `bs_city` VALUES ('3454', '', 'panan', '330727', 'PA', '9999', null, '1', '120.445129', '29.052628', null);
INSERT INTO `bs_city` VALUES ('3455', '', 'pingtan', '350128', 'PT', '9999', null, '1', '119.791199', '25.503672', null);
INSERT INTO `bs_city` VALUES ('3456', '', 'pingnan', '350923', 'PN', '9999', null, '1', '118.987541', '26.910826', null);
INSERT INTO `bs_city` VALUES ('3457', '', 'pengze', '360430', 'PZX', '9999', null, '1', '116.55584', '29.898865', null);
INSERT INTO `bs_city` VALUES ('3458', '', 'pingyin', '370124', 'PY', '9999', null, '1', '116.455055', '36.286922', null);
INSERT INTO `bs_city` VALUES ('3459', '', 'penglai', '370684', 'PL', '9999', null, '1', '120.762688', '37.811169', null);
INSERT INTO `bs_city` VALUES ('3460', '', 'pingyuan', '441426', 'PY', '9999', null, '1', '115.891731', '24.569651', null);
INSERT INTO `bs_city` VALUES ('3461', '', 'pingle', '450330', 'PL', '9999', null, '1', '110.642822', '24.632215', null);
INSERT INTO `bs_city` VALUES ('3462', '', 'pubei', '450722', 'PB', '9999', null, '1', '109.556343', '22.268335', null);
INSERT INTO `bs_city` VALUES ('3463', '', 'pingguo', '451023', 'PG', '9999', null, '1', '107.580406', '23.320478', null);
INSERT INTO `bs_city` VALUES ('3464', '', 'pingxiang', '451481', 'PX', '9999', null, '1', '106.759041', '22.108883', null);
INSERT INTO `bs_city` VALUES ('3465', '', 'pujiang', '510131', 'PJ', '9999', null, '1', '103.511543', '30.194359', null);
INSERT INTO `bs_city` VALUES ('3466', '', 'pengshanqu', '511403', 'PSQ', '9999', null, '1', '103.870102', '30.192299', null);
INSERT INTO `bs_city` VALUES ('3467', '', 'pingba', '520421', 'PB', '9999', null, '1', '106.259941', '26.40608', null);
INSERT INTO `bs_city` VALUES ('3468', '', 'puding', '520422', 'PD', '9999', null, '1', '105.745605', '26.305794', null);
INSERT INTO `bs_city` VALUES ('3469', '', 'puan', '522323', 'PA', '9999', null, '1', '104.955345', '25.786404', null);
INSERT INTO `bs_city` VALUES ('3470', '', 'pingtang', '522727', 'PT', '9999', null, '1', '107.324051', '25.831802', null);
INSERT INTO `bs_city` VALUES ('3471', '', 'pingbianmiaozuzizhixian', '532523', 'PBMZZZX', '9999', null, '1', '103.687225', '22.987013', null);
INSERT INTO `bs_city` VALUES ('3472', '', 'pucheng', '610526', 'PC', '9999', null, '1', '109.589653', '34.956036', null);
INSERT INTO `bs_city` VALUES ('3473', '', 'pingluo', '640221', 'PL', '9999', null, '1', '106.544891', '38.906738', null);
INSERT INTO `bs_city` VALUES ('3474', '', 'pingshan', '130131', 'PS', '9999', null, '1', '114.20929', '38.25449', null);
INSERT INTO `bs_city` VALUES ('3475', '', 'qingdao', '0532', 'QD', '15', null, '1', '120.382988', '36.066231', '1');
INSERT INTO `bs_city` VALUES ('3476', '', 'qingyang', '0934', 'QY', '1900', null, '1', '107.642921', '35.709782', null);
INSERT INTO `bs_city` VALUES ('3477', '', 'qinhuangdao', '0335', 'QHD', '2000', null, '1', '119.59964', '39.935452', null);
INSERT INTO `bs_city` VALUES ('3478', '', 'qiqihaer', '0452', 'QQHE', '2000', null, '1', '123.917961', '47.354309', null);
INSERT INTO `bs_city` VALUES ('3479', '', 'quanzhou', '0595', 'QZ', '2000', null, '1', '118.675873', '24.87389', null);
INSERT INTO `bs_city` VALUES ('3480', '', 'qinzhou', '0777', 'QZ', '2000', null, '1', '108.654312', '21.9797', null);
INSERT INTO `bs_city` VALUES ('3481', '', 'quzhou', '0570', 'QZ', '2000', null, '1', '118.874191', '28.935921', null);
INSERT INTO `bs_city` VALUES ('3482', '', 'qujingshi', '0874', 'QJS', '2000', null, '1', '103.796249', '25.490021', null);
INSERT INTO `bs_city` VALUES ('3483', '', 'qionghai', '469002', 'QH', '2000', null, '1', '110.47464', '19.258381', null);
INSERT INTO `bs_city` VALUES ('3484', '', 'qijiang', '10022', 'QJ', '2000', null, '1', '106.92852', '28.96463', null);
INSERT INTO `bs_city` VALUES ('3485', '', 'qianjiang', '10023', 'QJ', '2000', null, '1', '112.8993', '30.40147', null);
INSERT INTO `bs_city` VALUES ('3486', '', 'quanjiao', '200037', 'QJ', '2000', null, '1', '118.273033', '32.0853', null);
INSERT INTO `bs_city` VALUES ('3487', '', 'qianshan', '200038', 'QS', '2000', null, '1', '116.581329', '30.631069', null);
INSERT INTO `bs_city` VALUES ('3488', '', 'qingxin', '200095', 'QX', '2000', null, '1', '113.016579', '23.734739', null);
INSERT INTO `bs_city` VALUES ('3489', '', 'qianxi', '200119', 'QX', '2000', null, '1', '106.032303', '27.008659', null);
INSERT INTO `bs_city` VALUES ('3490', '', 'qingyuan', '200143', 'QY', '2000', null, '1', '115.489891', '38.765259', null);
INSERT INTO `bs_city` VALUES ('3491', '', 'qingxian', '200157', 'QX', '2000', null, '1', '116.803177', '38.583481', null);
INSERT INTO `bs_city` VALUES ('3492', '', 'qinghe', '200161', 'QH', '2000', null, '1', '115.667183', '37.039928', null);
INSERT INTO `bs_city` VALUES ('3493', '', 'qixian', '200197', 'QX', '2000', null, '1', '114.782829', '34.550339', null);
INSERT INTO `bs_city` VALUES ('3494', '', 'qinyang', '200212', 'QY', '2000', null, '1', '112.9506', '35.087601', null);
INSERT INTO `bs_city` VALUES ('3495', '', 'qitaihe', '200244', 'QTH', '2000', null, '1', '131.003067', '45.770649', null);
INSERT INTO `bs_city` VALUES ('3496', '', 'qichun', '200276', 'QC', '2000', null, '1', '115.436211', '30.22617', null);
INSERT INTO `bs_city` VALUES ('3497', '', 'qidong', '200301', 'QD', '2000', null, '1', '112.090431', '26.79965', null);
INSERT INTO `bs_city` VALUES ('3498', '', 'qiyang', '200310', 'QY', '2000', null, '1', '111.840149', '26.58012', null);
INSERT INTO `bs_city` VALUES ('3499', '', 'qidong', '200382', 'QD', '2000', null, '1', '121.657867', '31.80805', null);
INSERT INTO `bs_city` VALUES ('3500', '', 'qingzhou', '200489', 'QZ', '2000', null, '1', '118.47966', '36.684559', null);
INSERT INTO `bs_city` VALUES ('3501', '', 'qihe', '200502', 'QH', '2000', null, '1', '116.760017', '36.794922', null);
INSERT INTO `bs_city` VALUES ('3502', '', 'qufu', '200503', 'QF', '2000', null, '1', '116.986481', '35.580818', null);
INSERT INTO `bs_city` VALUES ('3503', '', 'qixia', '200535', 'QX', '2000', null, '1', '120.84977', '37.335049', null);
INSERT INTO `bs_city` VALUES ('3504', '', 'quxian', '200566', 'QX', '2000', null, '1', '106.972992', '30.836639', null);
INSERT INTO `bs_city` VALUES ('3505', '', 'qionglai', '200588', 'QL', '2000', null, '1', '103.464363', '30.41032', null);
INSERT INTO `bs_city` VALUES ('3506', '', 'qingtian', '200660', 'QT', '2000', null, '1', '120.289551', '28.13987', null);
INSERT INTO `bs_city` VALUES ('3507', '', 'qingyuan', '0763', 'QY', '9999', null, '1', '113.056152', '23.682011', null);
INSERT INTO `bs_city` VALUES ('3508', '', 'qianan', '03152', 'QA', '9999', null, '1', '118.700729', '39.99836', null);
INSERT INTO `bs_city` VALUES ('3509', '', 'qingyang', '341723', 'QY', '9999', null, '1', '117.847488', '30.639351', null);
INSERT INTO `bs_city` VALUES ('3510', '', 'qiannan', '522700', 'QN', '9999', null, '1', '107.522263', '26.254271', null);
INSERT INTO `bs_city` VALUES ('3511', '', 'qiandongnan', '522600', 'QDN', '9999', null, '1', '107.984161', '26.583639', null);
INSERT INTO `bs_city` VALUES ('3512', '', 'qianxinan', '522300', 'QXN', '9999', null, '1', '104.904373', '25.08988', null);
INSERT INTO `bs_city` VALUES ('3513', '', 'qiuxian', '130430', 'QX', '9999', null, '1', '115.168587', '36.813251', null);
INSERT INTO `bs_city` VALUES ('3514', '', 'quzhou', '130435', 'QZ', '9999', null, '1', '114.957588', '36.773399', null);
INSERT INTO `bs_city` VALUES ('3515', '', 'quyang', '130634', 'QY', '9999', null, '1', '114.704056', '38.619991', null);
INSERT INTO `bs_city` VALUES ('3516', '', 'qixian', '140727', 'QX', '9999', null, '1', '112.330528', '37.358738', null);
INSERT INTO `bs_city` VALUES ('3517', '', 'quwo', '141021', 'QW', '9999', null, '1', '111.475533', '35.641388', null);
INSERT INTO `bs_city` VALUES ('3518', '', 'qingyuanmanzuzizhixian', '210423', 'QYMZZZX', '9999', null, '1', '124.927193', '42.101349', null);
INSERT INTO `bs_city` VALUES ('3519', '', 'qianan', '220723', 'QA', '9999', null, '1', '124.024361', '45.006847', null);
INSERT INTO `bs_city` VALUES ('3520', '', 'qinggang', '231223', 'QG', '9999', null, '1', '126.112267', '46.686596', null);
INSERT INTO `bs_city` VALUES ('3521', '', 'qingan', '231224', 'QA', '9999', null, '1', '127.510025', '46.879204', null);
INSERT INTO `bs_city` VALUES ('3522', '', 'qingyuan', '331126', 'QY', '9999', null, '1', '119.06723', '27.618231', null);
INSERT INTO `bs_city` VALUES ('3523', '', 'qingliu', '350423', 'QL', '9999', null, '1', '116.815819', '26.17761', null);
INSERT INTO `bs_city` VALUES ('3524', '', 'quannan', '360729', 'QN', '9999', null, '1', '114.531586', '24.742651', null);
INSERT INTO `bs_city` VALUES ('3525', '', 'qingyun', '371423', 'QY', '9999', null, '1', '117.390511', '37.777725', null);
INSERT INTO `bs_city` VALUES ('3526', '', 'qixian', '410622', 'QX', '9999', null, '1', '114.200378', '35.609478', null);
INSERT INTO `bs_city` VALUES ('3527', '', 'qingfeng', '410922', 'QF', '9999', null, '1', '115.107285', '35.902412', null);
INSERT INTO `bs_city` VALUES ('3528', '', 'quanzhou', '450324', 'QZ', '9999', null, '1', '111.07299', '25.929897', null);
INSERT INTO `bs_city` VALUES ('3529', '', 'qiongzhonglizumiaozuzizhixian', '469030', 'QZLZMZZZX', '9999', null, '1', '109.839996', '19.03557', null);
INSERT INTO `bs_city` VALUES ('3530', '', 'qingzhen', '520181', 'QZ', '9999', null, '1', '106.470276', '26.551289', null);
INSERT INTO `bs_city` VALUES ('3531', '', 'qianxi', '130227', 'QX', '9999', null, '1', '118.305138', '40.146236', null);
INSERT INTO `bs_city` VALUES ('3532', '', 'qinglong', '522324', 'QL', '9999', null, '1', '105.218773', '25.832882', null);
INSERT INTO `bs_city` VALUES ('3533', '', 'qiaojia', '530622', 'QJ', '9999', null, '1', '102.929283', '26.911699', null);
INSERT INTO `bs_city` VALUES ('3534', '', 'qiubei', '532626', 'QB', '9999', null, '1', '104.194366', '24.040981', null);
INSERT INTO `bs_city` VALUES ('3535', '', 'qingtongxia', '640381', 'QTX', '9999', null, '1', '106.075394', '38.021507', null);
INSERT INTO `bs_city` VALUES ('3536', '', 'quangangqu', '350505', 'QGX', '9999', null, '1', '118.912285', '25.12686', null);
INSERT INTO `bs_city` VALUES ('3537', '', 'qianjiangqu', '500114', 'QJQ', '9999', null, '1', '108.782578', '29.527548', null);
INSERT INTO `bs_city` VALUES ('3538', '', 'rizhao', '0633', 'RZ', '2000', null, '1', '119.527191', '35.416458', null);
INSERT INTO `bs_city` VALUES ('3539', '', 'rongchangxian', '10024', 'RCX', '2000', null, '1', '105.594437', '29.40485', null);
INSERT INTO `bs_city` VALUES ('3540', '', 'raoping', '200086', 'RP', '2000', null, '1', '117.003899', '23.66412', null);
INSERT INTO `bs_city` VALUES ('3541', '', 'renhuai', '200123', 'RH', '2000', null, '1', '106.401558', '27.792339', null);
INSERT INTO `bs_city` VALUES ('3542', '', 'ruzhou', '200175', 'RZ', '2000', null, '1', '112.844368', '34.167171', null);
INSERT INTO `bs_city` VALUES ('3543', '', 'runan', '200211', 'RN', '2000', null, '1', '114.362289', '33.006851', null);
INSERT INTO `bs_city` VALUES ('3544', '', 'rugao', '200374', 'RG', '2000', null, '1', '120.573822', '32.371601', null);
INSERT INTO `bs_city` VALUES ('3545', '', 'rudong', '200378', 'RD', '2000', null, '1', '121.18502', '32.329559', null);
INSERT INTO `bs_city` VALUES ('3546', '', 'ruijin', '200426', 'RJ', '2000', null, '1', '116.027092', '25.88562', null);
INSERT INTO `bs_city` VALUES ('3547', '', 'rongcheng', '200499', 'RC', '2000', null, '1', '122.486282', '37.16523', null);
INSERT INTO `bs_city` VALUES ('3548', '', 'rushan', '200518', 'RS', '2000', null, '1', '121.540199', '36.920212', null);
INSERT INTO `bs_city` VALUES ('3549', '', 'renshou', '200573', 'RS', '2000', null, '1', '104.134071', '29.99572', null);
INSERT INTO `bs_city` VALUES ('3550', '', 'rongxian', '200592', 'RX', '2000', null, '1', '104.417664', '29.4445', null);
INSERT INTO `bs_city` VALUES ('3551', '', 'ruian', '200622', 'RA', '2000', null, '1', '120.655182', '27.778379', null);
INSERT INTO `bs_city` VALUES ('3552', '', 'rongchang', '200669', 'RC', '2000', null, '1', '105.594437', '29.40485', null);
INSERT INTO `bs_city` VALUES ('3553', '', 'renqiu', '03171', 'RQ', '9999', null, '1', '116.099541', '38.711639', null);
INSERT INTO `bs_city` VALUES ('3554', '', 'ruichang', '360481', 'RC', '9999', null, '1', '115.68103', '29.67658', null);
INSERT INTO `bs_city` VALUES ('3555', '', 'renxian', '130526', 'RX', '9999', null, '1', '114.684471', '37.129951', null);
INSERT INTO `bs_city` VALUES ('3556', '', 'rongcheng', '130629', 'RC', '9999', null, '1', '115.866249', '39.052818', null);
INSERT INTO `bs_city` VALUES ('3557', '', 'raoyang', '131124', 'RY', '9999', null, '1', '115.726578', '38.23267', null);
INSERT INTO `bs_city` VALUES ('3558', '', 'ruicheng', '140830', 'RC', '9999', null, '1', '110.691139', '34.694771', null);
INSERT INTO `bs_city` VALUES ('3559', '', 'raohe', '230524', 'RH', '9999', null, '1', '134.021164', '46.801289', null);
INSERT INTO `bs_city` VALUES ('3560', '', 'ruyang', '410326', 'RY', '9999', null, '1', '112.473785', '34.153229', null);
INSERT INTO `bs_city` VALUES ('3561', '', 'rucheng', '431026', 'RC', '9999', null, '1', '113.685684', '25.553759', null);
INSERT INTO `bs_city` VALUES ('3562', '', 'ruyuanyaozuzizhixian', '440232', 'RYYZZZX', '9999', null, '1', '113.278419', '24.77611', null);
INSERT INTO `bs_city` VALUES ('3563', '', 'rongan', '450224', 'RA', '9999', null, '1', '109.403618', '25.214703', null);
INSERT INTO `bs_city` VALUES ('3564', '', 'rongshuimiaozuzizhixian', '450225', 'RSMZZZX', '9999', null, '1', '109.252747', '25.068811', null);
INSERT INTO `bs_city` VALUES ('3565', '', 'rongxian', '450921', 'RX', '9999', null, '1', '110.552467', '22.856436', null);
INSERT INTO `bs_city` VALUES ('3566', '', 'rongjiang', '522632', 'RJ', '9999', null, '1', '108.521027', '25.931086', null);
INSERT INTO `bs_city` VALUES ('3567', '', 'ruili', '533102', 'RL', '9999', null, '1', '97.855881', '24.010735', null);
INSERT INTO `bs_city` VALUES ('3568', '', 'rikaze', '540200', 'RKZ', '9999', null, '1', '88.884346', '29.261454', null);
INSERT INTO `bs_city` VALUES ('3569', '', 'shanghai', '021', 'SH', '1', null, '1', '121.473701', '31.23037', '1');
INSERT INTO `bs_city` VALUES ('3570', '', 'shijiazhuang', '0311', 'SJZ', '17', null, '1', '114.514297', '38.042759', null);
INSERT INTO `bs_city` VALUES ('3571', '', 'sanmenxia', '0398', 'SMX', '1900', null, '1', '111.200302', '34.77261', null);
INSERT INTO `bs_city` VALUES ('3572', '', 'suzhou', '0512', 'SZ', '2000', null, '1', '120.583191', '31.29834', null);
INSERT INTO `bs_city` VALUES ('3573', '', 'shenzhen', '0755', 'SZ', '2000', null, '1', '114.059563', '22.54286', null);
INSERT INTO `bs_city` VALUES ('3574', '', 'shenyang', '024', 'SY', '2000', null, '1', '123.432358', '41.80563', null);
INSERT INTO `bs_city` VALUES ('3575', '', 'shaoxing', '0575', 'SX', '2000', null, '1', '120.5802', '30.030331', null);
INSERT INTO `bs_city` VALUES ('3576', '', 'shaoguan', '0751', 'SG', '2000', null, '1', '113.597229', '24.81039', null);
INSERT INTO `bs_city` VALUES ('3577', '', 'shangrao', '0793', 'SR', '2000', null, '1', '117.943573', '28.45463', null);
INSERT INTO `bs_city` VALUES ('3578', '', 'suzhou', '0557', 'SZ', '2000', null, '1', '116.963913', '33.646141', null);
INSERT INTO `bs_city` VALUES ('3579', '', 'sanya', '460200', 'SY', '2000', null, '1', '109.512093', '18.25248', null);
INSERT INTO `bs_city` VALUES ('3580', '', 'siping', '0434', 'SP', '2000', null, '1', '124.350357', '43.166458', null);
INSERT INTO `bs_city` VALUES ('3581', '', 'shaoyang', '0739', 'SY', '2000', null, '1', '111.467697', '27.238899', null);
INSERT INTO `bs_city` VALUES ('3582', '', 'shiyan', '0719', 'SY', '2000', null, '1', '110.18734', '32.615768', null);
INSERT INTO `bs_city` VALUES ('3583', '', 'shantou', '0754', 'ST', '2000', null, '1', '116.682213', '23.3535', null);
INSERT INTO `bs_city` VALUES ('3584', '', 'suqian', '0527', 'SQ', '2000', null, '1', '118.27549', '33.961929', null);
INSERT INTO `bs_city` VALUES ('3585', '', 'suihua', '0455', 'SH', '2000', null, '1', '126.969322', '46.652458', null);
INSERT INTO `bs_city` VALUES ('3586', '', 'shangqiu', '0370', 'SQ', '2000', null, '1', '115.656349', '34.414268', null);
INSERT INTO `bs_city` VALUES ('3587', '', 'shihezi', '0993', 'SHZ', '2000', null, '1', '86.078934', '44.30653', null);
INSERT INTO `bs_city` VALUES ('3588', '', 'sanming', '0598', 'SM', '2000', null, '1', '117.639221', '26.263849', null);
INSERT INTO `bs_city` VALUES ('3589', '', 'suiningshi', '0825', 'SNS', '2000', null, '1', '105.592728', '30.53286', null);
INSERT INTO `bs_city` VALUES ('3590', '', 'shishi', '05951', 'SS', '2000', null, '1', '118.648048', '24.73172', null);
INSERT INTO `bs_city` VALUES ('3591', '', 'shuozhou', '0349', 'SZ', '2000', null, '1', '112.431808', '39.331589', null);
INSERT INTO `bs_city` VALUES ('3592', '', 'shapingba', '10025', 'SPB', '2000', null, '1', '106.457733', '29.540979', null);
INSERT INTO `bs_city` VALUES ('3593', '', 'shouxian', '200004', 'SX', '2000', null, '1', '116.787079', '32.573318', null);
INSERT INTO `bs_city` VALUES ('3594', '', 'shucheng', '200013', 'SC', '2000', null, '1', '116.9487', '31.46209', null);
INSERT INTO `bs_city` VALUES ('3595', '', 'suixi', '200019', 'SX', '2000', null, '1', '116.766197', '33.915371', null);
INSERT INTO `bs_city` VALUES ('3596', '', 'shaowu', '200059', 'SW', '2000', null, '1', '117.492531', '27.340361', null);
INSERT INTO `bs_city` VALUES ('3597', '', 'sihui', '200088', 'SH', '2000', null, '1', '112.734039', '23.327431', null);
INSERT INTO `bs_city` VALUES ('3598', '', 'shanwei', '200090', 'SW', '2000', null, '1', '115.375137', '22.78566', null);
INSERT INTO `bs_city` VALUES ('3599', '', 'suixi', '200106', 'SX', '2000', null, '1', '110.250061', '21.377081', null);
INSERT INTO `bs_city` VALUES ('3600', '', 'shahe', '200150', 'SH', '2000', null, '1', '114.503319', '36.85516', null);
INSERT INTO `bs_city` VALUES ('3601', '', 'shexian', '200151', 'SX', '2000', null, '1', '113.691422', '36.584949', null);
INSERT INTO `bs_city` VALUES ('3602', '', 'shenzhou', '200155', 'SZ', '2000', null, '1', '115.560013', '38.000221', null);
INSERT INTO `bs_city` VALUES ('3603', '', 'shangcai', '200177', 'SC', '2000', null, '1', '114.264351', '33.26255', null);
INSERT INTO `bs_city` VALUES ('3604', '', 'shenqiu', '200192', 'SQ', '2000', null, '1', '115.098557', '33.409401', null);
INSERT INTO `bs_city` VALUES ('3605', '', 'shangshui', '200202', 'SS', '2000', null, '1', '114.611649', '33.542561', null);
INSERT INTO `bs_city` VALUES ('3606', '', 'sheqi', '200204', 'SQ', '2000', null, '1', '112.947929', '33.056141', null);
INSERT INTO `bs_city` VALUES ('3607', '', 'shuangyashan', '200245', 'SYS', '2000', null, '1', '131.159103', '46.64658', null);
INSERT INTO `bs_city` VALUES ('3608', '', 'shangzhi', '200248', 'SZ', '2000', null, '1', '127.960274', '45.211021', null);
INSERT INTO `bs_city` VALUES ('3609', '', 'shuangcheng', '200250', 'SC', '2000', null, '1', '126.312271', '45.383549', null);
INSERT INTO `bs_city` VALUES ('3610', '', 'songzi', '200267', 'SZ', '2000', null, '1', '111.767433', '30.1696', null);
INSERT INTO `bs_city` VALUES ('3611', '', 'shishou', '200279', 'SS', '2000', null, '1', '112.425499', '29.72085', null);
INSERT INTO `bs_city` VALUES ('3612', '', 'suixian', '200293', 'SX', '2000', null, '1', '113.29995', '31.8538', null);
INSERT INTO `bs_city` VALUES ('3613', '', 'shayang', '200294', 'SY', '2000', null, '1', '112.588539', '30.709181', null);
INSERT INTO `bs_city` VALUES ('3614', '', 'shaodong', '200300', 'SD', '2000', null, '1', '111.744461', '27.25844', null);
INSERT INTO `bs_city` VALUES ('3615', '', 'shimen', '200336', 'SM', '2000', null, '1', '111.379822', '29.584129', null);
INSERT INTO `bs_city` VALUES ('3616', '', 'shuangfeng', '200337', 'SF', '2000', null, '1', '112.193916', '27.45702', null);
INSERT INTO `bs_city` VALUES ('3617', '', 'shulan', '200354', 'SL', '2000', null, '1', '126.965317', '44.405861', null);
INSERT INTO `bs_city` VALUES ('3618', '', 'shuangliao', '200365', 'SL', '2000', null, '1', '123.50296', '43.518452', null);
INSERT INTO `bs_city` VALUES ('3619', '', 'shuyang', '200372', 'SY', '2000', null, '1', '118.804062', '34.112148', null);
INSERT INTO `bs_city` VALUES ('3620', '', 'sheyang', '200391', 'SY', '2000', null, '1', '120.258148', '33.77496', null);
INSERT INTO `bs_city` VALUES ('3621', '', 'sihong', '200393', 'SH', '2000', null, '1', '118.21624', '33.459', null);
INSERT INTO `bs_city` VALUES ('3622', '', 'siyang', '200395', 'SY', '2000', null, '1', '118.703346', '33.721008', null);
INSERT INTO `bs_city` VALUES ('3623', '', 'shangli', '200435', 'SL', '2000', null, '1', '113.795372', '27.880421', null);
INSERT INTO `bs_city` VALUES ('3624', '', 'suizhong', '200456', 'SZ', '2000', null, '1', '120.344307', '40.325649', null);
INSERT INTO `bs_city` VALUES ('3625', '', 'shizuishan', '200467', 'SZS', '2000', null, '1', '106.384178', '38.9841', null);
INSERT INTO `bs_city` VALUES ('3626', '', 'shouguang', '200478', 'SG', '2000', null, '1', '118.790977', '36.855412', null);
INSERT INTO `bs_city` VALUES ('3627', '', 'shenxian', '200493', 'SX', '2000', null, '1', '115.670723', '36.233608', null);
INSERT INTO `bs_city` VALUES ('3628', '', 'shenmu', '200555', 'SM', '2000', null, '1', '110.498962', '38.842388', null);
INSERT INTO `bs_city` VALUES ('3629', '', 'shuangliu', '200557', 'SL', '2000', null, '1', '103.923767', '30.574471', null);
INSERT INTO `bs_city` VALUES ('3630', '', 'shehong', '200562', 'SH', '2000', null, '1', '105.388359', '30.87113', null);
INSERT INTO `bs_city` VALUES ('3631', '', 'santai', '200586', 'ST', '2000', null, '1', '105.094589', '31.095631', null);
INSERT INTO `bs_city` VALUES ('3632', '', 'shifang', '200594', 'SF', '2000', null, '1', '104.166939', '31.127359', null);
INSERT INTO `bs_city` VALUES ('3633', '', 'shangyu', '200635', 'SY', '2000', null, '1', '120.868584', '30.03227', null);
INSERT INTO `bs_city` VALUES ('3634', '', 'shengzhou', '200640', 'SZ', '2000', null, '1', '120.821701', '29.58849', null);
INSERT INTO `bs_city` VALUES ('3635', '', 'sanmen', '200659', 'SM', '2000', null, '1', '121.395683', '29.10467', null);
INSERT INTO `bs_city` VALUES ('3636', '', 'shunping', '130636', 'SP', '2000', null, '1', '115.135429', '38.837589', null);
INSERT INTO `bs_city` VALUES ('3637', '', 'sanhe', '03161', 'SH', '9999', null, '1', '117.078217', '39.98246', null);
INSERT INTO `bs_city` VALUES ('3638', '', 'songyuan', '04381', 'SY', '9999', null, '1', '124.82515', '45.141102', null);
INSERT INTO `bs_city` VALUES ('3639', '', 'suizhou', '0722', 'SZ', '9999', null, '1', '113.382622', '31.69013', null);
INSERT INTO `bs_city` VALUES ('3640', '', 'shaxian', '350427', 'SX', '9999', null, '1', '117.792679', '26.39617', null);
INSERT INTO `bs_city` VALUES ('3641', '', 'suiling', '231226', 'SL', '9999', null, '1', '127.114777', '47.236092', null);
INSERT INTO `bs_city` VALUES ('3642', '', 'shangyi', '130725', 'SY', '9999', null, '1', '113.977715', '41.08009', null);
INSERT INTO `bs_city` VALUES ('3643', '', 'suning', '130926', 'SN', '9999', null, '1', '115.835854', '38.427101', null);
INSERT INTO `bs_city` VALUES ('3644', '', 'shangdu', '150923', 'SD', '9999', null, '1', '113.560646', '41.560162', null);
INSERT INTO `bs_city` VALUES ('3645', '', 'siziwangqi', '150929', 'SZWQ', '9999', null, '1', '111.701233', '41.528114', null);
INSERT INTO `bs_city` VALUES ('3646', '', 'sunitezuoqi', '152523', 'SNTZQ', '9999', null, '1', '113.653412', '43.854107', null);
INSERT INTO `bs_city` VALUES ('3647', '', 'suniteyouqi', '152524', 'SNTYQ', '9999', null, '1', '112.655388', '42.746662', null);
INSERT INTO `bs_city` VALUES ('3648', '', 'suibin', '230422', 'SB', '9999', null, '1', '131.860519', '47.28989', null);
INSERT INTO `bs_city` VALUES ('3649', '', 'suifenhe', '231080', 'SFH', '9999', null, '1', '131.164856', '44.396866', null);
INSERT INTO `bs_city` VALUES ('3650', '', 'sunwu', '231124', 'SW', '9999', null, '1', '127.327316', '49.423943', null);
INSERT INTO `bs_city` VALUES ('3651', '', 'shengsi', '330922', 'SS', '9999', null, '1', '122.457809', '30.727165', null);
INSERT INTO `bs_city` VALUES ('3652', '', 'suichang', '331123', 'SC', '9999', null, '1', '119.275887', '28.5924', null);
INSERT INTO `bs_city` VALUES ('3653', '', 'songyang', '331124', 'SY', '9999', null, '1', '119.485291', '28.449938', null);
INSERT INTO `bs_city` VALUES ('3654', '', 'susong', '340826', 'SS', '9999', null, '1', '116.120201', '30.158327', null);
INSERT INTO `bs_city` VALUES ('3655', '', 'shunchang', '350721', 'SC', '9999', null, '1', '117.807709', '26.79285', null);
INSERT INTO `bs_city` VALUES ('3656', '', 'songxi', '350724', 'SX', '9999', null, '1', '118.783493', '27.525785', null);
INSERT INTO `bs_city` VALUES ('3657', '', 'shanghangxian', '350823', 'SHX', '9999', null, '1', '116.420258', '25.049431', null);
INSERT INTO `bs_city` VALUES ('3658', '', 'shouning', '350924', 'SN', '9999', null, '1', '119.506737', '27.457798', null);
INSERT INTO `bs_city` VALUES ('3659', '', 'shenze', '130128', 'SZX', '9999', null, '1', '115.200211', '38.18454', null);
INSERT INTO `bs_city` VALUES ('3660', '', 'shangyou', '360724', 'SY', '9999', null, '1', '114.540535', '25.794285', null);
INSERT INTO `bs_city` VALUES ('3661', '', 'shicheng', '360735', 'SCX', '9999', null, '1', '116.342247', '26.326582', null);
INSERT INTO `bs_city` VALUES ('3662', '', 'suichuan', '360827', 'SCX', '9999', null, '1', '114.516891', '26.323706', null);
INSERT INTO `bs_city` VALUES ('3663', '', 'shanggao', '360923', 'SG', '9999', null, '1', '114.932655', '28.234789', null);
INSERT INTO `bs_city` VALUES ('3664', '', 'shanghe', '370126', 'SH', '9999', null, '1', '117.156372', '37.310543', null);
INSERT INTO `bs_city` VALUES ('3665', '', 'sishui', '370831', 'SS', '9999', null, '1', '117.273605', '35.653217', null);
INSERT INTO `bs_city` VALUES ('3666', '', 'songxian', '410325', 'SX', '9999', null, '1', '112.087769', '34.131561', null);
INSERT INTO `bs_city` VALUES ('3667', '', 'shanxian', '411222', 'SX', '9999', null, '1', '111.090828', '34.701946', null);
INSERT INTO `bs_city` VALUES ('3668', '', 'shangcheng', '411524', 'SC', '9999', null, '1', '115.406296', '31.799982', null);
INSERT INTO `bs_city` VALUES ('3669', '', 'shaoshan', '430382', 'SS', '9999', null, '1', '112.528481', '27.922682', null);
INSERT INTO `bs_city` VALUES ('3670', '', 'shaoyang', '430523', 'SYX', '9999', null, '1', '111.275703', '26.989714', null);
INSERT INTO `bs_city` VALUES ('3671', '', 'shuangpai', '431123', 'SP', '9999', null, '1', '111.662148', '25.959396', null);
INSERT INTO `bs_city` VALUES ('3672', '', 'shanglin', '450125', 'SL', '9999', null, '1', '108.603935', '23.431768', null);
INSERT INTO `bs_city` VALUES ('3673', '', 'sanjiangdongzuzizhixian', '450226', 'SJDZZZX', '9999', null, '1', '109.614845', '25.78553', null);
INSERT INTO `bs_city` VALUES ('3674', '', 'shangsi', '450621', 'SS', '9999', null, '1', '107.98214', '22.151423', null);
INSERT INTO `bs_city` VALUES ('3675', '', 'shuicheng', '520221', 'SC', '9999', null, '1', '104.956848', '26.540478', null);
INSERT INTO `bs_city` VALUES ('3676', '', 'suiyang', '520323', 'SY', '9999', null, '1', '107.191025', '27.951342', null);
INSERT INTO `bs_city` VALUES ('3677', '', 'shiqian', '520623', 'SQ', '9999', null, '1', '108.229851', '27.519386', null);
INSERT INTO `bs_city` VALUES ('3678', '', 'sinan', '520624', 'SN', '9999', null, '1', '108.255829', '27.941332', null);
INSERT INTO `bs_city` VALUES ('3679', '', 'songtaomiaozuzizhixian', '520628', 'STMZZZX', '9999', null, '1', '109.202629', '28.165419', null);
INSERT INTO `bs_city` VALUES ('3680', '', 'shibing', '522623', 'SB', '9999', null, '1', '108.126778', '27.034657', null);
INSERT INTO `bs_city` VALUES ('3681', '', 'sansui', '522624', 'SS', '9999', null, '1', '108.681122', '26.959885', null);
INSERT INTO `bs_city` VALUES ('3682', '', 'sandushuizuzizhixian', '522732', 'SDSZZZX', '9999', null, '1', '107.877472', '25.985184', null);
INSERT INTO `bs_city` VALUES ('3683', '', 'shilinyizuzizhixian', '530126', 'SLYZZZX', '9999', null, '1', '103.271965', '24.754545', null);
INSERT INTO `bs_city` VALUES ('3684', '', 'songming', '530127', 'SM', '9999', null, '1', '103.03878', '25.335087', null);
INSERT INTO `bs_city` VALUES ('3685', '', 'shizong', '530323', 'SZ', '9999', null, '1', '103.993805', '24.825682', null);
INSERT INTO `bs_city` VALUES ('3686', '', 'shidian', '530521', 'SD', '9999', null, '1', '99.183762', '24.730846', null);
INSERT INTO `bs_city` VALUES ('3687', '', 'suijiang', '530626', 'SJ', '9999', null, '1', '103.961098', '28.599953', null);
INSERT INTO `bs_city` VALUES ('3688', '', 'shuifu', '530630', 'SF', '9999', null, '1', '104.415375', '28.629688', null);
INSERT INTO `bs_city` VALUES ('3689', '', 'shuangjianglahuzuwazubulangzudaizuzizhixian', '530925', 'SJLHZWZBLZDZZZX', '9999', null, '1', '99.824417', '23.477476', null);
INSERT INTO `bs_city` VALUES ('3690', '', 'shuangbai', '532322', 'SB', '9999', null, '1', '101.638237', '24.685095', null);
INSERT INTO `bs_city` VALUES ('3691', '', 'shiping', '532525', 'SP', '9999', null, '1', '102.484467', '23.712568', null);
INSERT INTO `bs_city` VALUES ('3692', '', 'sanyuan', '610422', 'SY', '9999', null, '1', '108.943481', '34.613995', null);
INSERT INTO `bs_city` VALUES ('3693', '', 'shiquan', '610922', 'SQ', '9999', null, '1', '108.250511', '33.038513', null);
INSERT INTO `bs_city` VALUES ('3694', '', 'shangluo', '611000', 'SL', '9999', null, '1', '109.939774', '33.86832', null);
INSERT INTO `bs_city` VALUES ('3695', '', 'shangnan', '611023', 'SN', '9999', null, '1', '110.885437', '33.526367', null);
INSERT INTO `bs_city` VALUES ('3696', '', 'shanyang', '611024', 'SY', '9999', null, '1', '109.880432', '33.530411', null);
INSERT INTO `bs_city` VALUES ('3697', '', 'sunanyuguzuzizhixian', '620721', 'SNYGZZZX', '9999', null, '1', '99.617088', '38.837269', null);
INSERT INTO `bs_city` VALUES ('3698', '', 'shandan', '620725', 'SD', '9999', null, '1', '101.08844', '38.78484', null);
INSERT INTO `bs_city` VALUES ('3699', '', 'simaoqu', '530802', 'SMQ', '9999', null, '1', '100.973228', '22.776594', null);
INSERT INTO `bs_city` VALUES ('3700', '', 'tianjin', '022', 'TJ', '14', null, '1', '117.199371', '39.085098', '1');
INSERT INTO `bs_city` VALUES ('3701', '', 'taiyuan', '0351', 'TY', '2000', null, '1', '112.550667', '37.87059', null);
INSERT INTO `bs_city` VALUES ('3702', '', 'taizhou', '0576', 'TZ', '2000', null, '1', '121.420563', '28.656111', null);
INSERT INTO `bs_city` VALUES ('3703', '', 'tongling', '0562', 'TL', '2000', null, '1', '117.742203', '30.908871', null);
INSERT INTO `bs_city` VALUES ('3704', '', 'taian', '0538', 'TA', '2000', null, '1', '117.088402', '36.19994', null);
INSERT INTO `bs_city` VALUES ('3705', '', 'tangshan', '0315', 'TS', '2000', null, '1', '118.18058', '39.630482', null);
INSERT INTO `bs_city` VALUES ('3706', '', 'taizhou', '0523', 'TZ', '2000', null, '1', '119.925537', '32.45546', null);
INSERT INTO `bs_city` VALUES ('3707', '', 'taixing', '321200', 'TX', '2000', null, '1', '120.052002', '32.171909', null);
INSERT INTO `bs_city` VALUES ('3708', '', 'tongren', '0856', 'TR', '2000', null, '1', '109.180992', '27.69066', null);
INSERT INTO `bs_city` VALUES ('3709', '', 'tonghua', '0435', 'TH', '2000', null, '1', '125.939903', '41.728291', null);
INSERT INTO `bs_city` VALUES ('3710', '', 'tongliao', '0475', 'TL', '2000', null, '1', '122.24469', '43.65247', null);
INSERT INTO `bs_city` VALUES ('3711', '', 'tianshui', '0938', 'TS', '2000', null, '1', '105.724861', '34.580849', null);
INSERT INTO `bs_city` VALUES ('3712', '', 'tieling', '0241', 'TL', '2000', null, '1', '123.842407', '42.286201', null);
INSERT INTO `bs_city` VALUES ('3713', '', 'taihe', '200000', 'TH', '2000', null, '1', '115.622032', '33.160259', null);
INSERT INTO `bs_city` VALUES ('3714', '', 'tianchang', '200007', 'TC', '2000', null, '1', '119.003548', '32.689449', null);
INSERT INTO `bs_city` VALUES ('3715', '', 'tongcheng', '200020', 'TC', '2000', null, '1', '116.974159', '31.035851', null);
INSERT INTO `bs_city` VALUES ('3716', '', 'taishan', '200085', 'TS', '2000', null, '1', '112.7939', '22.25156', null);
INSERT INTO `bs_city` VALUES ('3717', '', 'tunchang', '200131', 'TC', '2000', null, '1', '110.10347', '19.35182', null);
INSERT INTO `bs_city` VALUES ('3718', '', 'tanghe', '200168', 'TH', '2000', null, '1', '112.807449', '32.681171', null);
INSERT INTO `bs_city` VALUES ('3719', '', 'taikang', '200184', 'TK', '2000', null, '1', '114.837791', '34.063789', null);
INSERT INTO `bs_city` VALUES ('3720', '', 'tongxu', '200240', 'TX', '2000', null, '1', '114.467407', '34.480438', null);
INSERT INTO `bs_city` VALUES ('3721', '', 'tieli', '200253', 'TL', '2000', null, '1', '128.032425', '46.986641', null);
INSERT INTO `bs_city` VALUES ('3722', '', 'tianmen', '200256', 'TM', '2000', null, '1', '113.166138', '30.663389', null);
INSERT INTO `bs_city` VALUES ('3723', '', 'taojiang', '200312', 'TJ', '2000', null, '1', '112.155708', '28.51819', null);
INSERT INTO `bs_city` VALUES ('3724', '', 'taoyuan', '200322', 'TY', '2000', null, '1', '111.48893', '28.90259', null);
INSERT INTO `bs_city` VALUES ('3725', '', 'taonan', '200369', 'TN', '2000', null, '1', '122.786346', '45.33559', null);
INSERT INTO `bs_city` VALUES ('3726', '', 'taicang', '200388', 'TC', '2000', null, '1', '121.129753', '31.45911', null);
INSERT INTO `bs_city` VALUES ('3727', '', 'taihe', '200440', 'TH', '2000', null, '1', '114.908867', '26.78993', null);
INSERT INTO `bs_city` VALUES ('3728', '', 'tiaobingshan', '200459', 'TBS', '2000', null, '1', '123.566902', '42.467548', null);
INSERT INTO `bs_city` VALUES ('3729', '', 'tengzhou', '200469', 'TZ', '2000', null, '1', '117.165962', '35.11338', null);
INSERT INTO `bs_city` VALUES ('3730', '', 'tancheng', '200488', 'TC', '2000', null, '1', '118.367172', '34.613571', null);
INSERT INTO `bs_city` VALUES ('3731', '', 'tongchuan', '200554', 'TC', '2000', null, '1', '108.945152', '34.896729', null);
INSERT INTO `bs_city` VALUES ('3732', '', 'tengchong', '200620', 'TC', '2000', null, '1', '98.490967', '25.020531', null);
INSERT INTO `bs_city` VALUES ('3733', '', 'tongxiang', '200630', 'TX', '2000', null, '1', '120.564323', '30.630739', null);
INSERT INTO `bs_city` VALUES ('3734', '', 'tonglu', '200650', 'TL', '2000', null, '1', '119.691498', '29.793171', null);
INSERT INTO `bs_city` VALUES ('3735', '', 'tiantai', '200654', 'TT', '2000', null, '1', '121.007278', '29.14304', null);
INSERT INTO `bs_city` VALUES ('3736', '', 'tongliang', '200672', 'TL', '2000', null, '1', '106.056381', '29.844749', null);
INSERT INTO `bs_city` VALUES ('3737', '', 'tongnan', '200673', 'TN', '2000', null, '1', '105.839523', '30.19054', null);
INSERT INTO `bs_city` VALUES ('3738', '', 'tumoteyouqi', '150221', 'TMTYQ', '9999', null, '1', '110.524208', '40.568829', null);
INSERT INTO `bs_city` VALUES ('3739', '', 'tangxian', '130627', 'TX', '9999', null, '1', '115.003204', '38.759914', null);
INSERT INTO `bs_city` VALUES ('3740', '', 'taigu', '140726', 'TGX', '9999', null, '1', '112.5541', '37.424595', null);
INSERT INTO `bs_city` VALUES ('3741', '', 'tumotezuoqi', '150121', 'TMTZQ', '9999', null, '1', '111.133614', '40.720417', null);
INSERT INTO `bs_city` VALUES ('3742', '', 'tuquan', '152224', 'TQ', '9999', null, '1', '121.564857', '45.380985', null);
INSERT INTO `bs_city` VALUES ('3743', '', 'taipusiqi', '152527', 'TPSQ', '9999', null, '1', '115.287277', '41.895199', null);
INSERT INTO `bs_city` VALUES ('3744', '', 'taian', '210320', 'TA', '9999', null, '1', '122.429733', '41.38686', null);
INSERT INTO `bs_city` VALUES ('3745', '', 'tonghua', '220521', 'TH', '9999', null, '1', '125.75312', '41.677917', null);
INSERT INTO `bs_city` VALUES ('3746', '', 'tongyu', '220822', 'TY', '9999', null, '1', '123.088547', '44.809151', null);
INSERT INTO `bs_city` VALUES ('3747', '', 'tumen', '222402', 'TM', '9999', null, '1', '129.846695', '42.966621', null);
INSERT INTO `bs_city` VALUES ('3748', '', 'tonghe', '230128', 'THX', '9999', null, '1', '128.331879', '45.455647', null);
INSERT INTO `bs_city` VALUES ('3749', '', 'tailai', '230224', 'TL', '9999', null, '1', '123.419533', '46.39233', null);
INSERT INTO `bs_city` VALUES ('3750', '', 'tangyuan', '230828', 'TY', '9999', null, '1', '129.904465', '46.730049', null);
INSERT INTO `bs_city` VALUES ('3751', '', 'tongjiang', '230881', 'TJ', '9999', null, '1', '132.510117', '47.651131', null);
INSERT INTO `bs_city` VALUES ('3752', '', 'tahe', '232722', 'TH', '9999', null, '1', '124.710518', '52.335228', null);
INSERT INTO `bs_city` VALUES ('3753', '', 'taishun', '330329', 'TSX', '9999', null, '1', '119.71624', '27.557308', null);
INSERT INTO `bs_city` VALUES ('3754', '', 'taihu', '340825', 'THX', '9999', null, '1', '116.305222', '30.451868', null);
INSERT INTO `bs_city` VALUES ('3755', '', 'taining', '350429', 'TN', '9999', null, '1', '117.177521', '26.897995', null);
INSERT INTO `bs_city` VALUES ('3756', '', 'tonggu', '360926', 'TG', '9999', null, '1', '114.37014', '28.520956', null);
INSERT INTO `bs_city` VALUES ('3757', '', 'tangyin', '410523', 'TY', '9999', null, '1', '114.362358', '35.922348', null);
INSERT INTO `bs_city` VALUES ('3758', '', 'taiqian', '410927', 'TQ', '9999', null, '1', '115.855682', '35.996475', null);
INSERT INTO `bs_city` VALUES ('3759', '', 'tuanfeng', '421121', 'TF', '9999', null, '1', '114.872032', '30.635691', null);
INSERT INTO `bs_city` VALUES ('3760', '', 'tongcheng', '421222', 'TCX', '9999', null, '1', '113.814133', '29.246077', null);
INSERT INTO `bs_city` VALUES ('3761', '', 'tengxian', '450422', 'TX', '9999', null, '1', '110.931824', '23.373962', null);
INSERT INTO `bs_city` VALUES ('3762', '', 'tianyang', '451021', 'TY', '9999', null, '1', '106.904312', '23.736078', null);
INSERT INTO `bs_city` VALUES ('3763', '', 'tiandong', '451022', 'TD', '9999', null, '1', '107.12426', '23.600445', null);
INSERT INTO `bs_city` VALUES ('3764', '', 'tianlin', '451029', 'TL', '9999', null, '1', '106.235046', '24.290262', null);
INSERT INTO `bs_city` VALUES ('3765', '', 'tiane', '451222', 'TE', '9999', null, '1', '107.174942', '24.985964', null);
INSERT INTO `bs_city` VALUES ('3766', '', 'tongzi', '520322', 'TZ', '9999', null, '1', '106.826591', '28.131559', null);
INSERT INTO `bs_city` VALUES ('3767', '', 'tianzhu', '522627', 'TZ', '9999', null, '1', '109.212799', '26.909683', null);
INSERT INTO `bs_city` VALUES ('3768', '', 'taijiang', '522630', 'TJ', '9999', null, '1', '108.314636', '26.669138', null);
INSERT INTO `bs_city` VALUES ('3769', '', 'tonghai', '530423', 'TH', '9999', null, '1', '102.76004', '24.112206', null);
INSERT INTO `bs_city` VALUES ('3770', '', 'tongguan', '610522', 'TG', '9999', null, '1', '110.247261', '34.544514', null);
INSERT INTO `bs_city` VALUES ('3771', '', 'tongren', '632321', 'TRX', '9999', null, '1', '102.017601', '35.516338', null);
INSERT INTO `bs_city` VALUES ('3772', '', 'wuhan', '027', 'WH', '20', null, '1', '114.305252', '30.59276', null);
INSERT INTO `bs_city` VALUES ('3773', '', 'wenzhou', '0577', 'WZ', '2000', null, '1', '120.699387', '27.994921', null);
INSERT INTO `bs_city` VALUES ('3774', '', 'weihai', '0631', 'WH', '2000', null, '1', '122.121712', '37.513481', null);
INSERT INTO `bs_city` VALUES ('3775', '', 'wuxi', '0510', 'WX', '2000', null, '1', '120.31237', '31.49099', null);
INSERT INTO `bs_city` VALUES ('3776', '', 'wuhu', '0553', 'WH', '2000', null, '1', '118.433128', '31.352461', null);
INSERT INTO `bs_city` VALUES ('3777', '', 'weifang', '0536', 'WF', '2000', null, '1', '119.161758', '36.70686', null);
INSERT INTO `bs_city` VALUES ('3778', '', 'wulumuqi', '0991', 'WLMQ', '2000', null, '1', '87.616882', '43.82663', null);
INSERT INTO `bs_city` VALUES ('3779', '', 'wuzhou', '0774', 'WZ', '2000', null, '1', '111.279129', '23.47703', null);
INSERT INTO `bs_city` VALUES ('3780', '', 'wenchang', '0989', 'WC', '2000', null, '1', '110.797737', '19.543289', null);
INSERT INTO `bs_city` VALUES ('3781', '', 'wenshan', '0876', 'WS', '2000', null, '1', '104.233002', '23.38678', null);
INSERT INTO `bs_city` VALUES ('3782', '', 'weinan', '0913', 'WN', '2000', null, '1', '109.510147', '34.499969', null);
INSERT INTO `bs_city` VALUES ('3783', '', 'wuhai', '0473', 'WH', '2000', null, '1', '106.795464', '39.653839', null);
INSERT INTO `bs_city` VALUES ('3784', '', 'wulanchabu', '0474', 'WLCB', '2000', null, '1', '113.133759', '40.993912', null);
INSERT INTO `bs_city` VALUES ('3785', '', 'wuzhong', '0953', 'WZ', '2000', null, '1', '106.198792', '37.997551', null);
INSERT INTO `bs_city` VALUES ('3786', '', 'wanzhou', '10027', 'WZ', '2000', null, '1', '108.40873', '30.807899', null);
INSERT INTO `bs_city` VALUES ('3787', '', 'wuwei', '200001', 'WW', '2000', null, '1', '117.902237', '31.303169', null);
INSERT INTO `bs_city` VALUES ('3788', '', 'woyang', '200009', 'WY', '2000', null, '1', '116.215813', '33.492851', null);
INSERT INTO `bs_city` VALUES ('3789', '', 'wuhe', '200029', 'WH', '2000', null, '1', '117.885292', '33.145069', null);
INSERT INTO `bs_city` VALUES ('3790', '', 'wangjiang', '200035', 'WJ', '2000', null, '1', '116.694229', '30.12442', null);
INSERT INTO `bs_city` VALUES ('3791', '', 'wuwei', '200069', 'WW', '2000', null, '1', '102.63797', '37.9282', null);
INSERT INTO `bs_city` VALUES ('3792', '', 'wuchuan', '200092', 'WC', '2000', null, '1', '110.778236', '21.44182', null);
INSERT INTO `bs_city` VALUES ('3793', '', 'wuhua', '200103', 'WH', '2000', null, '1', '115.776093', '23.932541', null);
INSERT INTO `bs_city` VALUES ('3794', '', 'wanning', '200127', 'WN', '2000', null, '1', '110.389748', '18.795321', null);
INSERT INTO `bs_city` VALUES ('3795', '', 'weixian', '200134', 'WX', '2000', null, '1', '114.93882', '36.359909', null);
INSERT INTO `bs_city` VALUES ('3796', '', 'wenan', '200148', 'WA', '2000', null, '1', '116.458481', '38.87328', null);
INSERT INTO `bs_city` VALUES ('3797', '', 'weishi', '200200', 'WS', '2000', null, '1', '114.19297', '34.41161', null);
INSERT INTO `bs_city` VALUES ('3798', '', 'wuzhi', '200219', 'WZ', '2000', null, '1', '113.40184', '35.099522', null);
INSERT INTO `bs_city` VALUES ('3799', '', 'wuyang', '200223', 'WY', '2000', null, '1', '113.609306', '33.437649', null);
INSERT INTO `bs_city` VALUES ('3800', '', 'weihui', '200234', 'WH', '2000', null, '1', '114.06459', '35.398472', null);
INSERT INTO `bs_city` VALUES ('3801', '', 'wenxian', '200239', 'WX', '2000', null, '1', '113.080566', '34.940231', null);
INSERT INTO `bs_city` VALUES ('3802', '', 'wuchang', '200247', 'WC', '2000', null, '1', '127.167458', '44.931911', null);
INSERT INTO `bs_city` VALUES ('3803', '', 'wuxue', '200272', 'WX', '2000', null, '1', '115.561302', '29.84433', null);
INSERT INTO `bs_city` VALUES ('3804', '', 'wangcheng', '200320', 'WC', '2000', null, '1', '112.817902', '28.36121', null);
INSERT INTO `bs_city` VALUES ('3805', '', 'wugang', '200334', 'WG', '2000', null, '1', '110.631378', '26.726589', null);
INSERT INTO `bs_city` VALUES ('3806', '', 'wangqing', '200370', 'WQ', '2000', null, '1', '129.771255', '43.312809', null);
INSERT INTO `bs_city` VALUES ('3807', '', 'wujiang', '200371', 'WJ', '2000', null, '1', '120.645042', '31.137621', null);
INSERT INTO `bs_city` VALUES ('3808', '', 'wulanhaote', '200462', 'WLHT', '2000', null, '1', '122.093163', '46.072819', null);
INSERT INTO `bs_city` VALUES ('3809', '', 'wendeng', '200506', 'WD', '2000', null, '1', '122.058098', '37.19397', null);
INSERT INTO `bs_city` VALUES ('3810', '', 'weishan', '200510', 'WS', '2000', null, '1', '117.12886', '34.807178', null);
INSERT INTO `bs_city` VALUES ('3811', '', 'wenshang', '200529', 'WS', '2000', null, '1', '116.489166', '35.732811', null);
INSERT INTO `bs_city` VALUES ('3812', '', 'wudi', '200536', 'WD', '2000', null, '1', '117.625771', '37.769932', null);
INSERT INTO `bs_city` VALUES ('3813', '', 'wucheng', '200537', 'WC', '2000', null, '1', '116.069229', '37.213169', null);
INSERT INTO `bs_city` VALUES ('3814', '', 'wenxi', '200553', 'WX', '2000', null, '1', '111.224716', '35.356628', null);
INSERT INTO `bs_city` VALUES ('3815', '', 'weiyuan', '200577', 'WY', '2000', null, '1', '104.668854', '29.52742', null);
INSERT INTO `bs_city` VALUES ('3816', '', 'wenling', '200623', 'WL', '2000', null, '1', '121.385986', '28.371799', null);
INSERT INTO `bs_city` VALUES ('3817', '', 'wuyi', '200649', 'WY', '2000', null, '1', '119.816513', '28.892599', null);
INSERT INTO `bs_city` VALUES ('3818', '', 'wushan', '200678', 'WS', '2000', null, '1', '109.878799', '31.074619', null);
INSERT INTO `bs_city` VALUES ('3819', '', 'wulong', '200679', 'WL', '2000', null, '1', '107.759933', '29.32543', null);
INSERT INTO `bs_city` VALUES ('3820', '', 'wuxi', '200680', 'WX', '2000', null, '1', '109.57016', '31.3986', null);
INSERT INTO `bs_city` VALUES ('3821', '', 'wuan', '03101', 'WA', '9999', null, '1', '114.203758', '36.696709', null);
INSERT INTO `bs_city` VALUES ('3822', '', 'wafangdian', '04111', 'WFD', '9999', null, '1', '121.97995', '39.626438', null);
INSERT INTO `bs_city` VALUES ('3823', '', 'weixian', '130533', 'WX', '9999', null, '1', '115.272751', '36.983273', null);
INSERT INTO `bs_city` VALUES ('3824', '', 'wangdu', '130631', 'WD', '9999', null, '1', '115.154007', '38.707447', null);
INSERT INTO `bs_city` VALUES ('3825', '', 'wanquan', '130729', 'WQ', '9999', null, '1', '114.73613', '40.765137', null);
INSERT INTO `bs_city` VALUES ('3826', '', 'weichangmanzumengguzuzizhixian', '130828', 'WCMZMGZZZX', '9999', null, '1', '117.764084', '41.949406', null);
INSERT INTO `bs_city` VALUES ('3827', '', 'wuqiao', '130928', 'WQ', '9999', null, '1', '116.39151', '37.628181', null);
INSERT INTO `bs_city` VALUES ('3828', '', 'wuyi', '131122', 'WY', '9999', null, '1', '115.892418', '37.803776', null);
INSERT INTO `bs_city` VALUES ('3829', '', 'wuqiang', '131123', 'WQ', '9999', null, '1', '115.970238', '38.03698', null);
INSERT INTO `bs_city` VALUES ('3830', '', 'wanrong', '140822', 'WR', '9999', null, '1', '110.843559', '35.417042', null);
INSERT INTO `bs_city` VALUES ('3831', '', 'wengniuteqi', '150426', 'WNTQ', '9999', null, '1', '119.022621', '42.937126', null);
INSERT INTO `bs_city` VALUES ('3832', '', 'wushenqi', '150626', 'WSQ', '9999', null, '1', '108.840927', '38.603703', null);
INSERT INTO `bs_city` VALUES ('3833', '', 'wuyuan', '150821', 'WY', '9999', null, '1', '108.27066', '41.097637', null);
INSERT INTO `bs_city` VALUES ('3834', '', 'wulateqianqi', '150823', 'WLTQQ', '9999', null, '1', '108.656815', '40.725208', null);
INSERT INTO `bs_city` VALUES ('3835', '', 'wulatezhongqi', '150824', 'WLTZQ', '9999', null, '1', '108.515259', '41.57254', null);
INSERT INTO `bs_city` VALUES ('3836', '', 'wulatehouqi', '150825', 'WLTHQ', '9999', null, '1', '107.074944', '41.084309', null);
INSERT INTO `bs_city` VALUES ('3837', '', 'wudalianchi', '231182', 'WDLC', '9999', null, '1', '126.197693', '48.512688', null);
INSERT INTO `bs_city` VALUES ('3838', '', 'wangkui', '231221', 'WK', '9999', null, '1', '126.484192', '46.833519', null);
INSERT INTO `bs_city` VALUES ('3839', '', 'wencheng', '330328', 'WCX', '9999', null, '1', '120.092453', '27.789133', null);
INSERT INTO `bs_city` VALUES ('3840', '', 'wuhuxian', '340220', 'WH', '9999', null, '1', '118.572304', '31.145262', null);
INSERT INTO `bs_city` VALUES ('3841', '', 'wuyishan', '350782', 'WYS', '9999', null, '1', '118.032799', '27.751734', null);
INSERT INTO `bs_city` VALUES ('3842', '', 'wuping', '350824', 'WP', '9999', null, '1', '116.100929', '25.08865', null);
INSERT INTO `bs_city` VALUES ('3843', '', 'wuning', '360423', 'WN', '9999', null, '1', '115.105644', '29.260181', null);
INSERT INTO `bs_city` VALUES ('3844', '', 'wanan', '360828', 'WA', '9999', null, '1', '114.784691', '26.462086', null);
INSERT INTO `bs_city` VALUES ('3845', '', 'wanzai', '360922', 'WZ', '9999', null, '1', '114.449013', '28.104528', null);
INSERT INTO `bs_city` VALUES ('3846', '', 'wannian', '361129', 'WN', '9999', null, '1', '117.070152', '28.692589', null);
INSERT INTO `bs_city` VALUES ('3847', '', 'wuyuan', '361130', 'WY', '9999', null, '1', '117.86219', '29.254015', null);
INSERT INTO `bs_city` VALUES ('3848', '', 'wulian', '371121', 'WLX', '9999', null, '1', '119.206741', '35.751938', null);
INSERT INTO `bs_city` VALUES ('3849', '', 'wugang', '410481', 'WG', '9999', null, '1', '113.526253', '33.302082', null);
INSERT INTO `bs_city` VALUES ('3850', '', 'wuming', '450122', 'WM', '9999', null, '1', '108.280716', '23.157164', null);
INSERT INTO `bs_city` VALUES ('3851', '', 'wuxuan', '451323', 'WX', '9999', null, '1', '109.662872', '23.604162', null);
INSERT INTO `bs_city` VALUES ('3852', '', 'wusheng', '511622', 'WS', '9999', null, '1', '106.292473', '30.344292', null);
INSERT INTO `bs_city` VALUES ('3853', '', 'wuchuangelaozumiaozuzizhixian', '520326', 'WCGLZMZZZX', '9999', null, '1', '107.887856', '28.521566', null);
INSERT INTO `bs_city` VALUES ('3854', '', 'weiningyizuhuizumiaozuzizhixian', '520526', 'WNYZHZMZZZX', '9999', null, '1', '104.286522', '26.859098', null);
INSERT INTO `bs_city` VALUES ('3855', '', 'wangmo', '522326', 'WM', '9999', null, '1', '106.09156', '25.166668', null);
INSERT INTO `bs_city` VALUES ('3856', '', 'wengan', '522725', 'WA', '9999', null, '1', '107.478416', '27.066339', null);
INSERT INTO `bs_city` VALUES ('3857', '', 'weixin', '530629', 'WX', '9999', null, '1', '105.048691', '27.843382', null);
INSERT INTO `bs_city` VALUES ('3858', '', 'wuding', '532329', 'WD', '9999', null, '1', '102.406784', '25.5301', null);
INSERT INTO `bs_city` VALUES ('3859', '', 'weishanyizuhuizuzizhixian', '532927', 'WSYZHZZZX', '9999', null, '1', '100.30793', '25.230909', null);
INSERT INTO `bs_city` VALUES ('3860', '', 'weixilisuzuzizhixian', '533423', 'WXLSZZZX', '9999', null, '1', '99.286354', '27.180948', null);
INSERT INTO `bs_city` VALUES ('3861', '', 'wuqi', '610626', 'WQ', '9999', null, '1', '108.176979', '36.92485', null);
INSERT INTO `bs_city` VALUES ('3862', '', 'wuji', '130130', 'WJ', '9999', null, '1', '114.977844', '38.176376', null);
INSERT INTO `bs_city` VALUES ('3863', '', 'wuyingqu', '230710', 'WYQ', '9999', null, '1', '129.245026', '48.108204', null);
INSERT INTO `bs_city` VALUES ('3864', '', 'wuyilingqu', '230714', 'WYLQ', '9999', null, '1', '129.437851', '48.591122', null);
INSERT INTO `bs_city` VALUES ('3865', '', 'wanliqu', '360105', 'WLQ', '9999', null, '1', '115.746628', '28.676081', null);
INSERT INTO `bs_city` VALUES ('3866', '', 'xiamen', '0592', 'XM', '7', null, '1', '118.089478', '24.479509', '1');
INSERT INTO `bs_city` VALUES ('3867', '', 'xian', '029', 'XA', '24', null, '1', '108.939842', '34.34127', null);
INSERT INTO `bs_city` VALUES ('3868', '', 'xiangtan', '0732', 'XT', '80', null, '1', '112.944107', '27.82975', null);
INSERT INTO `bs_city` VALUES ('3869', '', 'xuzhou', '0516', 'XZ', '2000', null, '1', '117.285767', '34.204399', null);
INSERT INTO `bs_city` VALUES ('3870', '', 'xinxiang', '0373', 'XX', '2000', null, '1', '113.92675', '35.30323', null);
INSERT INTO `bs_city` VALUES ('3871', '', 'xianyang', '0910', 'XY', '2000', null, '1', '108.70929', '34.329319', null);
INSERT INTO `bs_city` VALUES ('3872', '', 'xinyu', '0790', 'XY', '2000', null, '1', '114.91713', '27.81776', null);
INSERT INTO `bs_city` VALUES ('3873', '', 'xingtai', '0319', 'XT', '2000', null, '1', '114.504433', '37.070549', null);
INSERT INTO `bs_city` VALUES ('3874', '', 'xuchang', '0374', 'XC', '2000', null, '1', '113.852333', '34.035702', null);
INSERT INTO `bs_city` VALUES ('3875', '', 'xiaogan', '0712', 'XG', '2000', null, '1', '113.916451', '30.924829', null);
INSERT INTO `bs_city` VALUES ('3876', '', 'xianggang', '00852', 'XG', '2000', null, '1', '114.163826', '22.276283', null);
INSERT INTO `bs_city` VALUES ('3877', '', 'xianning', '0715', 'XN', '2000', null, '1', '114.322449', '29.841261', null);
INSERT INTO `bs_city` VALUES ('3878', '', 'xining', '0971', 'XN', '2000', null, '1', '101.777817', '36.61729', null);
INSERT INTO `bs_city` VALUES ('3879', '', 'xinyang', '0376', 'XY', '2000', null, '1', '114.092789', '32.147141', null);
INSERT INTO `bs_city` VALUES ('3880', '', 'xiangyang', '0710', 'XY', '2000', null, '1', '112.122551', '32.008999', null);
INSERT INTO `bs_city` VALUES ('3881', '', 'xinzhou', '0350', 'XZ', '2000', null, '1', '112.734177', '38.416698', null);
INSERT INTO `bs_city` VALUES ('3882', '', 'xichang', '0843', 'XC', '2000', null, '1', '102.263046', '27.894489', null);
INSERT INTO `bs_city` VALUES ('3883', '', 'xuancheng', '0563', 'XC', '2000', null, '1', '118.758659', '30.940781', null);
INSERT INTO `bs_city` VALUES ('3884', '', 'xiaoxian', '200022', 'XX', '2000', null, '1', '116.947243', '34.188759', null);
INSERT INTO `bs_city` VALUES ('3885', '', 'xianyou', '200047', 'XY', '2000', null, '1', '118.691811', '25.36215', null);
INSERT INTO `bs_city` VALUES ('3886', '', 'xiapu', '200058', 'XP', '2000', null, '1', '120.005562', '26.88517', null);
INSERT INTO `bs_city` VALUES ('3887', '', 'xingning', '200089', 'XN', '2000', null, '1', '115.731194', '24.136499', null);
INSERT INTO `bs_city` VALUES ('3888', '', 'xinyi', '200099', 'XY', '2000', null, '1', '110.947098', '22.35429', null);
INSERT INTO `bs_city` VALUES ('3889', '', 'xuwen', '200104', 'XW', '2000', null, '1', '110.175018', '20.326521', null);
INSERT INTO `bs_city` VALUES ('3890', '', 'xingyi', '200117', 'XY', '2000', null, '1', '104.895531', '25.091921', null);
INSERT INTO `bs_city` VALUES ('3891', '', 'xinji', '200144', 'XJ', '2000', null, '1', '115.217918', '37.943161', null);
INSERT INTO `bs_city` VALUES ('3892', '', 'xushui', '200147', 'XS', '2000', null, '1', '115.655861', '39.01865', null);
INSERT INTO `bs_city` VALUES ('3893', '', 'xianghe', '200159', 'XH', '2000', null, '1', '117.006447', '39.761421', null);
INSERT INTO `bs_city` VALUES ('3894', '', 'xinle', '200160', 'XL', '2000', null, '1', '114.683838', '38.34338', null);
INSERT INTO `bs_city` VALUES ('3895', '', 'xinmi', '200171', 'XM', '2000', null, '1', '113.390442', '34.53952', null);
INSERT INTO `bs_city` VALUES ('3896', '', 'xiangcheng', '200173', 'XC', '2000', null, '1', '114.875618', '33.467232', null);
INSERT INTO `bs_city` VALUES ('3897', '', 'xinzheng', '200174', 'XZ', '2000', null, '1', '113.741608', '34.396049', null);
INSERT INTO `bs_city` VALUES ('3898', '', 'xingyang', '200190', 'XY', '2000', null, '1', '113.383492', '34.787621', null);
INSERT INTO `bs_city` VALUES ('3899', '', 'xiayi', '200193', 'XY', '2000', null, '1', '116.129692', '34.239288', null);
INSERT INTO `bs_city` VALUES ('3900', '', 'xixian', '200196', 'XX', '2000', null, '1', '114.740242', '32.342819', null);
INSERT INTO `bs_city` VALUES ('3901', '', 'xichuan', '200201', 'XC', '2000', null, '1', '111.490784', '33.138149', null);
INSERT INTO `bs_city` VALUES ('3902', '', 'xihua', '200207', 'XH', '2000', null, '1', '114.529739', '33.76754', null);
INSERT INTO `bs_city` VALUES ('3903', '', 'xinye', '200214', 'XY', '2000', null, '1', '112.360062', '32.520931', null);
INSERT INTO `bs_city` VALUES ('3904', '', 'xincai', '200215', 'XC', '2000', null, '1', '114.98571', '32.74926', null);
INSERT INTO `bs_city` VALUES ('3905', '', 'xiangcheng', '200217', 'XC', '2000', null, '1', '113.506691', '33.850719', null);
INSERT INTO `bs_city` VALUES ('3906', '', 'xixia', '200221', 'XX', '2000', null, '1', '111.472443', '33.305599', null);
INSERT INTO `bs_city` VALUES ('3907', '', 'xiping', '200222', 'XP', '2000', null, '1', '114.021584', '33.387798', null);
INSERT INTO `bs_city` VALUES ('3908', '', 'xinan', '200232', 'XA', '2000', null, '1', '112.132423', '34.72818', null);
INSERT INTO `bs_city` VALUES ('3909', '', 'xishui', '200271', 'XS', '2000', null, '1', '115.265511', '30.451839', null);
INSERT INTO `bs_city` VALUES ('3910', '', 'xiaochang', '200285', 'XC', '2000', null, '1', '113.998016', '31.25803', null);
INSERT INTO `bs_city` VALUES ('3911', '', 'xiangyin', '200307', 'XY', '2000', null, '1', '112.909172', '28.689251', null);
INSERT INTO `bs_city` VALUES ('3912', '', 'xinhua', '200318', 'XH', '2000', null, '1', '111.327431', '27.726629', null);
INSERT INTO `bs_city` VALUES ('3913', '', 'xiangxiang', '200326', 'XX', '2000', null, '1', '112.535042', '27.7341', null);
INSERT INTO `bs_city` VALUES ('3914', '', 'xinshao', '200327', 'XS', '2000', null, '1', '111.459', '27.32091', null);
INSERT INTO `bs_city` VALUES ('3915', '', 'xupu', '200329', 'XP', '2000', null, '1', '110.594856', '27.90834', null);
INSERT INTO `bs_city` VALUES ('3916', '', 'xinning', '200341', 'XN', '2000', null, '1', '110.856743', '26.43346', null);
INSERT INTO `bs_city` VALUES ('3917', '', 'xinghua', '200375', 'XH', '2000', null, '1', '119.852722', '32.910412', null);
INSERT INTO `bs_city` VALUES ('3918', '', 'xinyi', '200389', 'XY', '2000', null, '1', '118.355476', '34.36927', null);
INSERT INTO `bs_city` VALUES ('3919', '', 'xuyi', '200405', 'XY', '2000', null, '1', '118.544991', '33.010891', null);
INSERT INTO `bs_city` VALUES ('3920', '', 'xiangshui', '200409', 'XS', '2000', null, '1', '119.578392', '34.199188', null);
INSERT INTO `bs_city` VALUES ('3921', '', 'xinjian', '200414', 'XJ', '2000', null, '1', '115.651123', '28.333691', null);
INSERT INTO `bs_city` VALUES ('3922', '', 'xinfeng', '200422', 'XF', '2000', null, '1', '114.922852', '25.386169', null);
INSERT INTO `bs_city` VALUES ('3923', '', 'xiushui', '200429', 'XS', '2000', null, '1', '114.546883', '29.02533', null);
INSERT INTO `bs_city` VALUES ('3924', '', 'xingguo', '200436', 'XG', '2000', null, '1', '115.363136', '26.33779', null);
INSERT INTO `bs_city` VALUES ('3925', '', 'xinmin', '200453', 'XM', '2000', null, '1', '122.828003', '41.997669', null);
INSERT INTO `bs_city` VALUES ('3926', '', 'xingcheng', '200458', 'XC', '2000', null, '1', '120.756187', '40.610191', null);
INSERT INTO `bs_city` VALUES ('3927', '', 'xilinhaote', '200466', 'XLHT', '2000', null, '1', '116.086082', '43.933392', null);
INSERT INTO `bs_city` VALUES ('3928', '', 'xintai', '200470', 'XT', '2000', null, '1', '117.767998', '35.908779', null);
INSERT INTO `bs_city` VALUES ('3929', '', 'xiajin', '200530', 'XJ', '2000', null, '1', '116.001747', '36.948559', null);
INSERT INTO `bs_city` VALUES ('3930', '', 'xiaoyi', '200543', 'XY', '2000', null, '1', '111.77903', '37.14534', null);
INSERT INTO `bs_city` VALUES ('3931', '', 'xuanhan', '200565', 'XH', '2000', null, '1', '107.727097', '31.353861', null);
INSERT INTO `bs_city` VALUES ('3932', '', 'xuanwei', '200605', 'XW', '2000', null, '1', '104.104477', '26.219891', null);
INSERT INTO `bs_city` VALUES ('3933', '', 'xiangyun', '200618', 'XY', '2000', null, '1', '100.550591', '25.48381', null);
INSERT INTO `bs_city` VALUES ('3934', '', 'xiangshan', '200644', 'XS', '2000', null, '1', '121.869324', '29.47665', null);
INSERT INTO `bs_city` VALUES ('3935', '', 'xinchang', '200655', 'XC', '2000', null, '1', '120.903847', '29.49983', null);
INSERT INTO `bs_city` VALUES ('3936', '', 'xianju', '200656', 'XJ', '2000', null, '1', '120.728813', '28.84683', null);
INSERT INTO `bs_city` VALUES ('3937', '', 'xiantao', '0728', 'XT', '9999', null, '1', '113.454498', '30.362511', null);
INSERT INTO `bs_city` VALUES ('3938', '', 'xunwu', '360734', 'XW', '9999', null, '1', '115.646729', '24.963511', null);
INSERT INTO `bs_city` VALUES ('3939', '', 'xinhe', '130530', 'XH', '9999', null, '1', '115.247536', '37.526215', null);
INSERT INTO `bs_city` VALUES ('3940', '', 'xiongxian', '130638', 'XX', '9999', null, '1', '116.107475', '38.990818', null);
INSERT INTO `bs_city` VALUES ('3941', '', 'xinglong', '130822', 'XL', '9999', null, '1', '117.507095', '40.418526', null);
INSERT INTO `bs_city` VALUES ('3942', '', 'xianxian', '130929', 'XX', '9999', null, '1', '116.12384', '38.189659', null);
INSERT INTO `bs_city` VALUES ('3943', '', 'xiangyuan', '140423', 'XYX', '9999', null, '1', '113.050095', '36.532852', null);
INSERT INTO `bs_city` VALUES ('3944', '', 'xinjiang', '140825', 'XJ', '9999', null, '1', '111.225204', '35.613697', null);
INSERT INTO `bs_city` VALUES ('3945', '', 'xiangfen', '141023', 'XF', '9999', null, '1', '111.442932', '35.876141', null);
INSERT INTO `bs_city` VALUES ('3946', '', 'xinbaerhuzuoqi', '150726', 'XBEHZQ', '9999', null, '1', '118.267456', '48.216572', null);
INSERT INTO `bs_city` VALUES ('3947', '', 'xinbaerhuyouqi', '150727', 'XBEHYQ', '9999', null, '1', '116.825989', '48.669132', null);
INSERT INTO `bs_city` VALUES ('3948', '', 'xinghe', '150924', 'XH', '9999', null, '1', '113.834007', '40.872437', null);
INSERT INTO `bs_city` VALUES ('3949', '', 'xinganmeng', '152200', 'XAM', '9999', null, '1', '122.07032', '46.076267', null);
INSERT INTO `bs_city` VALUES ('3950', '', 'xiwuzhumuqinqi', '152526', 'XWZMQQ', '9999', null, '1', '117.61525', '44.586147', null);
INSERT INTO `bs_city` VALUES ('3951', '', 'xianghuangqi', '152528', 'XHQ', '9999', null, '1', '113.843872', '42.239227', null);
INSERT INTO `bs_city` VALUES ('3952', '', 'xiuyanmanzuzizhixian', '210323', 'XYMZZZX', '9999', null, '1', '123.28833', '40.281509', null);
INSERT INTO `bs_city` VALUES ('3953', '', 'xinbinmanzuzizhixian', '210422', 'XBMZZZX', '9999', null, '1', '125.037544', '41.732456', null);
INSERT INTO `bs_city` VALUES ('3954', '', 'xifeng', '211223', 'XF', '9999', null, '1', '124.72332', '42.738091', null);
INSERT INTO `bs_city` VALUES ('3955', '', 'xunke', '231123', 'XK', '9999', null, '1', '128.476151', '49.582973', null);
INSERT INTO `bs_city` VALUES ('3956', '', 'xingtang', '130125', 'XT', '9999', null, '1', '114.552734', '38.437424', null);
INSERT INTO `bs_city` VALUES ('3957', '', 'xingzi', '360427', 'XZ', '9999', null, '1', '116.043739', '29.456169', null);
INSERT INTO `bs_city` VALUES ('3958', '', 'xiajiang', '360823', 'XJ', '9999', null, '1', '115.319328', '27.580862', null);
INSERT INTO `bs_city` VALUES ('3959', '', 'xingan', '360824', 'XG', '9999', null, '1', '115.399292', '27.755758', null);
INSERT INTO `bs_city` VALUES ('3960', '', 'xinxiang', '410721', 'XX', '9999', null, '1', '113.780563', '35.187477', null);
INSERT INTO `bs_city` VALUES ('3961', '', 'xiuwu', '410821', 'XW', '9999', null, '1', '113.447464', '35.229923', null);
INSERT INTO `bs_city` VALUES ('3962', '', 'xuchangxian', '411023', 'XCX', '9999', null, '1', '113.800606', '33.995064', null);
INSERT INTO `bs_city` VALUES ('3963', '', 'xinxian', '411523', 'XX', '9999', null, '1', '114.877052', '31.635151', null);
INSERT INTO `bs_city` VALUES ('3964', '', 'xingshan', '420526', 'XSX', '9999', null, '1', '110.754501', '31.34795', null);
INSERT INTO `bs_city` VALUES ('3965', '', 'xiangtanxian', '430320', 'XT', '9999', null, '1', '112.952827', '27.778601', null);
INSERT INTO `bs_city` VALUES ('3966', '', 'xintian', '431128', 'XT', '9999', null, '1', '112.220345', '25.906927', null);
INSERT INTO `bs_city` VALUES ('3967', '', 'xinxing', '445321', 'XX', '9999', null, '1', '112.230827', '22.703203', null);
INSERT INTO `bs_city` VALUES ('3968', '', 'xingan', '450325', 'XA', '9999', null, '1', '110.670784', '25.609554', null);
INSERT INTO `bs_city` VALUES ('3969', '', 'xingye', '450924', 'XY', '9999', null, '1', '109.877769', '22.741871', null);
INSERT INTO `bs_city` VALUES ('3970', '', 'xilin', '451030', 'XL', '9999', null, '1', '105.095024', '24.492041', null);
INSERT INTO `bs_city` VALUES ('3971', '', 'xincheng', '451321', 'XC', '9999', null, '1', '108.667358', '24.064779', null);
INSERT INTO `bs_city` VALUES ('3972', '', 'xiangzhou', '451322', 'XZ', '9999', null, '1', '109.684555', '23.959824', null);
INSERT INTO `bs_city` VALUES ('3973', '', 'xiushantujiazumiaozuzizhixian', '500241', 'XSTJZMZZZX', '9999', null, '1', '108.99604', '28.444773', null);
INSERT INTO `bs_city` VALUES ('3974', '', 'xinjin', '510132', 'XJ', '9999', null, '1', '103.812447', '30.414284', null);
INSERT INTO `bs_city` VALUES ('3975', '', 'xuyong', '510524', 'XY', '9999', null, '1', '105.437775', '28.167919', null);
INSERT INTO `bs_city` VALUES ('3976', '', 'xichong', '511325', 'XC', '9999', null, '1', '105.893021', '30.994616', null);
INSERT INTO `bs_city` VALUES ('3977', '', 'xifeng', '520122', 'XF', '9999', null, '1', '106.737694', '27.092665', null);
INSERT INTO `bs_city` VALUES ('3978', '', 'xiuwen', '520123', 'XW', '9999', null, '1', '106.59922', '26.840672', null);
INSERT INTO `bs_city` VALUES ('3979', '', 'xishui', '520330', 'XS', '9999', null, '1', '106.200951', '28.327826', null);
INSERT INTO `bs_city` VALUES ('3980', '', 'xingren', '522322', 'XR', '9999', null, '1', '105.19278', '25.431377', null);
INSERT INTO `bs_city` VALUES ('3981', '', 'xundianhuizuyizuzizhixian', '530129', 'XDHZYZZZX', '9999', null, '1', '103.257591', '25.559475', null);
INSERT INTO `bs_city` VALUES ('3982', '', 'xinpingyizudaizuzizhixian', '530427', 'XPYZDZZZX', '9999', null, '1', '101.990906', '24.066401', null);
INSERT INTO `bs_city` VALUES ('3983', '', 'ximengwazuzizhixian', '530829', 'XMWZZZX', '9999', null, '1', '99.594376', '22.644423', null);
INSERT INTO `bs_city` VALUES ('3984', '', 'xichou', '532623', 'XC', '9999', null, '1', '104.675713', '23.437439', null);
INSERT INTO `bs_city` VALUES ('3985', '', 'xishuangbannadaizuzizhizhou', '532800', 'XSBNDZZZZ', '9999', null, '1', '100.797943', '22.001724', null);
INSERT INTO `bs_city` VALUES ('3986', '', 'xianggelila', '533421', 'XGLL', '9999', null, '1', '99.708664', '27.825804', null);
INSERT INTO `bs_city` VALUES ('3987', '', 'xingping', '610481', 'XP', '9999', null, '1', '108.488495', '34.297134', null);
INSERT INTO `bs_city` VALUES ('3988', '', 'xinzhouqu', '420117', 'XZQ', '9999', null, '1', '114.802109', '30.84215', null);
INSERT INTO `bs_city` VALUES ('3989', '', 'yingkou', '04171', 'YK', '80', null, '1', '122.234901', '40.666828', null);
INSERT INTO `bs_city` VALUES ('3990', '', 'yunfu', '07662', 'YF', '1900', null, '1', '112.044533', '22.915251', null);
INSERT INTO `bs_city` VALUES ('3991', '', 'yangzhou', '0514', 'YZ', '2000', null, '1', '119.412689', '32.393581', null);
INSERT INTO `bs_city` VALUES ('3992', '', 'yancheng', '0515', 'YC', '2000', null, '1', '120.161636', '33.34951', null);
INSERT INTO `bs_city` VALUES ('3993', '', 'yantai', '0535', 'YT', '2000', null, '1', '121.448013', '37.463531', null);
INSERT INTO `bs_city` VALUES ('3994', '', 'yichang', '0717', 'YC', '2000', null, '1', '111.286423', '30.69186', null);
INSERT INTO `bs_city` VALUES ('3995', '', 'yibin', '0831', 'YB', '2000', null, '1', '104.641701', '28.751301', null);
INSERT INTO `bs_city` VALUES ('3996', '', 'yiyang', '0737', 'YY', '2000', null, '1', '112.355164', '28.553909', null);
INSERT INTO `bs_city` VALUES ('3997', '', 'yueyang', '0730', 'YY', '2000', null, '1', '113.129189', '29.357281', null);
INSERT INTO `bs_city` VALUES ('3998', '', 'yichun', '0795', 'YC', '2000', null, '1', '114.416122', '27.81443', null);
INSERT INTO `bs_city` VALUES ('3999', '', 'yuncheng', '0359', 'YC', '2000', null, '1', '111.006989', '35.026279', null);
INSERT INTO `bs_city` VALUES ('4000', '', 'yan bian', '0433', 'YBZXZZZZ', '2000', null, '1', '129.509094', '42.89119', null);
INSERT INTO `bs_city` VALUES ('4001', '', 'yongzhou', '0746', 'YZ', '2000', null, '1', '111.612251', '26.42034', null);
INSERT INTO `bs_city` VALUES ('4002', '', 'yiwu', '579', 'YW', '2000', null, '1', '120.074677', '29.30558', null);
INSERT INTO `bs_city` VALUES ('4003', '', 'yinchuan', '0951', 'YC', '2000', null, '1', '106.232483', '38.486439', null);
INSERT INTO `bs_city` VALUES ('4004', '', 'yangjiang', '0662', 'YJ', '2000', null, '1', '111.982559', '21.85829', null);
INSERT INTO `bs_city` VALUES ('4005', '', 'yaan', '0835', 'YA', '2000', null, '1', '103.039803', '30.01543', null);
INSERT INTO `bs_city` VALUES ('4006', '', 'yanan', '0911', 'YA', '2000', null, '1', '109.489777', '36.585289', null);
INSERT INTO `bs_city` VALUES ('4007', '', 'yulin', '0775', 'YL', '2000', null, '1', '110.180977', '22.65451', null);
INSERT INTO `bs_city` VALUES ('4008', '', 'yuxi', '0877', 'YX', '2000', null, '1', '102.5466', '24.351931', null);
INSERT INTO `bs_city` VALUES ('4009', '', 'yizhou', '0778', 'YZ', '2000', null, '1', '108.636559', '24.48513', null);
INSERT INTO `bs_city` VALUES ('4010', '', 'yulin', '0912', 'YL', '2000', null, '1', '109.734581', '38.285198', null);
INSERT INTO `bs_city` VALUES ('4011', '', 'yiningshi', '0999', 'YNS', '2000', null, '1', '81.277252', '43.9095', null);
INSERT INTO `bs_city` VALUES ('4012', '', 'yongchuan', '10028', 'YC', '2000', null, '1', '105.927094', '29.356001', null);
INSERT INTO `bs_city` VALUES ('4013', '', 'yubei', '10029', 'YB', '2000', null, '1', '106.630432', '29.717979', null);
INSERT INTO `bs_city` VALUES ('4014', '', 'yuzhong', '10030', 'YZ', '2000', null, '1', '106.568604', '29.553141', null);
INSERT INTO `bs_city` VALUES ('4015', '', 'yingshang', '200003', 'YS', '2000', null, '1', '116.264549', '32.628929', null);
INSERT INTO `bs_city` VALUES ('4016', '', 'yanqing', '200040', 'YQ', '2000', null, '1', '115.975029', '40.456779', null);
INSERT INTO `bs_city` VALUES ('4017', '', 'yongchun', '200052', 'YC', '2000', null, '1', '118.294243', '25.32188', null);
INSERT INTO `bs_city` VALUES ('4018', '', 'yongan', '200053', 'YA', '2000', null, '1', '117.365181', '25.94138', null);
INSERT INTO `bs_city` VALUES ('4019', '', 'yunxiao', '200061', 'YX', '2000', null, '1', '117.339653', '23.958059', null);
INSERT INTO `bs_city` VALUES ('4020', '', 'youxi', '200067', 'YX', '2000', null, '1', '118.190491', '26.17004', null);
INSERT INTO `bs_city` VALUES ('4021', '', 'yingde', '200094', 'YD', '2000', null, '1', '113.415047', '24.18572', null);
INSERT INTO `bs_city` VALUES ('4022', '', 'yangchun', '200102', 'YC', '2000', null, '1', '111.791527', '22.1703', null);
INSERT INTO `bs_city` VALUES ('4023', '', 'yangdong', '200111', 'YD', '2000', null, '1', '112.006699', '21.86829', null);
INSERT INTO `bs_city` VALUES ('4024', '', 'yongnian', '200135', 'YN', '2000', null, '1', '114.490952', '36.77771', null);
INSERT INTO `bs_city` VALUES ('4025', '', 'yutian', '200137', 'YT', '2000', null, '1', '117.738808', '39.900501', null);
INSERT INTO `bs_city` VALUES ('4026', '', 'yanshan', '200163', 'YS', '2000', null, '1', '117.230247', '38.0583', null);
INSERT INTO `bs_city` VALUES ('4027', '', 'yongcheng', '200169', 'YC', '2000', null, '1', '116.449463', '33.92915', null);
INSERT INTO `bs_city` VALUES ('4028', '', 'yuzhou', '200170', 'YZ', '2000', null, '1', '113.487938', '34.14048', null);
INSERT INTO `bs_city` VALUES ('4029', '', 'yanshi', '200186', 'YS', '2000', null, '1', '112.78965', '34.727631', null);
INSERT INTO `bs_city` VALUES ('4030', '', 'yucheng', '200191', 'YC', '2000', null, '1', '115.865189', '34.397369', null);
INSERT INTO `bs_city` VALUES ('4031', '', 'yexian', '200203', 'YX', '2000', null, '1', '113.357368', '33.626831', null);
INSERT INTO `bs_city` VALUES ('4032', '', 'yichuan', '200224', 'YC', '2000', null, '1', '112.425682', '34.421349', null);
INSERT INTO `bs_city` VALUES ('4033', '', 'yanling', '200231', 'YL', '2000', null, '1', '114.177391', '34.102329', null);
INSERT INTO `bs_city` VALUES ('4034', '', 'yuanyang', '200238', 'YY', '2000', null, '1', '113.939972', '35.065689', null);
INSERT INTO `bs_city` VALUES ('4035', '', 'yichun', '200242', 'YC', '2000', null, '1', '128.840485', '47.72752', null);
INSERT INTO `bs_city` VALUES ('4036', '', 'yingcheng', '200268', 'YC', '2000', null, '1', '113.572922', '30.928379', null);
INSERT INTO `bs_city` VALUES ('4037', '', 'yangxin', '200273', 'YX', '2000', null, '1', '115.215302', '29.830391', null);
INSERT INTO `bs_city` VALUES ('4038', '', 'yunmeng', '200278', 'YM', '2000', null, '1', '113.753311', '31.02103', null);
INSERT INTO `bs_city` VALUES ('4039', '', 'yicheng', '200282', 'YC', '2000', null, '1', '112.257759', '31.719761', null);
INSERT INTO `bs_city` VALUES ('4040', '', 'yunxian', '200289', 'YX', '2000', null, '1', '110.811974', '32.834881', null);
INSERT INTO `bs_city` VALUES ('4041', '', 'yidu', '200291', 'YD', '2000', null, '1', '111.450104', '30.37846', null);
INSERT INTO `bs_city` VALUES ('4042', '', 'youxian', '200309', 'YX', '2000', null, '1', '113.345688', '27.000231', null);
INSERT INTO `bs_city` VALUES ('4043', '', 'yuanjiang', '200314', 'YJ', '2000', null, '1', '112.354683', '28.844021', null);
INSERT INTO `bs_city` VALUES ('4044', '', 'yizhang', '200323', 'YZ', '2000', null, '1', '112.948868', '25.39957', null);
INSERT INTO `bs_city` VALUES ('4045', '', 'yongxing', '200332', 'YX', '2000', null, '1', '113.116592', '26.127199', null);
INSERT INTO `bs_city` VALUES ('4046', '', 'yuanling', '200340', 'YL', '2000', null, '1', '110.393883', '28.45277', null);
INSERT INTO `bs_city` VALUES ('4047', '', 'yongshun', '200348', 'YS', '2000', null, '1', '109.848068', '29.00515', null);
INSERT INTO `bs_city` VALUES ('4048', '', 'yushu', '200351', 'YS', '2000', null, '1', '126.532997', '44.83989', null);
INSERT INTO `bs_city` VALUES ('4049', '', 'yizheng', '200408', 'YZ', '2000', null, '1', '119.184441', '32.27203', null);
INSERT INTO `bs_city` VALUES ('4050', '', 'yangzhong', '200412', 'YZ', '2000', null, '1', '119.796822', '32.237019', null);
INSERT INTO `bs_city` VALUES ('4051', '', 'yugan', '200421', 'YG', '2000', null, '1', '116.695602', '28.70211', null);
INSERT INTO `bs_city` VALUES ('4052', '', 'yudu', '200423', 'YD', '2000', null, '1', '115.415443', '25.951839', null);
INSERT INTO `bs_city` VALUES ('4053', '', 'yushan', '200424', 'YS', '2000', null, '1', '118.244812', '28.68194', null);
INSERT INTO `bs_city` VALUES ('4054', '', 'yanshan', '200425', 'YS', '2000', null, '1', '117.709419', '28.31535', null);
INSERT INTO `bs_city` VALUES ('4055', '', 'yongxin', '200432', 'YX', '2000', null, '1', '114.243073', '26.944981', null);
INSERT INTO `bs_city` VALUES ('4056', '', 'yongxiu', '200437', 'YX', '2000', null, '1', '115.809158', '29.020969', null);
INSERT INTO `bs_city` VALUES ('4057', '', 'yakeshi', '200461', 'YKS', '2000', null, '1', '120.711739', '49.285629', null);
INSERT INTO `bs_city` VALUES ('4058', '', 'yishui', '200476', 'YS', '2000', null, '1', '118.627823', '35.79034', null);
INSERT INTO `bs_city` VALUES ('4059', '', 'yuncheng', '200482', 'YC', '2000', null, '1', '115.943642', '35.599838', null);
INSERT INTO `bs_city` VALUES ('4060', '', 'yinan', '200487', 'YN', '2000', null, '1', '118.46566', '35.550011', null);
INSERT INTO `bs_city` VALUES ('4061', '', 'yanzhou', '200492', 'YZ', '2000', null, '1', '116.785698', '35.552601', null);
INSERT INTO `bs_city` VALUES ('4062', '', 'yanggu', '200504', 'YG', '2000', null, '1', '115.791313', '36.114471', null);
INSERT INTO `bs_city` VALUES ('4063', '', 'yiyuan', '200523', 'YY', '2000', null, '1', '118.170769', '36.184879', null);
INSERT INTO `bs_city` VALUES ('4064', '', 'yucheng', '200538', 'YC', '2000', null, '1', '116.63813', '36.933941', null);
INSERT INTO `bs_city` VALUES ('4065', '', 'yangquan', '200541', 'YQ', '2000', null, '1', '113.580467', '37.856682', null);
INSERT INTO `bs_city` VALUES ('4066', '', 'yuanping', '200548', 'YP', '2000', null, '1', '112.710922', '38.730511', null);
INSERT INTO `bs_city` VALUES ('4067', '', 'yongji', '200550', 'YJ', '2000', null, '1', '110.447731', '34.867161', null);
INSERT INTO `bs_city` VALUES ('4068', '', 'yilong', '200559', 'YL', '2000', null, '1', '106.303299', '31.269979', null);
INSERT INTO `bs_city` VALUES ('4069', '', 'yingshan', '200585', 'YS', '2000', null, '1', '106.565529', '31.0767', null);
INSERT INTO `bs_city` VALUES ('4070', '', 'yuechi', '200590', 'YC', '2000', null, '1', '106.43988', '30.537951', null);
INSERT INTO `bs_city` VALUES ('4071', '', 'yining', '200600', 'YN', '2000', null, '1', '81.277252', '43.9095', null);
INSERT INTO `bs_city` VALUES ('4072', '', 'yiliang', '200614', 'YL', '2000', null, '1', '103.14119', '24.92005', null);
INSERT INTO `bs_city` VALUES ('4073', '', 'yanshan', '200619', 'YS', '2000', null, '1', '104.33709', '23.60586', null);
INSERT INTO `bs_city` VALUES ('4074', '', 'yuyao', '200625', 'YY', '2000', null, '1', '121.15435', '30.037109', null);
INSERT INTO `bs_city` VALUES ('4075', '', 'yongjia', '200632', 'YJ', '2000', null, '1', '120.691711', '28.15336', null);
INSERT INTO `bs_city` VALUES ('4076', '', 'yuhuan', '200637', 'YH', '2000', null, '1', '121.231644', '28.135889', null);
INSERT INTO `bs_city` VALUES ('4077', '', 'yongkang', '200638', 'YK', '2000', null, '1', '120.04731', '28.88851', null);
INSERT INTO `bs_city` VALUES ('4078', '', 'yunyang', '200667', 'YY', '2000', null, '1', '108.696983', '30.93063', null);
INSERT INTO `bs_city` VALUES ('4079', '', 'yixin', '05102', 'YX', '9999', null, '1', '119.823463', '31.34042', null);
INSERT INTO `bs_city` VALUES ('4080', '', 'yanji', '04331', 'YJ', '9999', null, '1', '129.509094', '42.891071', null);
INSERT INTO `bs_city` VALUES ('4081', '', 'yingtan', '0701', 'YT', '9999', null, '1', '117.069191', '28.260189', null);
INSERT INTO `bs_city` VALUES ('4082', '', 'yixian', '130633', 'YX', '9999', null, '1', '115.501144', '39.35297', null);
INSERT INTO `bs_city` VALUES ('4083', '', 'yuxian', '130726', 'YX', '9999', null, '1', '114.582695', '39.837181', null);
INSERT INTO `bs_city` VALUES ('4084', '', 'yangyuan', '130727', 'YY', '9999', null, '1', '114.167343', '40.113419', null);
INSERT INTO `bs_city` VALUES ('4085', '', 'yongqing', '131023', 'YQ', '9999', null, '1', '116.498093', '39.319717', null);
INSERT INTO `bs_city` VALUES ('4086', '', 'yuxian', '140322', 'YX', '9999', null, '1', '113.412231', '38.086132', null);
INSERT INTO `bs_city` VALUES ('4087', '', 'yijinhuoluoqi', '150627', 'YJHLQ', '9999', null, '1', '109.787399', '39.604313', null);
INSERT INTO `bs_city` VALUES ('4088', '', 'yixian', '210727', 'YX', '9999', null, '1', '121.242828', '41.537224', null);
INSERT INTO `bs_city` VALUES ('4089', '', 'yongji', '220221', 'YJX', '9999', null, '1', '126.501625', '43.667416', null);
INSERT INTO `bs_city` VALUES ('4090', '', 'yitongmanzuzizhixian', '220323', 'YTMZZZX', '9999', null, '1', '125.303123', '43.345463', null);
INSERT INTO `bs_city` VALUES ('4091', '', 'yilan', '230123', 'YL', '9999', null, '1', '129.565598', '46.315105', null);
INSERT INTO `bs_city` VALUES ('4092', '', 'yian', '230223', 'YA', '9999', null, '1', '125.307564', '47.890099', null);
INSERT INTO `bs_city` VALUES ('4093', '', 'yunhe', '331125', 'YH', '9999', null, '1', '119.569458', '28.111076', null);
INSERT INTO `bs_city` VALUES ('4094', '', 'yujiang', '360622', 'YJX', '9999', null, '1', '116.822762', '28.206177', null);
INSERT INTO `bs_city` VALUES ('4095', '', 'yongfeng', '360825', 'YF', '9999', null, '1', '115.435562', '27.321087', null);
INSERT INTO `bs_city` VALUES ('4096', '', 'yifeng', '360924', 'YF', '9999', null, '1', '114.787384', '28.388288', null);
INSERT INTO `bs_city` VALUES ('4097', '', 'yihuang', '361026', 'YH', '9999', null, '1', '116.223022', '27.546513', null);
INSERT INTO `bs_city` VALUES ('4098', '', 'yiyang', '361126', 'YY', '9999', null, '1', '117.435005', '28.402391', null);
INSERT INTO `bs_city` VALUES ('4099', '', 'yutai', '370827', 'YT', '9999', null, '1', '116.650024', '34.997707', null);
INSERT INTO `bs_city` VALUES ('4100', '', 'yangxin', '371622', 'YXX', '9999', null, '1', '117.581329', '37.640491', null);
INSERT INTO `bs_city` VALUES ('4101', '', 'yiyang', '410327', 'YY', '9999', null, '1', '112.179993', '34.516479', null);
INSERT INTO `bs_city` VALUES ('4102', '', 'yanjin', '410726', 'YJ', '9999', null, '1', '114.200981', '35.149513', null);
INSERT INTO `bs_city` VALUES ('4103', '', 'yima', '411281', 'YM', '9999', null, '1', '111.869415', '34.746868', null);
INSERT INTO `bs_city` VALUES ('4104', '', 'yuanan', '420525', 'YA', '9999', null, '1', '111.643311', '31.059626', null);
INSERT INTO `bs_city` VALUES ('4105', '', 'yanling', '430225', 'YLX', '9999', null, '1', '113.776886', '26.489458', null);
INSERT INTO `bs_city` VALUES ('4106', '', 'yueyang', '430621', 'YY', '9999', null, '1', '113.116074', '29.144842', null);
INSERT INTO `bs_city` VALUES ('4107', '', 'yangxi', '441721', 'YX', '9999', null, '1', '111.617554', '21.75367', null);
INSERT INTO `bs_city` VALUES ('4108', '', 'yunan', '445322', 'YN', '9999', null, '1', '111.535919', '23.237709', null);
INSERT INTO `bs_city` VALUES ('4109', '', 'yangshuo', '450321', 'YS', '9999', null, '1', '110.494698', '24.775339', null);
INSERT INTO `bs_city` VALUES ('4110', '', 'yongfu', '450326', 'YF', '9999', null, '1', '109.989204', '24.986692', null);
INSERT INTO `bs_city` VALUES ('4111', '', 'yuqing', '520329', 'YQ', '9999', null, '1', '107.892563', '27.221552', null);
INSERT INTO `bs_city` VALUES ('4112', '', 'yupingdongzuzizhixian', '520622', 'YPDZZZX', '9999', null, '1', '108.917885', '27.238024', null);
INSERT INTO `bs_city` VALUES ('4113', '', 'yinjiangtujiazumiaozuzizhixian', '520625', 'YJTJZMZZZX', '9999', null, '1', '108.405518', '27.997976', null);
INSERT INTO `bs_city` VALUES ('4114', '', 'yanhetujiazuzizhixian', '520627', 'YHTJZZZX', '9999', null, '1', '108.495743', '28.560488', null);
INSERT INTO `bs_city` VALUES ('4115', '', 'yuanshi', '130132', 'YS', '9999', null, '1', '114.526176', '37.762512', null);
INSERT INTO `bs_city` VALUES ('4116', '', 'yimen', '530425', 'YM', '9999', null, '1', '102.162109', '24.669598', null);
INSERT INTO `bs_city` VALUES ('4117', '', 'yuanjianghanizuyizudaizuzizhixian', '530428', 'YJHNZYZDZZZX', '9999', null, '1', '101.999657', '23.597618', null);
INSERT INTO `bs_city` VALUES ('4118', '', 'yanjin', '530623', 'YJ', '9999', null, '1', '104.235062', '28.106922', null);
INSERT INTO `bs_city` VALUES ('4119', '', 'yongshan', '530625', 'YS', '9999', null, '1', '103.637321', '28.231525', null);
INSERT INTO `bs_city` VALUES ('4120', '', 'yiliang', '530628', 'YL', '9999', null, '1', '104.048492', '27.627424', null);
INSERT INTO `bs_city` VALUES ('4121', '', 'yulongnaxizuzizhixian', '530721', 'YLNXZZZX', '9999', null, '1', '100.238312', '26.830593', null);
INSERT INTO `bs_city` VALUES ('4122', '', 'yongsheng', '530722', 'YS', '9999', null, '1', '100.7509', '26.685623', null);
INSERT INTO `bs_city` VALUES ('4123', '', 'yunxian', '530922', 'YX', '9999', null, '1', '100.125633', '24.439026', null);
INSERT INTO `bs_city` VALUES ('4124', '', 'yongde', '530923', 'YD', '9999', null, '1', '99.253677', '24.028158', null);
INSERT INTO `bs_city` VALUES ('4125', '', 'yaoan', '532325', 'YA', '9999', null, '1', '101.238396', '25.505404', null);
INSERT INTO `bs_city` VALUES ('4126', '', 'yongren', '532327', 'YR', '9999', null, '1', '101.671173', '26.056316', null);
INSERT INTO `bs_city` VALUES ('4127', '', 'yuanmou', '532328', 'YM', '9999', null, '1', '101.870834', '25.703314', null);
INSERT INTO `bs_city` VALUES ('4128', '', 'yuanyang', '532528', 'YY', '9999', null, '1', '102.837059', '23.219772', null);
INSERT INTO `bs_city` VALUES ('4129', '', 'yangbiyizuzizhixian', '532922', 'YBYZZZX', '9999', null, '1', '99.95797', '25.669542', null);
INSERT INTO `bs_city` VALUES ('4130', '', 'yongping', '532928', 'YP', '9999', null, '1', '99.533539', '25.461281', null);
INSERT INTO `bs_city` VALUES ('4131', '', 'yunlong', '532929', 'YL', '9999', null, '1', '99.3694', '25.884954', null);
INSERT INTO `bs_city` VALUES ('4132', '', 'yingjiang', '533123', 'YJ', '9999', null, '1', '97.933929', '24.709541', null);
INSERT INTO `bs_city` VALUES ('4133', '', 'yushu', '632701', 'YS', '9999', null, '1', '97.008522', '33.004047', null);
INSERT INTO `bs_city` VALUES ('4134', '', 'yanchi', '640323', 'YC', '9999', null, '1', '107.405411', '37.784222', null);
INSERT INTO `bs_city` VALUES ('4135', '', 'yanliangqu', '610114', 'YLQ', '9999', null, '1', '109.22802', '34.66214', null);
INSERT INTO `bs_city` VALUES ('4136', '', 'zhangye', '0936', 'ZY', '1900', null, '1', '100.449806', '38.925919', null);
INSERT INTO `bs_city` VALUES ('4137', '', 'zhumadian', '0396', 'ZMD', '1900', null, '1', '114.022987', '33.011421', null);
INSERT INTO `bs_city` VALUES ('4138', '', 'zhuhai', '0756', 'ZH', '2000', null, '1', '113.576683', '22.270729', null);
INSERT INTO `bs_city` VALUES ('4139', '', 'zhenjiang', '0511', 'ZJ', '2000', null, '1', '119.425003', '32.18959', null);
INSERT INTO `bs_city` VALUES ('4140', '', 'zhengzhou', '0371', 'ZZ', '2000', null, '1', '113.624931', '34.74725', null);
INSERT INTO `bs_city` VALUES ('4141', '', 'zibo', '0533', 'ZB', '2000', null, '1', '118.054802', '36.813099', null);
INSERT INTO `bs_city` VALUES ('4142', '', 'zaozhuang', '0632', 'ZZ', '2000', null, '1', '117.32196', '34.810711', null);
INSERT INTO `bs_city` VALUES ('4143', '', 'zhaoqing', '0758', 'ZQ', '2000', null, '1', '112.465279', '23.0469', null);
INSERT INTO `bs_city` VALUES ('4144', '', 'zhanjiang', '0759', 'ZJ', '2000', null, '1', '110.35894', '21.271339', null);
INSERT INTO `bs_city` VALUES ('4145', '', 'zigong', '0813', 'ZG', '2000', null, '1', '104.778442', '29.339199', null);
INSERT INTO `bs_city` VALUES ('4146', '', 'zhangzhou', '0596', 'ZZ', '2000', null, '1', '117.647247', '24.51347', null);
INSERT INTO `bs_city` VALUES ('4147', '', 'zhuzhou', '430200', 'ZZ', '2000', null, '1', '113.133957', '27.827669', null);
INSERT INTO `bs_city` VALUES ('4148', '', 'zhangjiakou', '0313', 'ZJK', '2000', null, '1', '114.88755', '40.82444', null);
INSERT INTO `bs_city` VALUES ('4149', '', 'zhongshan', '0760', 'ZS', '2000', null, '1', '113.392601', '22.515949', null);
INSERT INTO `bs_city` VALUES ('4150', '', 'zhoukou', '0394', 'ZK', '2000', null, '1', '114.696953', '33.625832', null);
INSERT INTO `bs_city` VALUES ('4151', '', 'zhangjiajie', '0744', 'ZJJ', '2000', null, '1', '110.478394', '29.116671', null);
INSERT INTO `bs_city` VALUES ('4152', '', 'zhaotongshi', '88888888888', 'ZTS', '2000', null, '1', '103.716797', '27.338169', null);
INSERT INTO `bs_city` VALUES ('4153', '', 'zhoushan', '0580', 'ZS', '2000', null, '1', '122.207779', '29.98539', null);
INSERT INTO `bs_city` VALUES ('4154', '', 'ziyang', '02811', 'ZY', '2000', null, '1', '104.627983', '30.12859', null);
INSERT INTO `bs_city` VALUES ('4155', '', 'zhangshou', '10031', 'ZS', '2000', null, '1', '107.081047', '29.857809', null);
INSERT INTO `bs_city` VALUES ('4156', '', 'zongyang', '200031', 'ZY', '2000', null, '1', '117.220192', '30.69961', null);
INSERT INTO `bs_city` VALUES ('4157', '', 'zhangpu', '200049', 'ZP', '2000', null, '1', '117.613724', '24.1171', null);
INSERT INTO `bs_city` VALUES ('4158', '', 'zhaoan', '200054', 'ZA', '2000', null, '1', '117.175079', '23.711519', null);
INSERT INTO `bs_city` VALUES ('4159', '', 'zengcheng', '200077', 'ZC', '2000', null, '1', '113.810898', '23.260929', null);
INSERT INTO `bs_city` VALUES ('4160', '', 'zijin', '200110', 'ZJ', '2000', null, '1', '115.183983', '23.635321', null);
INSERT INTO `bs_city` VALUES ('4161', '', 'zhijin', '200120', 'ZJ', '2000', null, '1', '105.774879', '26.66301', null);
INSERT INTO `bs_city` VALUES ('4162', '', 'zhengding', '200152', 'ZD', '2000', null, '1', '114.570961', '38.146179', null);
INSERT INTO `bs_city` VALUES ('4163', '', 'zhaoxian', '200158', 'ZX', '2000', null, '1', '114.776161', '37.75631', null);
INSERT INTO `bs_city` VALUES ('4164', '', 'zhenping', '200183', 'ZP', '2000', null, '1', '112.234482', '33.033909', null);
INSERT INTO `bs_city` VALUES ('4165', '', 'zhecheng', '200209', 'ZC', '2000', null, '1', '115.305443', '34.091141', null);
INSERT INTO `bs_city` VALUES ('4166', '', 'zhongmou', '200216', 'ZM', '2000', null, '1', '113.976242', '34.719028', null);
INSERT INTO `bs_city` VALUES ('4167', '', 'zhaodong', '200246', 'ZD', '2000', null, '1', '125.962502', '46.051208', null);
INSERT INTO `bs_city` VALUES ('4168', '', 'zaoyang', '200259', 'ZY', '2000', null, '1', '112.773979', '32.128361', null);
INSERT INTO `bs_city` VALUES ('4169', '', 'zhongxiang', '200261', 'ZX', '2000', null, '1', '112.588173', '31.167971', null);
INSERT INTO `bs_city` VALUES ('4170', '', 'zhijiang', '200277', 'ZJ', '2000', null, '1', '111.760437', '30.425831', null);
INSERT INTO `bs_city` VALUES ('4171', '', 'zixing', '200331', 'ZX', '2000', null, '1', '113.236008', '25.976191', null);
INSERT INTO `bs_city` VALUES ('4172', '', 'zhangshu', '200439', 'ZS', '2000', null, '1', '115.54615', '28.055889', null);
INSERT INTO `bs_city` VALUES ('4173', '', 'zhuanghe', '200445', 'ZH', '2000', null, '1', '122.96611', '39.68037', null);
INSERT INTO `bs_city` VALUES ('4174', '', 'zhungeer', '200464', 'ZGE', '2000', null, '1', '111.239868', '39.864262', null);
INSERT INTO `bs_city` VALUES ('4175', '', 'zhucheng', '200471', 'ZC', '2000', null, '1', '119.409828', '35.995831', null);
INSERT INTO `bs_city` VALUES ('4176', '', 'zhangqiu', '200472', 'ZQ', '2000', null, '1', '117.52578', '36.67968', null);
INSERT INTO `bs_city` VALUES ('4177', '', 'zoucheng', '200473', 'ZC', '2000', null, '1', '117.003853', '35.40522', null);
INSERT INTO `bs_city` VALUES ('4178', '', 'zouping', '200485', 'ZP', '2000', null, '1', '117.743088', '36.862991', null);
INSERT INTO `bs_city` VALUES ('4179', '', 'zhaoyuan', '200511', 'ZY', '2000', null, '1', '120.434212', '37.355309', null);
INSERT INTO `bs_city` VALUES ('4180', '', 'zezhou', '200549', 'ZZ', '2000', null, '1', '112.943657', '35.500431', null);
INSERT INTO `bs_city` VALUES ('4181', '', 'zizhong', '200571', 'ZZ', '2000', null, '1', '104.852119', '29.76416', null);
INSERT INTO `bs_city` VALUES ('4182', '', 'zhongjiang', '200574', 'ZJ', '2000', null, '1', '104.678719', '31.033039', null);
INSERT INTO `bs_city` VALUES ('4183', '', 'zhenxiong', '200612', 'ZX', '2000', null, '1', '104.873596', '27.4415', null);
INSERT INTO `bs_city` VALUES ('4184', '', 'zhanyi', '200613', 'ZY', '2000', null, '1', '103.822258', '25.60009', null);
INSERT INTO `bs_city` VALUES ('4185', '', 'zhuji', '200627', 'ZJ', '2000', null, '1', '120.23632', '29.71364', null);
INSERT INTO `bs_city` VALUES ('4186', '', 'zhongxian', '200674', 'ZX', '2000', null, '1', '108.037666', '30.300261', null);
INSERT INTO `bs_city` VALUES ('4187', '', 'zhangmutou', '441900000', 'ZMT', '2000', null, '1', '113.751808', '23.020691', null);
INSERT INTO `bs_city` VALUES ('4188', '', 'zhangjiagang', '05123', 'ZJG', '9999', null, '1', '120.555496', '31.875469', null);
INSERT INTO `bs_city` VALUES ('4189', '', 'zhuozhou', '03121', 'ZZ', '9999', null, '1', '115.974388', '39.485291', null);
INSERT INTO `bs_city` VALUES ('4190', '', 'zunyi', '0852', 'ZY', '9999', null, '1', '107.816093', '28.17544', null);
INSERT INTO `bs_city` VALUES ('4191', '', 'zunhua', '03151', 'ZH', '9999', null, '1', '117.965668', '40.18924', null);
INSERT INTO `bs_city` VALUES ('4192', '', 'zhongwei', '640500', 'ZW', '9999', null, '1', '105.196762', '37.500259', null);
INSERT INTO `bs_city` VALUES ('4193', '', 'zhenghe', '350725', 'ZH', '9999', null, '1', '118.857536', '27.366091', null);
INSERT INTO `bs_city` VALUES ('4194', '', 'zherong', '350926', 'ZR', '9999', null, '1', '119.900848', '27.23513', null);
INSERT INTO `bs_city` VALUES ('4195', '', 'zhengyang', '411724', 'ZY', '9999', null, '1', '114.392738', '32.605659', null);
INSERT INTO `bs_city` VALUES ('4196', '', 'zhangbei', '130722', 'ZB', '9999', null, '1', '114.71595', '41.151714', null);
INSERT INTO `bs_city` VALUES ('4197', '', 'zhuolu', '130731', 'ZL', '9999', null, '1', '115.219246', '40.3787', null);
INSERT INTO `bs_city` VALUES ('4198', '', 'zaoqiang', '131121', 'ZQ', '9999', null, '1', '115.726501', '37.511513', null);
INSERT INTO `bs_city` VALUES ('4199', '', 'zhangzi', '140428', 'ZZ', '9999', null, '1', '112.884659', '36.119484', null);
INSERT INTO `bs_city` VALUES ('4200', '', 'zhaluteqi', '150526', 'ZLTQ', '9999', null, '1', '120.905273', '44.555294', null);
INSERT INTO `bs_city` VALUES ('4201', '', 'zhalantun', '150783', 'ZLT', '9999', null, '1', '122.7444', '48.007412', null);
INSERT INTO `bs_city` VALUES ('4202', '', 'zhuozi', '150921', 'ZZ', '9999', null, '1', '112.577705', '40.89576', null);
INSERT INTO `bs_city` VALUES ('4203', '', 'zhalaiteqi', '152223', 'ZLTQ', '9999', null, '1', '122.909332', '46.725136', null);
INSERT INTO `bs_city` VALUES ('4204', '', 'zhengxiangbaiqi', '152529', 'ZXBQ', '9999', null, '1', '115.005943', '42.307152', null);
INSERT INTO `bs_city` VALUES ('4205', '', 'zhenglanqi', '152530', 'ZLQ', '9999', null, '1', '116.003311', '42.245895', null);
INSERT INTO `bs_city` VALUES ('4206', '', 'zhangwu', '210922', 'ZW', '9999', null, '1', '122.537445', '42.384823', null);
INSERT INTO `bs_city` VALUES ('4207', '', 'zhenlai', '220821', 'ZL', '9999', null, '1', '123.202248', '45.846088', null);
INSERT INTO `bs_city` VALUES ('4208', '', 'zhaozhou', '230621', 'ZZ', '9999', null, '1', '125.273254', '45.708687', null);
INSERT INTO `bs_city` VALUES ('4209', '', 'zhaoyuan', '230622', 'ZY', '9999', null, '1', '125.08197', '45.518833', null);
INSERT INTO `bs_city` VALUES ('4210', '', 'zanhuang', '130129', 'ZH', '9999', null, '1', '114.387756', '37.660198', null);
INSERT INTO `bs_city` VALUES ('4211', '', 'zhangping', '350881', 'ZP', '9999', null, '1', '117.420731', '25.291597', null);
INSERT INTO `bs_city` VALUES ('4212', '', 'zhouning', '350925', 'ZN', '9999', null, '1', '119.338242', '27.103106', null);
INSERT INTO `bs_city` VALUES ('4213', '', 'zixi', '361028', 'ZX', '9999', null, '1', '117.066093', '27.70653', null);
INSERT INTO `bs_city` VALUES ('4214', '', 'zhuzhou', '430221', 'ZZX', '9999', null, '1', '113.146179', '27.705845', null);
INSERT INTO `bs_city` VALUES ('4215', '', 'ziyuan', '450329', 'ZY', '9999', null, '1', '110.642586', '26.034201', null);
INSERT INTO `bs_city` VALUES ('4216', '', 'zhaoping', '451121', 'ZP', '9999', null, '1', '110.810867', '24.172958', null);
INSERT INTO `bs_city` VALUES ('4217', '', 'zhongshan', '451122', 'ZS', '9999', null, '1', '111.303627', '24.528566', null);
INSERT INTO `bs_city` VALUES ('4218', '', 'zhengan', '520324', 'ZA', '9999', null, '1', '107.441872', '28.550337', null);
INSERT INTO `bs_city` VALUES ('4219', '', 'zhenningbuyizumiaozuzizhixian', '520423', 'ZNBYZMZZZX', '9999', null, '1', '105.768654', '26.056095', null);
INSERT INTO `bs_city` VALUES ('4220', '', 'ziyunmiaozubuyizuzizhixian', '520425', 'ZYMZBYZZZX', '9999', null, '1', '106.084518', '25.751568', null);
INSERT INTO `bs_city` VALUES ('4221', '', 'zhenfeng', '522325', 'ZF', '9999', null, '1', '105.650131', '25.385752', null);
INSERT INTO `bs_city` VALUES ('4222', '', 'zhenyuan', '522625', 'ZY', '9999', null, '1', '108.423653', '27.050234', null);
INSERT INTO `bs_city` VALUES ('4223', '', 'zhenyuanyizuhanizulahuzuzizhixian', '530825', 'ZYYZHNZLHZZZX', '9999', null, '1', '101.108513', '24.005713', null);
INSERT INTO `bs_city` VALUES ('4224', '', 'zhenkang', '530924', 'ZK', '9999', null, '1', '99.024818', '23.88583', null);
INSERT INTO `bs_city` VALUES ('4225', '', 'zhidan', '610625', 'ZD', '9999', null, '1', '108.768898', '36.823032', null);
INSERT INTO `bs_city` VALUES ('4226', '', 'zhenan', '611025', 'ZA', '9999', null, '1', '109.151077', '33.423981', null);
INSERT INTO `bs_city` VALUES ('4227', '', 'zuoshui', '611026', 'ZS', '9999', null, '1', '109.111252', '33.682774', null);
INSERT INTO `bs_city` VALUES ('4228', '', 'zhongning', '640521', 'ZNX', '9999', null, '1', '105.675781', '37.489735', null);
INSERT INTO `bs_city` VALUES ('4229', null, null, null, null, null, null, null, null, null, null);

-- ----------------------------
-- Table structure for oa_leave_bill
-- ----------------------------
DROP TABLE IF EXISTS `oa_leave_bill`;
CREATE TABLE `oa_leave_bill` (
  `id` int(11) NOT NULL AUTO_INCREMENT COMMENT '',
  `username` varchar(40) DEFAULT NULL COMMENT '',
  `days` int(4) DEFAULT NULL COMMENT '',
  `content` varchar(255) DEFAULT NULL COMMENT '',
  `state` char(1) DEFAULT '0' COMMENT '',
  `leave_time` datetime DEFAULT NULL COMMENT '',
  `create_time` datetime DEFAULT NULL COMMENT '',
  `update_time` datetime DEFAULT NULL COMMENT '',
  `delete_status` varchar(2) DEFAULT '0' COMMENT '',
  `tenant_id` int(11) DEFAULT NULL COMMENT '',
  PRIMARY KEY (`id`)
) ENGINE=InnoDB AUTO_INCREMENT=6 DEFAULT CHARSET=utf8mb4;

-- ----------------------------
-- Records of oa_leave_bill
-- ----------------------------
INSERT INTO `oa_leave_bill` VALUES ('3', 'admin', '3', '234', '1', '2019-05-24 00:00:00', null, null, '1', null);
INSERT INTO `oa_leave_bill` VALUES ('4', 'admin', '5', '', '1', '2019-05-25 00:00:00', null, null, '1', null);
INSERT INTO `oa_leave_bill` VALUES ('5', 'admin', '3', '234', '1', '2019-09-09 00:00:00', null, null, '1', null);

-- ----------------------------
-- Table structure for shrek_category
-- ----------------------------
DROP TABLE IF EXISTS `shrek_category`;
CREATE TABLE `shrek_category` (
  `id` int(11) NOT NULL AUTO_INCREMENT COMMENT 'id',
  `category_name` varchar(10) DEFAULT NULL COMMENT '',
  `ordernum` int(11) DEFAULT NULL COMMENT '',
  `delete_status` tinyint(4) DEFAULT NULL,
  PRIMARY KEY (`id`)
) ENGINE=InnoDB AUTO_INCREMENT=4 DEFAULT CHARSET=utf8;

-- ----------------------------
-- Records of shrek_category
-- ----------------------------
INSERT INTO `shrek_category` VALUES ('1', null, null, '2');
INSERT INTO `shrek_category` VALUES ('3', '2', '2', '1');

-- ----------------------------
-- Table structure for shrek_goods
-- ----------------------------
DROP TABLE IF EXISTS `shrek_goods`;
CREATE TABLE `shrek_goods` (
  `id` int(11) NOT NULL AUTO_INCREMENT COMMENT 'id',
  `title` varchar(30) DEFAULT NULL COMMENT '',
  `intro` varchar(255) DEFAULT NULL COMMENT '',
  `categoryId` int(11) DEFAULT NULL,
  `sctionId` int(11) DEFAULT NULL,
  `imgPath` varchar(100) DEFAULT NULL,
  `end` varchar(20) DEFAULT NULL,
  `price` decimal(10,2) DEFAULT NULL COMMENT '',
  `delete_status` varchar(1) NOT NULL,
  PRIMARY KEY (`id`)
) ENGINE=InnoDB AUTO_INCREMENT=5 DEFAULT CHARSET=utf8;

-- ----------------------------
-- Records of shrek_goods
-- ----------------------------
INSERT INTO `shrek_goods` VALUES ('1', '1', '', '1', '4', 'api/images/timg.jpg', '2017/09/23 14:00:00', '200.00', '1');
INSERT INTO `shrek_goods` VALUES ('2', '2', '2', '3', '2', 'api/images/.png', '2017/09/23 14:00:00', '200.00', '1');
INSERT INTO `shrek_goods` VALUES ('3', '3', '3', '1', '1', 'api/images/14984.png', '2017/09/23 14:00:00', '300.00', '1');
INSERT INTO `shrek_goods` VALUES ('4', '4', '43', '1', '3', 'api/images/shrek11.cn_cert.png', '2017/09/23 14:00:00', '500.00', '1');

-- ----------------------------
-- Table structure for shrek_goods_detail
-- ----------------------------
DROP TABLE IF EXISTS `shrek_goods_detail`;
CREATE TABLE `shrek_goods_detail` (
  `id` int(11) NOT NULL AUTO_INCREMENT,
  `col` varchar(50) DEFAULT NULL COMMENT '',
  `goodsId` int(11) DEFAULT NULL,
  `size` varchar(50) DEFAULT NULL COMMENT '',
  `delete_status` varchar(1) DEFAULT NULL,
  PRIMARY KEY (`id`)
) ENGINE=InnoDB AUTO_INCREMENT=6 DEFAULT CHARSET=utf8;

-- ----------------------------
-- Records of shrek_goods_detail
-- ----------------------------
INSERT INTO `shrek_goods_detail` VALUES ('1', '', '1', '100', '0');
INSERT INTO `shrek_goods_detail` VALUES ('2', '', '1', '200', '0');
INSERT INTO `shrek_goods_detail` VALUES ('3', '', '2', '100', '0');
INSERT INTO `shrek_goods_detail` VALUES ('4', '', '3', '200', '0');
INSERT INTO `shrek_goods_detail` VALUES ('5', '', '4', '100', '0');

-- ----------------------------
-- Table structure for shrek_goods_img
-- ----------------------------
DROP TABLE IF EXISTS `shrek_goods_img`;
CREATE TABLE `shrek_goods_img` (
  `id` int(11) NOT NULL AUTO_INCREMENT,
  `goodsId` int(11) DEFAULT NULL,
  `type` int(11) DEFAULT NULL,
  `imgSrc` varchar(50) DEFAULT NULL,
  `ordernum` int(11) DEFAULT NULL,
  `delete_status` tinyint(4) DEFAULT NULL,
  PRIMARY KEY (`id`)
) ENGINE=InnoDB AUTO_INCREMENT=13 DEFAULT CHARSET=utf8;

-- ----------------------------
-- Records of shrek_goods_img
-- ----------------------------
INSERT INTO `shrek_goods_img` VALUES ('1', '1', '1', 'api/images/timg.jpg', '1', '1');
INSERT INTO `shrek_goods_img` VALUES ('2', '1', '1', 'api/images/timg.jpg', '2', '1');
INSERT INTO `shrek_goods_img` VALUES ('3', '1', '1', 'api/images/timg.jpg', '3', '1');
INSERT INTO `shrek_goods_img` VALUES ('4', null, '2', null, null, null);
INSERT INTO `shrek_goods_img` VALUES ('5', null, '2', null, null, null);
INSERT INTO `shrek_goods_img` VALUES ('6', '1', '1', 'api/images/timg.jpg', '1', null);
INSERT INTO `shrek_goods_img` VALUES ('7', '1', '1', 'api/images/u=2957957338,3157930748&fm=15&gp=0.jpg', '1', '1');
INSERT INTO `shrek_goods_img` VALUES ('8', '1', '2', 'api/images/u=2957957338,3157930748&fm=15&gp=0.jpg', '1', '1');
INSERT INTO `shrek_goods_img` VALUES ('9', '2', '2', 'api/images/u=2957957338,3157930748&fm=15&gp=0.jpg', '1', '1');
INSERT INTO `shrek_goods_img` VALUES ('10', '3', '1', 'api/images/u=2957957338,3157930748&fm=15&gp=0.jpg', '1', '1');
INSERT INTO `shrek_goods_img` VALUES ('11', '2', '1', 'api/images/u=2957957338,3157930748&fm=15&gp=0.jpg', '1', '1');
INSERT INTO `shrek_goods_img` VALUES ('12', '4', '1', 'api/images/u=2957957338,3157930748&fm=15&gp=0.jpg', '1', '1');

-- ----------------------------
-- Table structure for shrek_sction
-- ----------------------------
DROP TABLE IF EXISTS `shrek_sction`;
CREATE TABLE `shrek_sction` (
  `id` int(11) NOT NULL AUTO_INCREMENT,
  `section_name` varchar(10) DEFAULT NULL COMMENT '',
  `delete_status` tinyint(4) DEFAULT NULL,
  PRIMARY KEY (`id`)
) ENGINE=InnoDB AUTO_INCREMENT=5 DEFAULT CHARSET=utf8;

-- ----------------------------
-- Records of shrek_sction
-- ----------------------------
INSERT INTO `shrek_sction` VALUES ('1', '1', '1');
INSERT INTO `shrek_sction` VALUES ('2', '2', '1');
INSERT INTO `shrek_sction` VALUES ('3', '3', '1');
INSERT INTO `shrek_sction` VALUES ('4', '4', '1');

-- ----------------------------
-- Table structure for student
-- ----------------------------
DROP TABLE IF EXISTS `student`;
CREATE TABLE `student` (
  `name` varchar(50) DEFAULT NULL COMMENT '',
  `sex` int(11) DEFAULT NULL COMMENT '',
  `phone` varchar(20) DEFAULT NULL COMMENT '',
  `id` int(11) NOT NULL,
  `delete_status` varchar(255) DEFAULT NULL,
  `classtype` varchar(255) DEFAULT NULL COMMENT ''
) ENGINE=InnoDB DEFAULT CHARSET=utf8;

-- ----------------------------
-- Records of student
-- ----------------------------
INSERT INTO `student` VALUES ('111', '111', '18911111111', '1', '1', '111');
INSERT INTO `student` VALUES ('111', '111', '18911111111', '1', '1', '111');
INSERT INTO `student` VALUES ('111', '111', '18911111111', '1', '1', '111');
INSERT INTO `student` VALUES ('111', '111', '18911111111', '1', '1', '111');

-- ----------------------------
-- Table structure for sys_org
-- ----------------------------
DROP TABLE IF EXISTS `sys_org`;
CREATE TABLE `sys_org` (
  `id` int(11) NOT NULL AUTO_INCREMENT,
  `name` varchar(255) DEFAULT NULL COMMENT '',
  `delete_status` varchar(4) DEFAULT NULL COMMENT '',
  `sort` int(11) DEFAULT NULL COMMENT '',
  `usable` tinyint(4) DEFAULT NULL COMMENT '',
  `parentId` int(11) DEFAULT NULL COMMENT 'ID',
  `pk_org` varchar(50) DEFAULT NULL COMMENT 'ID',
  PRIMARY KEY (`id`)
) ENGINE=InnoDB AUTO_INCREMENT=31 DEFAULT CHARSET=utf8;

-- ----------------------------
-- Records of sys_org
-- ----------------------------
INSERT INTO `sys_org` VALUES ('1', '', '1', '0', '1', '0', null);
INSERT INTO `sys_org` VALUES ('28', '1', '1', '0', '1', '1', null);
INSERT INTO `sys_org` VALUES ('29', '2', '1', '0', '1', '1', null);
INSERT INTO `sys_org` VALUES ('30', '1', '2', '0', '1', '1', null);

-- ----------------------------
-- Table structure for sys_org_pk
-- ----------------------------
DROP TABLE IF EXISTS `sys_org_pk`;
CREATE TABLE `sys_org_pk` (
  `pk_org` varchar(255) DEFAULT NULL,
  `pk_name` varchar(255) DEFAULT NULL
) ENGINE=InnoDB DEFAULT CHARSET=utf8;

-- ----------------------------
-- Records of sys_org_pk
-- ----------------------------

-- ----------------------------
-- Table structure for sys_permission
-- ----------------------------
DROP TABLE IF EXISTS `sys_permission`;
CREATE TABLE `sys_permission` (
  `id` int(11) NOT NULL DEFAULT '0' COMMENT 'id,.',
  `menu_code` varchar(255) DEFAULT '' COMMENT ',,',
  `menu_name` varchar(255) DEFAULT '' COMMENT '',
  `permission_code` varchar(255) DEFAULT '' COMMENT '/,@RequiresPermissions value',
  `permission_name` varchar(255) DEFAULT '' COMMENT '',
  `required_permission` tinyint(1) DEFAULT '2' COMMENT ', 1. 2 ""',
  PRIMARY KEY (`id`)
) ENGINE=InnoDB DEFAULT CHARSET=utf8;

-- ----------------------------
-- Records of sys_permission
-- ----------------------------
INSERT INTO `sys_permission` VALUES ('101', 'user', '', 'user:list', '', '1');
INSERT INTO `sys_permission` VALUES ('102', 'user', '', 'user:add', '', '2');
INSERT INTO `sys_permission` VALUES ('103', 'user', '', 'user:update', '', '2');
INSERT INTO `sys_permission` VALUES ('104', 'user', '', 'user:delete', '', '2');
INSERT INTO `sys_permission` VALUES ('201', 'webchattxll', '', 'webchattxll:list', '', '1');
INSERT INTO `sys_permission` VALUES ('301', 'role', '', 'role:list', '', '1');
INSERT INTO `sys_permission` VALUES ('302', 'role', '', 'role:add', '', '2');
INSERT INTO `sys_permission` VALUES ('303', 'role', '', 'role:update', '', '2');
INSERT INTO `sys_permission` VALUES ('304', 'role', '', 'role:delete', '', '2');
INSERT INTO `sys_permission` VALUES ('501', 'org', '', 'org:list', '', '1');
INSERT INTO `sys_permission` VALUES ('502', 'org', '', 'org:add', '', '2');
INSERT INTO `sys_permission` VALUES ('503', 'org', '', 'org:update', '', '2');
INSERT INTO `sys_permission` VALUES ('504', 'org', '', 'org:delete', '', '2');

-- ----------------------------
-- Table structure for sys_role
-- ----------------------------
DROP TABLE IF EXISTS `sys_role`;
CREATE TABLE `sys_role` (
  `id` int(11) NOT NULL AUTO_INCREMENT,
  `role_name` varchar(20) DEFAULT NULL COMMENT '',
  `create_time` timestamp NULL DEFAULT CURRENT_TIMESTAMP,
  `update_time` timestamp NULL DEFAULT NULL,
  `delete_status` varchar(1) DEFAULT '1' COMMENT '  1  2',
  PRIMARY KEY (`id`)
) ENGINE=InnoDB AUTO_INCREMENT=7 DEFAULT CHARSET=utf8;

-- ----------------------------
-- Records of sys_role
-- ----------------------------
INSERT INTO `sys_role` VALUES ('1', '', '2017-11-22 16:24:34', '2017-11-22 16:24:52', '1');
INSERT INTO `sys_role` VALUES ('4', '', '2018-11-02 13:46:12', null, '1');
INSERT INTO `sys_role` VALUES ('5', '', '2018-11-05 09:12:20', null, '1');
INSERT INTO `sys_role` VALUES ('6', 'test', '2019-01-25 09:08:04', null, '1');

-- ----------------------------
-- Table structure for sys_role_permission
-- ----------------------------
DROP TABLE IF EXISTS `sys_role_permission`;
CREATE TABLE `sys_role_permission` (
  `id` int(11) NOT NULL AUTO_INCREMENT,
  `role_id` int(11) DEFAULT NULL COMMENT 'id',
  `permission_id` int(11) DEFAULT NULL COMMENT 'id',
  `create_time` timestamp NULL DEFAULT CURRENT_TIMESTAMP,
  `update_time` timestamp NOT NULL DEFAULT '0000-00-00 00:00:00',
  `delete_status` varchar(1) DEFAULT '1' COMMENT ' 1     2',
  PRIMARY KEY (`id`)
) ENGINE=InnoDB AUTO_INCREMENT=113 DEFAULT CHARSET=utf8;

-- ----------------------------
-- Records of sys_role_permission
-- ----------------------------
INSERT INTO `sys_role_permission` VALUES ('87', '4', '101', '2019-01-24 16:01:17', '0000-00-00 00:00:00', '1');
INSERT INTO `sys_role_permission` VALUES ('88', '4', '102', '2019-01-24 16:01:17', '0000-00-00 00:00:00', '1');
INSERT INTO `sys_role_permission` VALUES ('89', '4', '103', '2019-01-24 16:01:17', '0000-00-00 00:00:00', '1');
INSERT INTO `sys_role_permission` VALUES ('90', '4', '104', '2019-01-24 16:01:17', '0000-00-00 00:00:00', '1');
INSERT INTO `sys_role_permission` VALUES ('91', '4', '201', '2019-01-24 16:01:17', '0000-00-00 00:00:00', '1');
INSERT INTO `sys_role_permission` VALUES ('92', '4', '301', '2019-01-24 16:01:17', '0000-00-00 00:00:00', '1');
INSERT INTO `sys_role_permission` VALUES ('93', '4', '302', '2019-01-24 16:01:17', '0000-00-00 00:00:00', '1');
INSERT INTO `sys_role_permission` VALUES ('94', '4', '303', '2019-01-24 16:01:17', '0000-00-00 00:00:00', '1');
INSERT INTO `sys_role_permission` VALUES ('95', '4', '304', '2019-01-24 16:01:17', '0000-00-00 00:00:00', '1');
INSERT INTO `sys_role_permission` VALUES ('96', '4', '504', '2019-01-24 16:01:17', '0000-00-00 00:00:00', '1');
INSERT INTO `sys_role_permission` VALUES ('97', '4', '501', '2019-01-24 16:01:17', '0000-00-00 00:00:00', '1');
INSERT INTO `sys_role_permission` VALUES ('98', '4', '503', '2019-01-24 16:01:17', '0000-00-00 00:00:00', '1');
INSERT INTO `sys_role_permission` VALUES ('99', '4', '502', '2019-01-24 16:01:17', '0000-00-00 00:00:00', '1');
INSERT INTO `sys_role_permission` VALUES ('100', '5', '501', '2019-01-24 16:01:36', '0000-00-00 00:00:00', '1');
INSERT INTO `sys_role_permission` VALUES ('101', '5', '502', '2019-01-24 16:01:36', '0000-00-00 00:00:00', '1');
INSERT INTO `sys_role_permission` VALUES ('102', '5', '503', '2019-01-24 16:01:36', '0000-00-00 00:00:00', '1');
INSERT INTO `sys_role_permission` VALUES ('103', '5', '504', '2019-01-24 16:01:36', '0000-00-00 00:00:00', '1');
INSERT INTO `sys_role_permission` VALUES ('104', '6', '101', '2019-01-25 09:08:04', '0000-00-00 00:00:00', '1');
INSERT INTO `sys_role_permission` VALUES ('105', '6', '201', '2019-01-25 09:08:04', '0000-00-00 00:00:00', '1');
INSERT INTO `sys_role_permission` VALUES ('106', '6', '102', '2019-01-25 09:08:04', '0000-00-00 00:00:00', '1');
INSERT INTO `sys_role_permission` VALUES ('107', '6', '103', '2019-01-25 09:08:04', '0000-00-00 00:00:00', '1');
INSERT INTO `sys_role_permission` VALUES ('108', '6', '104', '2019-01-25 09:08:04', '0000-00-00 00:00:00', '1');
INSERT INTO `sys_role_permission` VALUES ('109', '6', '301', '2019-01-25 09:08:04', '0000-00-00 00:00:00', '1');
INSERT INTO `sys_role_permission` VALUES ('110', '6', '302', '2019-01-25 09:08:04', '0000-00-00 00:00:00', '1');
INSERT INTO `sys_role_permission` VALUES ('111', '6', '303', '2019-01-25 09:08:04', '0000-00-00 00:00:00', '1');
INSERT INTO `sys_role_permission` VALUES ('112', '6', '304', '2019-01-25 09:08:04', '0000-00-00 00:00:00', '1');

-- ----------------------------
-- Table structure for sys_user
-- ----------------------------
DROP TABLE IF EXISTS `sys_user`;
CREATE TABLE `sys_user` (
  `id` int(11) NOT NULL AUTO_INCREMENT,
  `username` varchar(255) DEFAULT NULL COMMENT '',
  `password` varchar(255) DEFAULT NULL COMMENT '',
  `phone` varchar(20) DEFAULT NULL COMMENT '',
  `nickname` varchar(255) DEFAULT NULL COMMENT '',
  `role_id` int(11) DEFAULT '0' COMMENT 'ID',
  `create_time` timestamp NULL DEFAULT CURRENT_TIMESTAMP COMMENT '',
  `update_time` timestamp NULL DEFAULT NULL COMMENT '',
  `delete_status` varchar(1) DEFAULT '1' COMMENT '  1  2',
  `web_username` varchar(255) DEFAULT NULL COMMENT 'ID',
  `org_id` int(11) DEFAULT NULL COMMENT 'ID',
  `ic_number` varchar(255) DEFAULT NULL COMMENT 'IC',
  `acatar` varchar(255) DEFAULT NULL COMMENT '',
  `bsncode` varchar(255) DEFAULT NULL COMMENT '',
  `oldbsncode` varchar(255) DEFAULT NULL COMMENT '',
  `certificateno` varchar(255) DEFAULT NULL COMMENT '',
  `org_pk` varchar(50) DEFAULT NULL COMMENT 'ID',
  `org_name` varchar(50) DEFAULT NULL,
  PRIMARY KEY (`id`)
) ENGINE=InnoDB AUTO_INCREMENT=10107 DEFAULT CHARSET=utf8;

-- ----------------------------
-- Records of sys_user
-- ----------------------------
INSERT INTO `sys_user` VALUES ('10003', 'admin', '1111111', '18973393178', '', '1', '2017-10-30 11:52:38', '2017-11-17 23:51:40', '1', '', '28', '', null, null, null, null, 'fengongsi1', null);
INSERT INTO `sys_user` VALUES ('10040', '000005', '111111', null, 'shrek', '1', '2018-09-28 14:57:33', null, '1', '000005', '27', '', 'http://p.qlogo.cn/bizmail/YMQ6bdGdByaKPkYUr8Ee2iavejNvK6ygdqGpBs4KEn8HJOWXo45ib0FQ/0', null, null, null, 'fengongsi1', null);
INSERT INTO `sys_user` VALUES ('10106', 'test1', '111234', '18973393178', 'test1', '6', '2019-01-25 09:09:22', null, '1', 'test1', '28', '', null, null, null, null, 'fengongsi1', null);

-- ----------------------------
-- Table structure for webchatcache
-- ----------------------------
DROP TABLE IF EXISTS `webchatcache`;
CREATE TABLE `webchatcache` (
  `key` varchar(255) NOT NULL DEFAULT '' COMMENT 'key',
  `value` varchar(255) NOT NULL COMMENT '',
  `expire_time` timestamp NULL DEFAULT NULL COMMENT '',
  `create_time` timestamp NULL DEFAULT NULL ON UPDATE CURRENT_TIMESTAMP COMMENT '',
  `pk_org` varchar(255) NOT NULL COMMENT 'ID',
  PRIMARY KEY (`key`,`pk_org`)
) ENGINE=InnoDB DEFAULT CHARSET=utf8;

-- ----------------------------
-- Records of webchatcache
-- ----------------------------
INSERT INTO `webchatcache` VALUES ('accesstoken', 'Z9OjEQoJmTQ6uuhpPnXdRvhCJS2RgK8QDzMRRWhPAcFUsZE2DIyeul_OCtHtw_3Za-Fyw6AQ5A91KAO-yEplfu_i6AVNzvVfV70X4I95YWEk2CRvqIWfet56D0MSg8q0B7MGB4-f2cvlJJtZN7PrHBTr4sw7nC50dkdr0YGEzQ_7SpYL_F8NjPaUV9jQ7ti8h7oZo4jj9iQhzNrvUUD8kA', '2019-01-25 11:46:32', '2019-01-25 09:46:33', 'fengongsi1');
INSERT INTO `webchatcache` VALUES ('jsapiticket', 'HoagFKDcsGMVCIY2vOjf9gMUETGxyToHCNV_0_7ETCfit7j5IXyd0UHTSnLx3fx7nf8ycBPHT2Mef-RW7NNbbw', '2019-01-25 11:46:32', '2019-01-25 09:46:33', 'fengongsi1');
INSERT INTO `webchatcache` VALUES ('txlaccesstoken', 'Z9OjEQoJmTQ6uuhpPnXdRvhCJS2RgK8QDzMRRWhPAcFxzd4Gt_ONnNBs2dIquAdSboVpbrlefn2D_nGq-fA6bnMRgffcvy1EQz2aEodCW_9AtaK_htyYobUBGSVjKiT7-tu4eOfQ2ejmDMXTl9YB3dZc6S7MYzTe-b--0AyAiDrvimaSYsx-bzVJcw1bvaos6ulnKtB84CdlBWiZGvbbtQ', '2019-01-25 11:46:32', '2019-01-25 09:46:33', 'fengongsi1');

-- ----------------------------
-- Table structure for webchat_config
-- ----------------------------
DROP TABLE IF EXISTS `webchat_config`;
CREATE TABLE `webchat_config` (
  `id` int(11) NOT NULL AUTO_INCREMENT,
  `name` varchar(255) DEFAULT NULL COMMENT '',
  `pk_org` varchar(255) DEFAULT NULL COMMENT 'ID',
  `cortid` varchar(255) DEFAULT NULL COMMENT ' cortid',
  `secret` varchar(255) DEFAULT NULL COMMENT ' secret',
  `txlsecret` varchar(255) DEFAULT NULL COMMENT ' txlsecret',
  `delete_status` varchar(5) DEFAULT NULL,
  PRIMARY KEY (`id`)
) ENGINE=InnoDB AUTO_INCREMENT=2 DEFAULT CHARSET=utf8;

-- ----------------------------
-- Records of webchat_config
-- ----------------------------
INSERT INTO `webchat_config` VALUES ('1', '1', 'fengongsi1', 'ww9ebe40ff99174705', 'KRhlE0AFFQZXFdxA5iZr9xEpAb9TGRSzydDtztyAMgw', '2DyN06s2uuEvxDiQKLwuNqMd7XQquUaTkk9QQOsKyoY', '1');

-- ----------------------------
-- Table structure for webchat_dep
-- ----------------------------
DROP TABLE IF EXISTS `webchat_dep`;
CREATE TABLE `webchat_dep` (
  `id` int(11) DEFAULT NULL COMMENT 'ID',
  `name` varchar(255) DEFAULT NULL COMMENT '',
  `parentid` int(11) DEFAULT NULL COMMENT 'ID',
  `pk_org` varchar(255) DEFAULT NULL COMMENT 'ID',
  `wid` int(11) NOT NULL AUTO_INCREMENT,
  PRIMARY KEY (`wid`)
) ENGINE=InnoDB AUTO_INCREMENT=183 DEFAULT CHARSET=utf8;

-- ----------------------------
-- Records of webchat_dep
-- ----------------------------
INSERT INTO `webchat_dep` VALUES ('1', '', '0', 'fengongsi1', '181');
INSERT INTO `webchat_dep` VALUES ('2', '', '1', 'fengongsi1', '182');

-- ----------------------------
-- Table structure for webchat_user
-- ----------------------------
DROP TABLE IF EXISTS `webchat_user`;
CREATE TABLE `webchat_user` (
  `userId` varchar(255) DEFAULT NULL COMMENT 'ID',
  `name` varchar(255) DEFAULT NULL COMMENT '',
  `mobile` varchar(255) DEFAULT NULL COMMENT '',
  `email` varchar(255) DEFAULT NULL COMMENT '',
  `avatar` varchar(255) DEFAULT NULL COMMENT '',
  `dep_id` int(11) DEFAULT NULL COMMENT 'ID',
  `pk_org` varchar(255) DEFAULT NULL COMMENT 'ID'
) ENGINE=InnoDB DEFAULT CHARSET=utf8;

-- ----------------------------
-- Records of webchat_user
-- ----------------------------
INSERT INTO `webchat_user` VALUES ('WuShu', 'test2', '18973393178', 'wushu_1983@163.com', 'http://p.qlogo.cn/bizmail/YMQ6bdGdByaKPkYUr8Ee2iavejNvK6ygdozKJLpUFFa9TB7cdm0SIMA/0', '2', 'fengongsi1');
INSERT INTO `webchat_user` VALUES ('test1', '', '18888888888', '', '', '2', 'fengongsi1');

-- ----------------------------
-- Procedure structure for stopbusdetail
-- ----------------------------
DROP PROCEDURE IF EXISTS `stopbusdetail`;
DELIMITER ;;
CREATE DEFINER=`root`@`%` PROCEDURE `stopbusdetail`(sumdate varchar(20))
begin

-- 
-- 55
-- 

DECLARE t_error INTEGER DEFAULT 0;  
DECLARE begindate VARCHAR(20) DEFAULT '';    -- 
DECLARE enddate VARCHAR(20) DEFAULT '';      -- 
DECLARE CONTINUE HANDLER FOR SQLEXCEPTION SET t_error=1;  

set begindate = CONCAT(sumdate,' 05:00:00');
set enddate = CONCAT(date_format(date_add(str_to_date(sumdate,'%Y-%m-%d'),interval 1 day),'%Y-%m-%d'),' 05:00:00');


START TRANSACTION;  

delete from echarts_stopbusdetail where sumtime=sumdate;
delete from echarts_stopbussum    where createtime=sumdate;


INSERT INTO  
     `echarts_stopbusdetail` (`pkorg`, `orgname`,`buscode`, `busnum`,  `actbusstopid`, actbusstopname,sumtime,stopstate,check_user,check_username,check_time) 
select e.pk_org,e.pk_name,a.buscode,a.buslicence,c.id,c.name, sumdate,'0',u.username,u.nickname,a.intime
             from bus_stop_area_info a 
                 left join bus_stop_area b on a.bus_stop_area_id=b.id
                 left join bus_stop c      on b.bus_stop_id=c.id 
                 left join sys_org  d      on c.org_id=d.id 
								 left join sys_org_pk  e      on a.pk_org=e.pk_org
								 LEFT JOIN sys_user u         on a.in_username=u.username
                 where a.intime>begindate and a.intime<enddate;

-- 
update paiban_linebuspian a,stop_check_list b set a.bpname=b.name2
                          where a.bpname=b.name1 and a.createtime=sumdate;


-- 
update echarts_stopbusdetail a,paiban_linebuspian b set a.planbusstopname = b.bpname where a.buscode=b.busid and a.sumtime=sumdate  and b.createtime=sumdate;
-- 
UPDATE echarts_stopbusdetail a set  stopstate ='1' where a.planbusstopname=a.actbusstopname and a.sumtime=sumdate;
-- 
UPDATE echarts_stopbusdetail a set  stopstate ='2' where a.planbusstopname<>a.actbusstopname or a.planbusstopname is null and a.sumtime=sumdate;
-- 
update echarts_stopbusdetail a set a.stopstate='3' where a.buscode in (select c.BUSCODE from paiban_project c where c.INDATETIME=sumdate) and a.stopstate=2 and a.sumtime=sumdate;
			

-- 
update echarts_stopbusdetail a,paiban_info b set 
																								a.linecode=b.linecode,a.linename=b.linename,
																								a.drivercode=b.drivercode1,
                                                a.drivername=b.drivername1,
                                                a.drivercode2=b.drivercode2,
                                                a.drivername2=b.drivername2
                                             where a.buscode=b.buscode and a.sumtime=b.planday and a.sumtime=sumdate;
			

-- 
insert into echarts_stopbussum(pkorg,orgname,stopid,stopname,stopbus,outbus,mendbus,createtime)
select max(a.pkorg),max(a.orgname),max(a.actbusstopid),a.actbusstopname,count(*) actstopnums,sum(if(a.stopstate in (2,3),1,0)) notplanstopnums,sum(if(a.stopstate=3,1,0)) repairbusnums,sumdate
 from echarts_stopbusdetail a where a.sumtime=sumdate group by a.actbusstopname;

-- 
update echarts_stopbussum a set a.planbus=(select count(*) from paiban_linebuspian b where a.stopname=b.bpname and b.createtime=sumdate) where a.createtime=sumdate;

         IF t_error = 1 THEN  
             ROLLBACK;  
         ELSE  
             COMMIT;  
         END IF; 

end
;;
DELIMITER ;

-- ----------------------------
-- Procedure structure for sysn_paiban_user
-- ----------------------------
DROP PROCEDURE IF EXISTS `sysn_paiban_user`;
DELIMITER ;;
CREATE DEFINER=`root`@`localhost` PROCEDURE `sysn_paiban_user`(depkorg varchar(40))
begin

      update paiban_user_temp a  INNER JOIN paiban_user b on a.psncode=b.psncode set a.icnumber=b.icnumber;

			DELETE from paiban_user where pkorg=depkorg;

			INSERT INTO paiban_user 
			select * from paiban_user_temp;

		  DELETE from  paiban_user_temp;

end
;;
DELIMITER ;

-- ----------------------------
-- Function structure for getplanstopcount
-- ----------------------------
DROP FUNCTION IF EXISTS `getplanstopcount`;
DELIMITER ;;
CREATE DEFINER=`root`@`%` FUNCTION `getplanstopcount`(stopname varchar(50),begindate varchar(20),enddate varchar(20)) RETURNS varchar(50) CHARSET utf8
BEGIN
	#  
	DECLARE retval VARCHAR(20) DEFAULT '';
	select count(*) into retval from paiban_linebuspian a LEFT JOIN stop_check_list b on a.bpname=b.name1 
                         where b.name1 is not null and b.name2=stopname and a.createtime>=begindate
                               and a.createtime<=enddate;
	RETURN retval;
END
;;
DELIMITER ;
